type,quality,alcohol_z,chlorides_z,citric acid_z,density_z,fixed acidity_z,free sulfur dioxide_z,pH_z,residual sugar_z,sulphates_z,total sulfur dioxide_z,volatile acidity_z,Training
"red",6,-1.803605,0.492444,2.859794,2.176861,5.414948,-1.350250,-2.272635,-0.734234,1.691458,-1.750474,-0.196292,0.092412
"red",5,-1.719409,3.015140,0.414711,1.601295,2.133135,-0.176483,-0.461300,-0.779417,0.765336,-0.432238,0.221065,0.096324
"red",6,-1.551016,0.733979,1.161820,1.483408,0.759352,0.102985,0.725436,-0.553499,1.426852,-1.047415,0.459555,0.709422
"red",6,-1.298426,0.224072,-1.554939,0.807291,0.759352,-1.294357,0.600517,-0.621274,0.103820,-1.363791,3.917661,0.724583
"red",5,-1.298426,0.358258,1.773091,2.038170,4.651735,-0.847207,-1.023438,-0.711642,-0.293090,-1.311062,0.519178,0.152653
"red",3,-1.298426,0.465607,2.316442,2.176861,3.354274,-1.126676,0.163298,-0.643866,0.236123,-1.188027,1.413515,0.581449
"red",5,-1.298426,0.519281,-1.622858,1.136681,-0.156502,-1.238463,1.599874,-0.734234,-0.028483,-1.592286,1.652005,0.366101
"red",5,-1.298426,0.519281,1.976847,1.899480,2.438420,-1.070782,-0.398840,-0.553499,1.029942,-1.592286,1.383704,0.680445
"red",6,-1.298426,0.626630,-0.943668,0.928645,0.683031,-0.958995,0.475597,-0.711642,0.368426,-1.398944,1.204837,0.440380
"red",6,-1.298426,0.626630,0.414711,1.136681,0.759352,-1.014888,0.475597,-0.576091,-0.425393,-1.012262,-0.017425,0.297147
"red",6,-1.298426,0.653467,-0.468236,1.344717,0.454067,-0.903101,1.287575,-0.711642,0.765336,-1.346215,1.055780,0.565013
"red",4,-1.298426,0.787653,-1.622858,0.997990,0.148782,-1.350250,0.975276,-0.146845,-0.226938,-1.504403,1.473138,0.130435
"red",6,-1.298426,1.082862,-2.166210,0.772618,-0.003860,-0.903101,0.912816,-0.711642,0.302275,-1.346215,1.711628,0.432546
"red",5,-1.298426,1.109699,2.588118,0.928645,0.683031,-0.288271,-0.898519,-0.643866,-0.028483,0.253245,1.890496,0.001614
"red",5,-1.298426,3.256674,-1.554939,0.581918,0.072461,-1.126676,0.475597,-0.756826,0.236123,-0.449814,4.335018,0.159310
"red",6,-1.298426,4.222813,0.346792,3.178901,2.285777,1.388539,-0.273921,2.338262,1.559155,-0.344355,1.175025,0.515502
"red",5,-1.298426,9.804948,1.297658,1.171354,1.064637,-0.791314,-1.210818,-0.689050,4.205218,-0.924379,0.876913,0.536605
"red",4,-1.256328,0.680304,-0.807830,0.460564,-0.232824,-1.182569,1.037735,-0.711642,-0.689999,-1.609862,0.817290,0.723138
"red",6,-1.214230,-0.178486,0.143035,0.353079,1.293601,-1.462038,-0.648679,-0.824601,-0.359241,-1.838356,2.963701,0.236829
"red",4,-1.214230,0.036212,-1.962453,0.928645,0.530389,-1.462038,0.850356,-0.734234,-1.351515,-1.873509,3.232002,0.661667
"red",5,-1.214230,0.358258,-0.943668,0.859300,-0.080181,-0.958995,1.350035,-0.734234,0.434578,-1.311062,1.830873,0.012287
"red",5,-1.214230,0.411933,-0.671992,0.755281,0.683031,-1.070782,0.850356,-0.643866,0.103820,-1.293485,2.278042,0.121295
"red",5,-1.214230,0.492444,-1.826615,0.997990,0.377746,-0.847207,0.225758,-0.530907,0.500729,-1.539556,2.069363,0.138019
"red",4,-1.214230,0.626630,-0.807830,0.928645,0.835674,-0.176483,-0.398840,-0.802009,3.874460,0.077480,1.681817,0.134226
"red",5,-1.214230,0.787653,1.025982,0.859300,0.148782,-0.511845,0.850356,-0.689050,0.236123,-0.731038,0.936535,0.223334
"red",5,-1.214230,1.002351,1.161820,1.275372,1.446243,0.438347,-0.898519,-0.553499,0.368426,-0.151014,0.757668,0.519223
"red",6,-1.214230,1.056025,-1.283263,1.344717,0.835674,-0.903101,-0.336380,-0.485723,0.566881,-0.906803,1.413515,0.640514
"red",5,-1.214230,1.109699,-0.196560,1.483408,1.217280,-1.406144,0.850356,-0.643866,-0.293090,-1.750474,1.532760,0.505345
"red",5,-1.214230,1.270723,-1.147425,1.157484,0.225104,-0.064696,-0.523760,-0.304988,0.302275,-0.361932,0.399933,0.181824
"red",5,-1.214230,1.485420,1.976847,0.859300,0.911995,-0.958995,-0.398840,-0.689050,0.037668,-0.344355,1.920307,0.212466
"red",5,-1.214230,1.539094,-0.196560,0.997990,0.454067,-1.182569,0.225758,-0.779417,6.785130,-1.504403,1.592383,0.470368
"red",6,-1.214230,9.617088,2.452280,0.706740,0.454067,-0.903101,-0.836059,-0.756826,3.477551,-1.451674,0.817290,0.120611
"red",5,-1.130033,0.224072,-2.166210,0.928645,-0.538109,-1.182569,1.474954,-0.711642,0.765336,-1.697744,1.622194,0.047476
"red",6,-1.130033,0.250909,1.229739,1.899480,3.812202,-1.126676,-0.648679,-0.598682,4.271370,-1.645015,-0.017425,0.475543
"red",6,-1.130033,0.331421,-0.943668,0.755281,-0.003860,-0.958995,0.413137,-0.530907,-0.359241,-1.416521,0.876913,0.008745
"red",5,-1.130033,0.331421,-0.807830,0.443227,-0.767072,-1.517931,1.162655,-0.779417,0.169971,-1.750474,0.638423,0.140341
"red",5,-1.130033,0.358258,-0.468236,0.616591,-0.156502,-1.517931,0.163298,-0.689050,0.633033,-1.627439,0.936535,0.726740
"red",4,-1.130033,0.411933,-2.030372,0.685936,0.301425,-1.182569,-0.336380,-0.847193,3.609854,-1.662592,2.009741,0.505156
"red",5,-1.130033,0.438770,-0.807830,1.102008,-0.461787,-0.064696,0.413137,0.621279,0.037668,-0.625579,2.278042,0.704404
"red",5,-1.130033,0.465607,-1.487020,0.762216,0.072461,-0.567739,0.787896,-0.734234,0.169971,-1.029838,3.381058,0.049672
"red",5,-1.130033,0.465607,0.210954,0.997990,0.454067,-0.511845,0.163298,-0.643866,0.169971,-0.854073,1.234648,0.384365
"red",5,-1.130033,0.465607,0.346792,0.304537,-1.225000,-1.014888,0.600517,-0.824601,0.302275,-0.326779,-0.196292,0.273403
"red",5,-1.130033,0.492444,-2.166210,1.206026,0.072461,-1.517931,1.662334,-0.576091,-0.094635,-1.785627,2.099174,0.053205
"red",7,-1.130033,0.492444,0.822225,1.916816,5.949196,-1.126676,-0.960979,-0.643866,2.022216,-1.592286,-0.792517,0.289634
"red",5,-1.130033,0.519281,-0.468236,0.748347,0.606710,0.214772,-0.211461,-0.372764,-0.756151,-0.520120,2.784833,0.423353
"red",5,-1.130033,0.546119,-1.283263,0.613124,-0.156502,-0.288271,0.725436,-0.779417,0.368426,-1.275909,1.294270,0.558808
"red",5,-1.130033,0.572956,1.161820,1.136681,1.369922,-0.232377,0.038378,-0.598682,0.302275,0.112633,0.578800,0.354092
"red",5,-1.130033,0.626630,-1.962453,0.484835,0.225104,-0.176483,-1.273278,-0.214620,-0.425393,-1.205603,1.413515,0.358680
"red",5,-1.130033,0.680304,-0.671992,0.162379,0.225104,0.717815,-0.773599,-0.734234,-0.756151,-0.959532,1.473138,0.092810
"red",5,-1.130033,0.680304,1.093901,0.928645,0.148782,-0.903101,0.725436,-0.689050,0.103820,-0.836497,0.280688,0.703442
"red",6,-1.130033,0.733979,1.501415,1.448735,3.277953,-1.406144,-1.523117,-0.666458,1.096094,-1.750474,-0.166481,0.583152
"red",6,-1.130033,0.760816,-1.283263,1.344717,0.835674,-1.350250,0.538057,-0.553499,0.368426,-1.592286,1.532760,0.370588
"red",5,-1.130033,0.814490,-0.739911,0.339209,0.301425,-0.511845,-0.648679,-0.621274,-0.623848,-0.818920,2.665588,0.687641
"red",5,-1.130033,0.814490,-0.264479,1.206026,0.377746,-0.400058,1.225115,-0.666458,1.360700,-1.064991,0.996158,0.360425
"red",6,-1.130033,0.841328,-0.400317,1.240699,0.454067,-0.400058,1.162655,-0.689050,1.360700,-1.170450,1.175025,0.113057
"red",6,-1.130033,0.841328,-0.400317,1.240699,0.454067,-0.400058,1.287575,-0.711642,1.360700,-1.082568,0.698045,0.209594
"red",5,-1.130033,0.841328,0.210954,0.547245,-0.156502,-0.791314,0.725436,-0.779417,0.103820,-1.328638,0.459555,0.725699
"red",6,-1.130033,0.868165,0.278873,0.564582,-0.156502,-0.903101,0.725436,-0.779417,0.169971,-1.363791,0.519178,0.443140
"red",6,-1.130033,0.895002,2.520199,1.899480,3.201632,-1.350250,-0.336380,-0.666458,0.566881,-1.645015,0.101820,0.592118
"red",5,-1.130033,0.948676,-0.604073,1.310044,1.369922,-0.120590,-0.773599,-0.508315,0.169971,-0.186167,0.698045,0.691822
"red",5,-1.130033,1.002351,1.161820,1.275372,1.369922,0.606028,-0.898519,-0.485723,0.500729,-0.080708,1.175025,0.074087
"red",6,-1.130033,1.082862,-1.622858,0.477900,-0.156502,-0.455952,0.725436,-0.734234,0.037668,-0.449814,2.069363,0.591363
"red",5,-1.130033,1.297560,1.433496,2.246206,3.354274,0.158878,-0.149001,-0.395356,2.749883,-0.291626,0.459555,0.170431
"red",5,-1.130033,1.351234,-0.400317,0.748347,0.454067,0.047091,0.225758,-0.282396,-0.491544,-0.836497,3.142568,0.148545
"red",5,-1.130033,1.485420,1.908928,0.963318,0.911995,-1.014888,-0.149001,-0.666458,-0.094635,-0.432238,1.830873,0.083889
"red",5,-1.130033,2.907791,-1.351182,0.866234,0.148782,-1.462038,0.225758,-0.711642,2.154519,-1.803203,1.115403,0.187300
"red",5,-1.130033,3.041977,-0.875749,1.414062,1.293601,1.164964,-0.336380,-0.259804,2.617580,0.587198,1.652005,0.178838
"red",6,-1.130033,7.631136,1.297658,0.824627,0.530389,-0.735420,-1.148358,-0.734234,3.609854,-1.029838,-0.136670,0.342907
"red",5,-1.130033,9.590251,1.841009,0.866234,0.988316,-0.791314,-1.210818,-0.824601,5.329795,-1.223179,0.698045,0.123209
"red",5,-1.130033,9.617088,1.297658,0.592320,1.140959,-1.014888,-1.398197,-0.756826,4.205218,-0.854073,2.605966,0.253616
"red",6,-1.101968,0.465607,-0.739911,1.351651,-0.232824,-0.791314,1.912173,-0.214620,1.228397,-0.871650,2.963701,0.115552
"red",6,-1.087935,0.465607,-0.739911,1.351651,-0.232824,-0.791314,1.912173,-0.214620,1.228397,-0.871650,2.963701,0.173202
"red",4,-1.045837,0.009375,0.346792,0.561115,2.285777,-0.903101,0.038378,-0.643866,-0.293090,-1.381368,-0.673272,0.156073
"red",6,-1.045837,0.063049,1.297658,1.691444,3.964844,-1.350250,-1.148358,-0.689050,0.434578,-1.592286,0.340310,0.068700
"red",5,-1.045837,0.143561,-0.943668,0.200519,-0.156502,-1.294357,-0.898519,-0.802009,0.434578,-1.135297,1.652005,0.520024
"red",6,-1.045837,0.170398,1.093901,1.830134,2.362098,-1.350250,-0.648679,-0.576091,0.368426,-1.574709,1.115403,0.704366
"red",5,-1.045837,0.250909,-1.487020,0.703272,0.301425,-0.176483,1.037735,-0.802009,-0.160786,-1.047415,1.920307,0.554280
"red",5,-1.045837,0.358258,-1.690777,0.415489,-0.309145,-0.791314,0.413137,-0.779417,0.434578,-0.941956,1.890496,0.335918
"red",5,-1.045837,0.358258,0.075116,1.136681,1.446243,-1.182569,0.100838,-0.847193,0.434578,-1.486827,1.055780,0.297003
"red",5,-1.045837,0.411933,-1.011587,0.616591,0.759352,-1.070782,-0.149001,-0.621274,-0.557696,-0.731038,1.532760,0.374994
"red",5,-1.045837,0.438770,-2.166210,0.824627,-0.080181,-1.014888,1.599874,-0.643866,-0.226938,-1.627439,2.009741,0.286100
"red",5,-1.045837,0.438770,-0.807830,0.145042,0.225104,0.214772,-0.773599,-0.689050,-0.689999,-1.240756,1.413515,0.409302
"red",5,-1.045837,0.438770,-0.604073,0.772618,0.606710,-0.735420,0.225758,-0.417947,0.236123,0.077480,1.353893,0.173486
"red",5,-1.045837,0.492444,-0.807830,1.448735,0.377746,-1.182569,1.599874,-0.689050,0.566881,-1.328638,1.294270,0.217511
"red",5,-1.045837,0.519281,-2.030372,0.928645,-0.003860,-0.791314,1.350035,-0.576091,-0.094635,-1.275909,2.307853,0.709674
"red",5,-1.045837,0.546119,-0.604073,0.599254,0.530389,-0.679526,0.413137,-0.756826,0.765336,-1.223179,-0.077047,0.310383
"red",5,-1.045837,0.546119,-0.604073,0.616591,0.530389,-0.400058,0.350678,-0.734234,0.897639,-1.152874,0.161443,0.512368
"red",5,-1.045837,0.572956,-1.215344,0.484835,-0.080181,-1.294357,0.288218,-0.779417,0.566881,-1.697744,1.294270,0.710779
"red",5,-1.045837,0.599793,-1.826615,0.980654,0.454067,-1.350250,0.413137,-0.621274,0.633033,-1.697744,1.652005,0.055577
"red",5,-1.045837,0.626630,-1.079506,0.339209,-0.690751,-1.070782,0.725436,-0.824601,0.169971,-1.609862,0.280688,0.710886
"red",5,-1.045837,0.653467,-2.166210,1.032663,0.377746,-1.350250,0.475597,-0.553499,-0.094635,-1.768050,2.933889,0.123174
"red",6,-1.045837,0.680304,-0.604073,1.115877,2.209456,-1.126676,-0.024081,-0.711642,0.765336,-1.697744,0.638423,0.283234
"red",6,-1.045837,0.733979,0.618468,1.344717,2.743704,-1.294357,-0.898519,-0.643866,0.897639,-1.715321,0.340310,0.552887
"red",5,-1.045837,0.841328,-2.166210,1.552753,1.369922,-0.623633,0.787896,-0.598682,0.434578,-1.346215,2.069363,0.390963
"red",5,-1.045837,0.895002,-2.166210,0.997990,0.377746,-1.238463,0.288218,-0.598682,1.294548,-1.680168,1.920307,0.199143
"red",6,-1.045837,0.975514,-2.166210,1.968825,0.759352,-0.623633,1.724793,-0.576091,0.765336,-0.994685,1.473138,0.214024
"red",6,-1.045837,1.082862,-0.400317,1.067336,1.140959,-1.294357,0.288218,-0.576091,0.434578,-1.469250,1.175025,0.605783
"red",5,-1.045837,1.082862,1.093901,1.032663,1.217280,0.494240,-1.148358,-0.666458,3.279096,0.534469,0.161443,0.453611
"red",5,-1.045837,1.378071,-0.536154,0.755281,0.072461,-0.679526,0.225758,-0.711642,0.368426,-0.221320,2.307853,0.682583
"red",5,-1.045837,1.431746,-0.332398,0.734478,0.377746,0.214772,0.100838,-0.282396,-0.557696,-0.449814,2.427098,0.033857
"red",5,-1.045837,1.485420,0.143035,2.901520,2.667383,-0.400058,-0.024081,0.350176,0.963790,-0.274050,3.321436,0.070960
"red",5,-1.045837,1.565932,1.161820,0.789954,0.377746,-0.567739,-0.086541,-0.734234,1.162245,-0.045555,2.069363,0.647697
"red",5,-1.045837,1.753792,1.161820,2.246206,0.988316,0.214772,0.538057,0.237217,4.006763,0.639927,1.860684,0.260813
"red",5,-1.045837,1.753792,1.365577,0.824627,0.683031,0.382453,-0.086541,-0.689050,1.029942,0.675080,2.635777,0.437207
"red",5,-1.045837,4.813231,-0.400317,0.789954,0.301425,-1.126676,-0.711139,-0.779417,1.757609,-0.467391,0.876913,0.397108
"red",5,-1.045837,5.537835,0.346792,0.893972,1.293601,-1.406144,-1.398197,-0.756826,3.676005,-0.924379,1.741439,0.082147
"red",5,-1.045837,5.725696,1.161820,0.928645,1.293601,-0.400058,-0.648679,-0.689050,3.212944,-0.080708,1.592383,0.335909
"red",5,-1.045837,11.012622,2.452280,0.963318,0.454067,-0.679526,-0.898519,-0.756826,5.131340,-0.801344,0.399933,0.034242
"red",5,-0.961641,-0.473695,-1.894534,0.581918,0.377746,-1.462038,1.100195,-0.779417,-0.425393,-1.855933,1.890496,0.329064
"red",5,-0.961641,0.197235,-0.671992,0.616591,1.140959,-1.182569,-0.773599,-0.621274,0.103820,-1.275909,2.516532,0.498043
"red",5,-0.961641,0.224072,-2.166210,0.720609,-0.767072,-1.238463,2.099552,-0.779417,2.022216,-1.697744,1.413515,0.690323
"red",5,-0.961641,0.250909,-1.622858,0.304537,-0.690751,-1.517931,0.725436,-0.756826,0.302275,-1.662592,0.280688,0.609247
"red",6,-0.961641,0.250909,-0.264479,0.963318,0.606710,-0.511845,-0.024081,-0.417947,0.037668,-0.010402,1.413515,0.415994
"red",6,-0.961641,0.277747,-2.030372,0.859300,-0.156502,-1.182569,1.537414,-0.666458,0.897639,-1.609862,1.771251,0.253088
"red",6,-0.961641,0.304584,-1.894534,0.339209,-0.461787,-1.350250,1.037735,-0.666458,0.699184,-1.768050,0.936535,0.079589
"red",6,-0.961641,0.331421,-1.894534,0.373882,-0.461787,-1.238463,1.100195,-0.643866,0.633033,-1.750474,1.055780,0.578981
"red",5,-0.961641,0.331421,-1.758696,0.651263,0.530389,-0.847207,0.475597,-0.779417,-0.491544,-0.977109,1.532760,0.586793
"red",6,-0.961641,0.358258,-2.166210,0.717142,0.454067,-1.294357,0.225758,-0.756826,0.699184,-1.715321,1.234648,0.489512
"red",5,-0.961641,0.358258,-0.536154,0.512573,-0.003860,-1.406144,0.662977,-0.643866,-0.359241,-1.381368,0.876913,0.723276
"red",5,-0.961641,0.358258,-0.400317,1.275372,0.148782,0.326559,0.912816,0.508320,-0.293090,0.112633,1.532760,0.548971
"red",5,-0.961641,0.385095,-2.166210,0.623525,-0.080181,-0.511845,0.413137,-0.609978,-0.557696,-1.188027,2.218419,0.232569
"red",5,-0.961641,0.385095,0.890144,1.587426,2.056813,-0.791314,1.037735,-0.621274,0.566881,-1.311062,1.175025,0.536759
"red",5,-0.961641,0.411933,-1.147425,0.339209,-0.843394,-1.350250,1.225115,-0.734234,0.236123,-1.680168,0.221065,0.213801
"red",6,-0.961641,0.438770,-1.351182,1.656771,-0.232824,0.550134,1.412494,1.276443,-0.094635,-0.555273,1.562572,0.207443
"red",6,-0.961641,0.465607,-0.060722,0.581918,0.072461,-1.182569,1.162655,-0.598682,0.037668,-1.205603,0.280688,0.288907
"red",5,-0.961641,0.465607,0.075116,0.789954,0.454067,-0.344164,0.163298,-0.689050,0.037668,0.095057,1.473138,0.563729
"red",5,-0.961641,0.492444,0.278873,1.067336,0.606710,-1.126676,0.725436,-0.621274,-0.491544,-1.170450,0.519178,0.189703
"red",6,-0.961641,0.519281,-1.487020,0.353079,-0.538109,-0.008803,0.850356,-0.689050,-0.359241,-1.188027,0.340310,0.192062
"red",5,-0.961641,0.519281,-0.807830,0.980654,0.911995,-1.126676,0.538057,-0.598682,0.699184,-1.346215,2.218419,0.138379
"red",5,-0.961641,0.519281,-0.536154,1.067336,0.835674,-0.791314,0.288218,-0.372764,0.500729,-0.045555,1.175025,0.420795
"red",5,-0.961641,0.519281,-0.128641,1.067336,1.064637,-0.008803,0.475597,-0.463131,-0.028483,0.358704,0.757668,0.166836
"red",5,-0.961641,0.546119,-0.536154,0.997990,2.056813,-1.350250,-0.836059,-0.598682,0.236123,-1.434097,1.711628,0.359066
"red",6,-0.961641,0.546119,1.093901,0.789954,1.293601,-0.064696,1.037735,-0.734234,-0.028483,-0.959532,-0.732895,0.675041
"red",5,-0.961641,0.572956,-0.604073,1.067336,0.759352,-0.903101,0.350678,-0.372764,0.566881,-0.186167,1.294270,0.170480
"red",5,-0.961641,0.599793,-0.943668,0.685936,0.225104,-0.344164,0.725436,-0.779417,0.302275,-0.994685,0.340310,0.527817
"red",5,-0.961641,0.626630,-2.166210,0.928645,-0.080181,-0.903101,1.537414,-0.711642,0.103820,-1.398944,2.188608,0.453028
"red",5,-0.961641,0.626630,-2.166210,1.084672,0.072461,-0.679526,1.162655,-0.643866,0.434578,-1.521980,2.337664,0.518938
"red",5,-0.961641,0.626630,-0.128641,0.835029,-0.080181,0.270666,1.350035,-0.779417,-0.226938,-0.783767,0.101820,0.094894
"red",6,-0.961641,0.626630,0.686387,0.997990,0.835674,-1.070782,-0.086541,-0.689050,1.757609,-1.539556,-0.494405,0.308829
"red",6,-0.961641,0.626630,1.297658,1.275372,2.514741,-1.126676,-0.149001,-0.756826,2.352974,-1.592286,-0.375160,0.517169
"red",6,-0.961641,0.680304,-1.351182,0.859300,0.454067,-1.294357,0.912816,-0.689050,-0.226938,-1.521980,1.294270,0.686016
"red",5,-0.961641,0.680304,-0.400317,1.136681,1.675207,-0.400058,0.350678,-0.598682,0.103820,0.499316,2.039552,0.022256
"red",5,-0.961641,0.680304,-0.264479,0.838496,-0.080181,0.047091,1.412494,-0.689050,-0.359241,-0.818920,-0.017425,0.488945
"red",5,-0.961641,0.680304,0.007197,0.720609,0.301425,-1.294357,0.850356,-0.643866,-0.094635,-1.064991,1.652005,0.080586
"red",6,-0.961641,0.680304,0.346792,0.651263,0.454067,-0.344164,0.725436,-0.689050,0.368426,-0.994685,-0.017425,0.454705
"red",5,-0.961641,0.707142,-2.166210,1.095074,-0.080181,-0.679526,1.350035,-0.621274,0.037668,-1.539556,1.950118,0.084308
"red",5,-0.961641,0.707142,-0.196560,0.658198,0.454067,-0.511845,-0.398840,-0.169437,-0.028483,-0.889226,2.844456,0.573088
"red",5,-0.961641,0.707142,0.550549,1.143615,1.064637,-0.791314,0.475597,-0.553499,-0.359241,-0.818920,-0.077047,0.614738
"red",5,-0.961641,0.733979,-2.166210,1.622098,1.140959,-0.958995,0.850356,-0.417947,-0.557696,-1.434097,2.069363,0.082822
"red",5,-0.961641,0.733979,-1.419101,0.789954,0.988316,-1.182569,-0.336380,-0.621274,-0.028483,-0.836497,0.876913,0.099699
"red",5,-0.961641,0.733979,-0.332398,1.136681,1.751528,0.047091,0.100838,-0.621274,-0.028483,0.534469,3.232002,0.570600
"red",5,-0.961641,0.733979,-0.060722,1.344717,1.369922,-0.344164,0.538057,-0.530907,0.500729,0.182939,0.757668,0.254821
"red",5,-0.961641,0.733979,0.007197,1.344717,1.369922,-0.511845,0.600517,-0.508315,0.566881,0.130210,0.817290,0.623010
"red",5,-0.961641,0.760816,1.161820,1.136681,1.598886,0.438347,-0.024081,-0.576091,0.103820,0.481739,0.340310,0.663756
"red",5,-0.961641,0.787653,-0.264479,1.171354,1.827850,-0.008803,0.100838,-0.598682,-0.028483,0.569622,3.202191,0.378173
"red",4,-0.961641,0.814490,-1.894534,0.391218,-0.156502,-1.014888,0.787896,-0.689050,0.434578,-0.836497,3.768605,0.295804
"red",5,-0.961641,0.814490,-1.011587,2.038170,1.904171,-0.567739,-0.523760,-0.485723,0.500729,-1.082568,1.234648,0.691485
"red",5,-0.961641,0.841328,-0.943668,1.604762,0.225104,-0.176483,0.975276,0.440544,1.559155,-0.361932,1.830873,0.379223
"red",5,-0.961641,0.841328,-0.400317,0.838496,1.217280,-0.791314,0.600517,-0.779417,-0.425393,-1.609862,2.039552,0.600465
"red",5,-0.961641,0.841328,0.210954,0.616591,-0.080181,-1.182569,0.350678,-0.689050,0.566881,-0.397085,2.039552,0.396403
"red",5,-0.961641,0.868165,-0.943668,0.991056,1.217280,-1.014888,-0.523760,-0.485723,0.037668,-0.713462,1.473138,0.105418
"red",5,-0.961641,0.921839,-0.604073,1.629033,1.522565,-0.679526,-0.461300,-0.553499,-0.160786,-0.660732,0.698045,0.073213
"red",5,-0.961641,0.948676,0.890144,1.615164,2.133135,-0.567739,-0.461300,-0.576091,-0.689999,-0.467391,0.042198,0.545565
"red",6,-0.961641,0.975514,-2.166210,1.691444,1.446243,-1.070782,0.850356,-0.553499,2.154519,-1.521980,2.635777,0.129714
"red",6,-0.961641,1.056025,-2.166210,1.691444,1.446243,-1.070782,0.787896,-0.553499,1.956064,-1.557133,2.695399,0.599528
"red",5,-0.961641,1.056025,0.414711,0.741412,1.064637,-1.406144,-0.149001,-0.802009,-0.094635,-1.697744,1.055780,0.286348
"red",5,-0.961641,1.082862,-1.351182,0.498704,0.377746,-0.623633,-0.398840,-0.756826,-0.293090,-1.539556,0.280688,0.214246
"red",5,-0.961641,1.082862,-1.283263,1.154017,0.301425,-0.344164,1.037735,-0.576091,0.500729,-0.854073,1.175025,0.376579
"red",5,-0.961641,1.163374,-0.264479,0.720609,0.454067,-0.679526,-0.024081,-0.530907,0.897639,-0.344355,0.578800,0.717286
"red",5,-0.961641,1.190211,-0.400317,0.408555,0.148782,-0.791314,-0.461300,-0.689050,0.236123,-0.748615,1.115403,0.655574
"red",5,-0.961641,1.458583,-1.351182,1.310044,0.225104,1.109071,0.225758,0.011298,1.559155,-0.080708,1.711628,0.210993
"red",5,-0.961641,1.458583,-0.875749,1.476473,2.056813,0.158878,-0.523760,0.169441,0.103820,-0.678309,2.367476,0.725577
"red",5,-0.961641,1.619606,1.569334,0.789954,0.683031,0.102985,-0.336380,-0.734234,0.566881,0.464163,1.950118,0.094117
"red",5,-0.961641,2.397884,-1.894534,1.344717,1.369922,-0.176483,-0.398840,-0.711642,1.096094,-0.432238,1.652005,0.163070
"red",5,-0.961641,2.746768,1.365577,1.830134,2.362098,-0.847207,-0.273921,-0.508315,0.699184,-0.695885,-0.017425,0.581292
"red",6,-0.961641,3.068814,1.161820,1.032663,1.369922,-1.350250,0.288218,-0.711642,0.500729,-1.574709,1.115403,0.218711
"red",6,-0.961641,3.578721,-2.166210,0.776085,-0.156502,-1.014888,0.538057,-0.689050,0.434578,-1.223179,1.353893,0.636713
"red",5,-0.961641,8.382577,1.229739,0.630460,0.988316,-0.847207,-1.335737,-0.711642,3.742157,-1.346215,0.578800,0.377496
"red",5,-0.961641,9.241367,-0.400317,0.824627,0.072461,-0.791314,-0.398840,-0.734234,4.006763,-1.117721,1.950118,0.737997
"red",5,-0.961641,10.932110,2.588118,0.997990,0.454067,-0.455952,-0.586220,-0.711642,4.932885,-0.836497,0.519178,0.676896
"red",4,-0.961641,14.850340,4.625687,1.760789,1.522565,0.102985,-3.022152,-0.372764,9.695799,-0.801344,1.055780,0.431947
"red",5,-0.961641,14.877177,2.995632,0.789954,0.377746,-1.238463,-1.023438,-0.734234,4.800582,-1.223179,0.399933,0.567856
"red",5,-0.877444,-0.312672,-0.739911,-0.385449,-0.996036,1.500326,0.600517,-0.756826,-0.623848,0.358704,-0.911762,0.732337
"red",5,-0.877444,0.009375,-2.166210,-0.014452,-0.919715,-0.847207,0.850356,-0.824601,-0.557696,-1.557133,0.936535,0.535378
"red",6,-0.877444,0.143561,0.414711,0.789954,0.148782,-1.182569,1.162655,-0.756826,-0.028483,-1.486827,-0.315537,0.002711
"red",6,-0.877444,0.250909,-2.030372,0.928645,-0.156502,-1.238463,1.537414,-0.666458,0.897639,-1.574709,1.830873,0.160059
"red",5,-0.877444,0.277747,-2.030372,0.859300,-0.614430,-1.462038,1.474954,-0.734234,0.963790,-1.820780,1.353893,0.670560
"red",5,-0.877444,0.277747,-1.215344,0.824627,1.217280,-1.126676,-0.211461,-0.598682,0.368426,-1.275909,1.592383,0.153519
"red",6,-0.877444,0.304584,-1.622858,0.689403,-0.309145,-0.120590,1.225115,-0.711642,1.889913,-1.346215,1.652005,0.035824
"red",5,-0.877444,0.331421,0.007197,0.623525,0.072461,0.270666,0.662977,-0.643866,-0.160786,-0.186167,2.069363,0.387036
"red",6,-0.877444,0.358258,-0.943668,1.095074,0.072461,-1.014888,1.849713,-0.666458,1.294548,-1.521980,0.996158,0.524466
"red",7,-0.877444,0.438770,-2.030372,0.789954,0.454067,-1.182569,0.850356,-0.689050,0.236123,-1.697744,1.413515,0.130863
"red",5,-0.877444,0.438770,-0.739911,0.651263,0.530389,0.885496,0.288218,-0.711642,0.302275,-0.221320,0.042198,0.393271
"red",6,-0.877444,0.438770,-0.128641,0.807291,-0.003860,0.047091,1.225115,-0.734234,0.368426,-0.783767,0.221065,0.241946
"red",5,-0.877444,0.438770,0.958063,1.934152,2.743704,-1.406144,-1.085898,-0.576091,0.699184,-1.539556,0.936535,0.702872
"red",6,-0.877444,0.465607,-2.098291,0.443227,-0.309145,-1.182569,0.662977,-0.666458,0.169971,-1.574709,0.996158,0.557405
"red",5,-0.877444,0.465607,-0.739911,0.789954,0.759352,-1.406144,-0.149001,-0.756826,-0.094635,-1.785627,2.307853,0.318876
"red",5,-0.877444,0.465607,1.025982,1.171354,1.064637,-1.294357,-0.898519,-0.598682,-0.491544,-1.504403,0.757668,0.568103
"red",5,-0.877444,0.492444,-1.419101,0.321873,-0.309145,-0.791314,0.850356,-0.802009,1.691458,-1.152874,0.936535,0.585389
"red",5,-0.877444,0.492444,-0.196560,0.921710,0.301425,-0.623633,1.100195,-0.666458,0.699184,-0.854073,0.519178,0.642108
"red",6,-0.877444,0.519281,-1.622858,0.755281,0.377746,-0.847207,0.600517,-0.711642,0.037668,-1.539556,1.711628,0.331688
"red",6,-0.877444,0.519281,-0.604073,0.810758,0.530389,-0.400058,-0.086541,-0.621274,0.302275,-0.361932,1.413515,0.723261
"red",6,-0.877444,0.572956,-0.671992,0.626993,-0.767072,-0.511845,1.849713,-0.734234,0.434578,-1.029838,0.519178,0.652142
"red",5,-0.877444,0.572956,-0.536154,1.164419,1.522565,-0.120590,-0.086541,-0.553499,0.236123,0.429010,1.115403,0.550335
"red",6,-0.877444,0.572956,-0.536154,1.310044,0.225104,-1.126676,1.412494,-0.689050,1.625306,-1.521980,1.234648,0.650827
"red",5,-0.877444,0.599793,-0.400317,0.651263,0.530389,0.661921,0.038378,-0.711642,0.037668,0.446586,1.055780,0.660729
"red",6,-0.877444,0.599793,-0.060722,0.748347,-0.232824,-0.511845,1.537414,-0.689050,0.103820,-1.117721,0.399933,0.554656
"red",5,-0.877444,0.599793,0.143035,1.206026,1.980492,0.102985,-0.461300,-0.689050,-0.028483,0.639927,5.348601,0.123615
"red",5,-0.877444,0.626630,-0.739911,0.547245,0.072461,-1.294357,0.662977,-0.689050,-0.425393,-1.398944,0.221065,0.748268
"red",5,-0.877444,0.626630,-0.671992,0.997990,2.133135,-1.182569,-0.586220,-0.711642,0.103820,-1.451674,1.413515,0.561873
"red",6,-0.877444,0.626630,-0.128641,0.824627,0.072461,0.158878,1.162655,-0.756826,0.765336,-0.625579,0.340310,0.416644
"red",5,-0.877444,0.626630,0.210954,1.448735,1.446243,-0.400058,0.975276,-0.598682,0.566881,-0.643156,0.638423,0.174486
"red",5,-0.877444,0.653467,-0.875749,0.581918,0.454067,-0.847207,0.662977,-0.666458,0.037668,-0.168591,1.294270,0.701436
"red",5,-0.877444,0.653467,-0.807830,1.206026,1.522565,-0.847207,0.038378,-0.463131,0.368426,0.007174,1.413515,0.468212
"red",5,-0.877444,0.680304,-0.671992,1.310044,0.835674,-1.126676,0.912816,-0.598682,0.566881,-0.502544,1.294270,0.143289
"red",5,-0.877444,0.680304,0.007197,0.789954,0.530389,-0.735420,-0.149001,-0.711642,0.103820,0.516892,0.876913,0.184083
"red",5,-0.877444,0.680304,0.143035,1.206026,-0.156502,-0.791314,2.037092,-0.530907,0.434578,-0.748615,0.638423,0.046203
"red",5,-0.877444,0.680304,1.365577,1.206026,1.751528,-1.350250,-0.273921,-0.689050,-0.160786,-1.557133,0.161443,0.577584
"red",6,-0.877444,0.707142,-0.400317,0.789954,-0.003860,0.158878,1.100195,-0.734234,0.302275,-0.695885,0.042198,0.240683
"red",5,-0.877444,0.707142,1.161820,1.275372,1.217280,-0.679526,0.475597,-0.508315,0.434578,-0.063132,0.578800,0.130931
"red",5,-0.877444,0.733979,0.075116,0.789954,0.530389,-0.847207,-0.149001,-0.689050,0.103820,0.499316,0.936535,0.189825
"red",6,-0.877444,0.733979,1.569334,1.899480,3.048989,-1.350250,-0.336380,-0.621274,1.162245,-1.785627,1.950118,0.589820
"red",5,-0.877444,0.760816,-1.894534,0.443227,-0.232824,-0.623633,0.787896,-0.802009,1.625306,-1.152874,0.936535,0.361780
"red",7,-0.877444,0.760816,-1.079506,0.789954,0.225104,-1.014888,0.975276,-0.711642,0.566881,-1.398944,1.055780,0.436899
"red",5,-0.877444,0.760816,0.822225,0.887038,1.598886,-1.182569,0.350678,-0.711642,0.103820,-1.627439,0.519178,0.700766
"red",5,-0.877444,0.787653,-2.166210,1.067336,-0.080181,-0.735420,1.474954,-0.259804,0.037668,-1.223179,1.890496,0.395459
"red",5,-0.877444,0.814490,-2.166210,1.147083,-0.080181,-0.735420,1.412494,-0.621274,-0.028483,-1.557133,2.009741,0.325859
"red",5,-0.877444,0.814490,0.143035,1.275372,1.217280,-0.344164,0.225758,-0.530907,0.500729,0.130210,1.055780,0.523301
"red",5,-0.877444,0.841328,-0.604073,0.581918,0.377746,-0.735420,0.600517,-0.666458,-0.359241,-0.326779,1.950118,0.495179
"red",5,-0.877444,0.868165,-1.147425,0.789954,0.835674,-1.126676,0.038378,-0.734234,1.559155,-1.100144,2.218419,0.682380
"red",5,-0.877444,0.895002,-1.487020,1.396726,0.683031,-1.462038,0.850356,-0.395356,-0.293090,-1.785627,2.605966,0.605265
"red",6,-0.877444,0.921839,-1.487020,1.511146,1.522565,-1.014888,0.538057,-0.463131,0.037668,-1.170450,1.950118,0.085212
"red",5,-0.877444,0.948676,0.686387,0.477900,0.377746,-1.238463,0.038378,-0.711642,0.368426,-0.502544,2.576154,0.123911
"red",5,-0.877444,0.975514,-2.166210,0.366948,-0.461787,1.164964,-0.149001,-0.169437,-0.557696,-0.660732,1.711628,0.713683
"red",6,-0.877444,0.975514,-1.419101,1.511146,1.446243,-1.070782,0.538057,-0.508315,0.103820,-1.240756,2.009741,0.641445
"red",6,-0.877444,0.975514,-0.060722,1.258035,1.369922,-0.623633,0.600517,-0.508315,0.633033,-0.291626,0.698045,0.116156
"red",5,-0.877444,0.975514,0.143035,1.830134,1.293601,-0.791314,0.975276,-0.463131,0.500729,-0.045555,1.324082,0.074738
"red",5,-0.877444,1.029188,1.501415,1.934152,2.972668,-0.511845,-0.586220,-0.530907,-0.160786,-0.238897,0.280688,0.322605
"red",5,-0.877444,1.056025,-2.166210,0.405088,0.530389,-1.350250,1.287575,-0.824601,0.302275,-1.785627,1.890496,0.748694
"red",5,-0.877444,1.136537,-1.351182,0.824627,-0.309145,-0.791314,0.350678,-0.282396,0.500729,0.200515,1.711628,0.319744
"red",5,-0.877444,1.163374,1.093901,0.547245,0.454067,-0.903101,-0.211461,-0.756826,0.566881,-0.326779,1.711628,0.671649
"red",5,-0.877444,1.324397,-0.739911,0.720609,0.530389,-1.126676,-0.336380,-0.779417,2.485277,-1.363791,0.519178,0.235728
"red",5,-0.877444,1.351234,-1.147425,0.488302,-0.080181,-0.567739,-0.211461,-0.734234,-0.226938,-0.537697,2.456909,0.726424
"red",5,-0.877444,1.351234,0.822225,1.136681,1.598886,0.214772,-0.523760,-0.666458,4.535976,0.182939,0.280688,0.380117
"red",5,-0.877444,1.485420,-1.487020,0.616591,0.377746,-1.070782,0.225758,-0.666458,-0.226938,-1.627439,3.708982,0.406787
"red",5,-0.877444,1.512257,1.365577,0.824627,1.140959,-1.014888,0.163298,-0.779417,0.302275,-1.363791,-0.315537,0.500982
"red",6,-0.877444,1.539094,-1.351182,0.470966,-0.156502,-0.847207,-0.024081,-0.734234,0.368426,-0.889226,2.397287,0.042612
"red",5,-0.877444,1.565932,-1.554939,0.893972,0.454067,-1.126676,-0.273921,-0.643866,0.566881,-1.275909,0.936535,0.189725
"red",6,-0.877444,2.693094,-0.128641,0.952916,0.530389,-1.573825,0.538057,-0.734234,2.485277,-1.223179,0.340310,0.605542
"red",6,-0.877444,4.195976,0.686387,1.691444,2.362098,-1.350250,-0.211461,-0.598682,0.566881,-1.768050,0.399933,0.146881
"red",6,-0.877444,4.222813,0.822225,1.691444,2.362098,-1.406144,-0.211461,-0.598682,0.633033,-1.803203,0.519178,0.135233
"red",6,-0.877444,4.437511,0.278873,1.206026,0.835674,-1.350250,-0.273921,-0.734234,0.434578,-1.732897,0.876913,0.121922
"red",5,-0.877444,4.786394,0.075116,1.160952,-0.232824,2.003369,-0.024081,0.372768,0.169971,0.007174,1.711628,0.492882
"red",6,-0.877444,7.523787,1.229739,0.651263,1.293601,-0.176483,-1.148358,-0.689050,7.115887,-0.590426,1.473138,0.061484
"red",6,-0.835346,0.948676,-1.487020,1.015327,1.064637,-1.517931,0.538057,-0.779417,0.765336,-1.803203,2.039552,0.281393
"red",6,-0.821313,1.002351,-0.875749,0.904374,0.148782,-0.623633,-0.398840,0.033890,-0.094635,-0.291626,2.635777,0.048531
"red",6,-0.793248,0.197235,-1.622858,0.349611,-0.309145,-0.679526,0.475597,-0.643866,0.765336,-1.346215,0.757668,0.349865
"red",5,-0.793248,0.304584,-2.166210,0.824627,-0.156502,-1.294357,1.599874,-0.576091,0.169971,-1.662592,2.755022,0.251829
"red",4,-0.793248,0.358258,1.161820,1.240699,4.041165,-0.232377,-1.085898,-0.124253,0.236123,-1.152874,0.698045,0.547509
"red",4,-0.793248,0.358258,1.161820,1.587426,2.514741,-0.903101,0.475597,-0.666458,0.169971,-1.188027,1.473138,0.050004
"red",5,-0.793248,0.358258,1.705172,0.893972,2.285777,-1.462038,-1.148358,-0.372764,0.633033,-1.838356,0.459555,0.409591
"red",6,-0.793248,0.385095,-0.943668,1.070803,-0.003860,-1.014888,1.849713,-0.666458,1.228397,-1.469250,0.936535,0.440507
"red",4,-0.793248,0.438770,1.093901,0.928645,0.225104,-0.455952,0.600517,-0.553499,1.096094,-0.537697,0.221065,0.547386
"red",6,-0.793248,0.465607,-1.690777,0.963318,-0.003860,-1.406144,0.600517,-0.824601,1.823761,-1.662592,1.055780,0.155752
"red",5,-0.793248,0.465607,-1.622858,0.266397,-0.309145,0.550134,-0.648679,-0.734234,-0.293090,-0.889226,0.817290,0.729435
"red",5,-0.793248,0.465607,-1.554939,0.283733,-0.309145,-1.462038,0.975276,-0.734234,-0.557696,-1.574709,2.904078,0.709445
"red",4,-0.793248,0.492444,-1.826615,0.568049,1.217280,-1.406144,0.475597,-0.734234,-0.623848,-1.680168,3.649360,0.186449
"red",5,-0.793248,0.519281,-2.098291,0.748347,0.530389,-1.294357,1.037735,-0.711642,0.037668,-1.451674,2.248231,0.102203
"red",6,-0.793248,0.519281,-1.758696,0.928645,-0.003860,-1.182569,0.850356,-0.779417,1.096094,-1.539556,1.353893,0.263179
"red",6,-0.793248,0.519281,0.346792,0.997990,0.835674,-1.238463,0.225758,-0.824601,1.096094,-1.609862,-0.494405,0.240913
"red",5,-0.793248,0.546119,1.841009,1.691444,2.133135,-1.517931,-0.149001,-0.643866,1.625306,-1.750474,-0.136670,0.384319
"red",6,-0.793248,0.572956,-0.671992,0.783020,0.683031,0.158878,0.225758,-0.643866,-0.491544,-0.449814,1.115403,0.446642
"red",6,-0.793248,0.599793,-1.147425,0.928645,0.835674,-0.735420,0.538057,-0.711642,0.037668,-1.275909,1.890496,0.141378
"red",5,-0.793248,0.599793,-0.671992,1.067336,1.446243,-1.014888,-0.273921,-0.643866,-0.160786,-1.170450,2.576154,0.142237
"red",5,-0.793248,0.680304,-1.894534,1.067336,0.911995,-1.126676,-0.024081,-0.689050,-0.623848,-1.627439,1.294270,0.020314
"red",5,-0.793248,0.707142,-1.758696,1.396726,-0.080181,-1.238463,2.786610,-0.689050,1.294548,-1.504403,1.711628,0.070293
"red",5,-0.793248,0.733979,-1.011587,1.268437,1.217280,-0.288271,0.038378,-0.485723,0.037668,0.270821,1.771251,0.315942
"red",4,-0.793248,0.868165,-2.166210,1.136681,0.759352,-0.958995,0.912816,-0.643866,-0.491544,-1.557133,2.605966,0.305621
"red",5,-0.793248,0.868165,1.161820,1.968825,3.888523,-1.406144,-0.211461,-0.643866,-0.623848,-1.768050,0.936535,0.358006
"red",5,-0.793248,0.895002,-1.962453,0.477900,0.301425,-1.294357,-0.149001,-0.689050,0.169971,-1.662592,3.619548,0.359863
"red",5,-0.793248,0.895002,-1.419101,0.685936,0.911995,-0.791314,-0.211461,-0.711642,1.889913,-0.906803,2.397287,0.359617
"red",6,-0.793248,0.921839,-0.536154,1.206026,0.301425,-1.238463,1.537414,-0.598682,0.831487,-1.346215,0.996158,0.679476
"red",5,-0.793248,0.948676,-1.962453,0.720609,0.072461,-1.126676,1.037735,-0.666458,-0.425393,-1.680168,2.933889,0.520593
"red",6,-0.793248,1.002351,-0.875749,0.904374,0.148782,-0.623633,-0.398840,0.033890,-0.094635,-0.291626,2.635777,0.287152
"red",5,-0.793248,1.029188,-2.166210,1.393259,0.683031,-1.406144,0.850356,-0.214620,-0.028483,-1.768050,2.844456,0.611419
"red",5,-0.793248,1.082862,-1.147425,1.816265,1.446243,-1.182569,0.350678,-0.417947,0.037668,-0.977109,1.890496,0.057406
"red",5,-0.793248,1.082862,-0.739911,1.483408,1.522565,-0.064696,0.350678,-0.530907,0.302275,-0.871650,1.711628,0.568797
"red",5,-0.793248,1.163374,-1.690777,0.547245,0.148782,-1.238463,0.475597,-0.734234,0.302275,-1.609862,1.771251,0.511668
"red",5,-0.793248,1.190211,-0.536154,1.483408,1.522565,-0.567739,0.225758,-0.395356,0.897639,-1.188027,1.473138,0.655909
"red",5,-0.793248,1.324397,0.482630,1.414062,2.667383,-1.238463,-2.085255,-0.643866,-0.226938,-1.451674,0.519178,0.449885
"red",5,-0.793248,1.861141,-0.060722,1.018794,1.140959,-0.344164,-0.773599,-0.576091,1.360700,-0.889226,0.698045,0.737523
"red",5,-0.793248,8.865647,2.316442,1.275372,1.751528,-1.014888,-0.336380,-0.621274,0.897639,-1.363791,1.234648,0.694095
"red",6,-0.709051,-0.258997,-0.739911,0.724076,-0.614430,-0.232377,1.537414,-0.643866,1.559155,-1.170450,0.101820,0.161587
"red",3,-0.709051,0.116724,-1.826615,0.876636,0.072461,-0.567739,0.538057,-0.666458,0.103820,-1.152874,3.798416,0.549901
"red",5,-0.709051,0.170398,-1.487020,0.443227,-0.309145,0.214772,1.162655,-0.756826,0.897639,-1.082568,1.473138,0.454521
"red",5,-0.709051,0.197235,-1.622858,0.346144,-0.385466,-0.679526,0.662977,-0.666458,0.699184,-1.416521,0.817290,0.100006
"red",5,-0.709051,0.224072,-2.166210,0.304537,1.140959,-0.344164,0.288218,-0.824601,0.103820,-1.434097,2.963701,0.157949
"red",5,-0.709051,0.385095,-0.739911,0.651263,0.301425,-1.294357,0.350678,-0.643866,0.103820,-1.521980,1.234648,0.035924
"red",5,-0.709051,0.465607,-1.079506,0.533376,-0.156502,-1.238463,0.912816,-0.666458,0.103820,-1.574709,1.860684,0.584116
"red",6,-0.709051,0.492444,-1.487020,0.446695,0.911995,-1.350250,-0.836059,-0.756826,-0.689999,-1.574709,0.280688,0.187769
"red",6,-0.709051,0.492444,-1.283263,0.477900,-0.156502,-0.847207,0.850356,-0.643866,0.368426,-1.398944,1.234648,0.518782
"red",5,-0.709051,0.492444,-0.468236,1.133214,1.369922,-1.182569,0.038378,-0.508315,0.236123,-0.186167,1.413515,0.347182
"red",6,-0.709051,0.546119,-0.943668,0.994523,1.293601,-0.847207,-0.149001,-0.576091,-0.425393,-1.170450,2.397287,0.288668
"red",5,-0.709051,0.572956,-1.962453,1.008392,-0.003860,-0.791314,1.912173,-0.621274,0.236123,-0.502544,1.890496,0.494529
"red",4,-0.709051,0.572956,-1.894534,1.206026,1.446243,-1.462038,0.413137,-0.779417,0.037668,-1.768050,2.516532,0.675878
"red",5,-0.709051,0.572956,-1.758696,1.018794,-0.003860,-0.735420,1.787253,-0.576091,-0.028483,-0.537697,1.652005,0.178245
"red",5,-0.709051,0.599793,1.229739,1.795462,1.827850,-0.120590,1.724793,-0.621274,0.236123,-0.766191,1.532760,0.559853
"red",5,-0.709051,0.626630,-2.166210,0.862767,-0.309145,-0.455952,1.100195,-0.711642,1.360700,-1.328638,1.950118,0.395448
"red",5,-0.709051,0.626630,-2.098291,0.800356,-0.232824,0.550134,1.100195,-0.711642,1.294548,-1.064991,1.413515,0.367775
"red",5,-0.709051,0.626630,-2.030372,0.249061,-0.385466,0.326559,-0.773599,-0.643866,-0.028483,-0.063132,0.817290,0.011149
"red",5,-0.709051,0.626630,0.007197,1.209493,0.606710,-0.232377,-0.024081,-0.576091,3.543702,0.130210,0.459555,0.112854
"red",5,-0.709051,0.680304,-0.060722,1.275372,0.301425,-0.400058,1.849713,-0.621274,0.765336,-0.766191,0.280688,0.551047
"red",6,-0.709051,0.680304,0.754306,0.887038,0.148782,-0.679526,0.662977,-0.553499,0.963790,-0.572850,0.161443,0.465018
"red",6,-0.709051,0.680304,2.044766,1.968825,4.728057,-1.350250,-0.398840,-0.553499,0.897639,-1.645015,-0.434782,0.453288
"red",4,-0.709051,0.733979,-2.166210,0.762216,0.225104,-1.350250,0.725436,-0.711642,-0.293090,-1.803203,2.456909,0.269904
"red",5,-0.709051,0.733979,-1.419101,0.436293,2.133135,-1.238463,-2.147715,-0.824601,-0.425393,-1.592286,2.069363,0.287449
"red",5,-0.709051,0.733979,1.161820,1.448735,1.369922,-0.511845,0.787896,-0.553499,0.236123,-0.695885,0.638423,0.175760
"red",5,-0.709051,0.814490,-0.264479,1.934152,1.675207,-0.679526,0.538057,-0.417947,-0.028483,-0.748615,1.622194,0.298161
"red",5,-0.709051,0.868165,-0.400317,0.637394,0.377746,-0.400058,0.225758,-0.711642,0.368426,0.569622,1.175025,0.077661
"red",6,-0.709051,0.895002,-1.690777,1.171354,0.148782,-1.070782,1.287575,-0.598682,1.493003,-1.363791,1.711628,0.495539
"red",5,-0.709051,0.895002,-0.400317,1.812798,1.598886,-0.288271,0.100838,-0.372764,0.566881,-0.484967,1.592383,0.435821
"red",5,-0.709051,0.921839,0.618468,1.206026,1.598886,-1.350250,0.350678,-0.689050,1.096094,-1.732897,-0.434782,0.513019
"red",5,-0.709051,1.002351,-2.030372,1.656771,-0.003860,-1.406144,2.786610,-0.621274,1.757609,-1.469250,1.830873,0.047567
"red",7,-0.709051,1.002351,0.143035,1.427931,1.980492,-1.126676,0.100838,-0.621274,0.434578,-1.223179,0.936535,0.375220
"red",5,-0.709051,1.029188,-0.604073,1.830134,1.446243,-0.958995,0.350678,-0.440539,0.368426,-1.346215,1.771251,0.067131
"red",5,-0.709051,1.109699,0.550549,2.107516,2.133135,-1.126676,1.599874,-0.485723,2.485277,-1.557133,-0.315537,0.690226
"red",5,-0.709051,1.136537,-2.166210,0.533376,-0.156502,-1.182569,0.725436,-0.711642,0.434578,-1.627439,2.039552,0.121302
"red",5,-0.709051,1.458583,1.705172,0.893972,1.293601,-0.232377,0.225758,-0.689050,-0.028483,-0.520120,-0.196292,0.366963
"red",6,-0.709051,1.539094,-2.166210,0.637394,-0.156502,-1.517931,0.787896,-0.711642,0.434578,-1.838356,2.069363,0.213588
"red",6,-0.709051,1.834304,1.093901,1.206026,2.667383,-0.847207,-1.210818,-0.666458,1.823761,-1.152874,0.340310,0.331882
"red",5,-0.624855,0.036212,0.414711,0.581918,0.759352,-1.126676,0.225758,-0.802009,1.360700,-1.504403,0.280688,0.162289
"red",6,-0.624855,0.089886,-2.098291,0.235191,-0.461787,-0.735420,1.100195,-0.802009,0.302275,-1.557133,0.936535,0.167119
"red",6,-0.624855,0.170398,1.161820,1.067336,2.591062,-0.679526,-0.523760,-0.643866,-0.160786,-1.311062,-0.196292,0.586679
"red",5,-0.624855,0.304584,-1.894534,0.900907,-0.080181,-0.623633,1.350035,-0.666458,0.897639,-1.539556,2.069363,0.080388
"red",6,-0.624855,0.331421,-0.739911,0.020221,0.377746,-1.462038,-0.398840,-0.802009,0.037668,-1.855933,1.353893,0.328584
"red",5,-0.624855,0.358258,-2.030372,0.235191,1.140959,0.326559,-0.149001,-0.869785,0.302275,-1.170450,2.844456,0.296989
"red",5,-0.624855,0.358258,-1.758696,-0.111535,-0.080181,-1.406144,-0.336380,-0.847193,-0.359241,-1.803203,1.652005,0.631274
"red",8,-0.624855,0.411933,2.723956,1.448735,4.117487,-1.350250,-2.147715,-0.643866,1.889913,-1.504403,-0.196292,0.266983
"red",5,-0.624855,0.438770,-0.400317,0.554180,0.225104,-0.344164,0.475597,-0.711642,-0.028483,-0.467391,1.592383,0.113507
"red",5,-0.624855,0.465607,-2.098291,1.025728,0.148782,-0.958995,1.599874,-0.689050,0.765336,-1.346215,1.592383,0.077249
"red",6,-0.624855,0.465607,-1.758696,0.564582,0.377746,-1.182569,0.787896,-0.756826,-0.359241,-1.328638,1.115403,0.559214
"red",6,-0.624855,0.465607,-0.468236,0.997990,-0.614430,-0.511845,2.162012,-0.711642,0.566881,-1.152874,0.161443,0.110525
"red",5,-0.624855,0.465607,-0.196560,0.436293,-0.767072,0.102985,0.662977,-0.666458,0.566881,-0.291626,0.698045,0.293518
"red",6,-0.624855,0.492444,1.637253,1.206026,3.048989,-0.735420,-0.398840,-0.711642,0.302275,-0.959532,-0.375160,0.404376
"red",5,-0.624855,0.519281,-1.962453,1.015327,-0.080181,-0.511845,1.724793,-0.553499,0.434578,-0.397085,1.055780,0.700310
"red",5,-0.624855,0.546119,-2.098291,0.165846,0.454067,-1.517931,-0.398840,-0.779417,-0.491544,-1.680168,1.115403,0.537519
"red",5,-0.624855,0.546119,-2.098291,1.018794,-0.080181,-0.567739,2.037092,-0.576091,0.368426,-0.520120,1.473138,0.221182
"red",5,-0.624855,0.546119,-1.215344,0.616591,0.225104,-0.176483,0.350678,-0.643866,0.368426,-0.959532,1.413515,0.671527
"red",5,-0.624855,0.572956,-2.030372,0.900907,-0.232824,-0.679526,1.100195,-0.711642,1.426852,-1.486827,1.711628,0.171402
"red",5,-0.624855,0.572956,-0.943668,0.644329,0.072461,-0.847207,0.538057,-0.598682,0.037668,-0.959532,1.443327,0.745230
"red",5,-0.624855,0.599793,-1.758696,0.755281,0.301425,-1.406144,1.037735,-0.576091,0.169971,-1.838356,3.321436,0.277040
"red",6,-0.624855,0.599793,0.007197,0.706740,0.606710,-0.791314,0.288218,-0.666458,-0.226938,-0.713462,2.546343,0.749519
"red",6,-0.624855,0.626630,-1.962453,1.015327,-0.003860,-0.735420,1.912173,-0.643866,0.302275,-0.467391,1.711628,0.113676
"red",5,-0.624855,0.626630,-0.739911,0.821160,-0.614430,-1.014888,2.224472,-0.779417,0.831487,-1.451674,1.711628,0.154925
"red",5,-0.624855,0.653467,-0.739911,0.821160,-0.614430,-0.903101,2.286932,-0.734234,0.831487,-1.469250,1.771251,0.482203
"red",5,-0.624855,0.653467,0.414711,0.949448,1.980492,0.214772,-0.461300,-0.576091,0.302275,-0.854073,0.638423,0.641286
"red",7,-0.624855,0.680304,1.501415,1.795462,4.041165,-1.014888,-0.711139,-0.621274,5.462098,-1.504403,-0.375160,0.060161
"red",6,-0.624855,0.707142,-0.400317,0.568049,0.148782,-0.735420,0.413137,-0.666458,0.169971,-0.414661,1.532760,0.266810
"red",5,-0.624855,0.733979,-2.166210,0.706740,0.683031,-1.126676,0.163298,-0.643866,-0.226938,-1.469250,3.142568,0.196003
"red",5,-0.624855,0.733979,-1.554939,0.651263,0.911995,-1.070782,-0.461300,-0.643866,0.831487,-0.115861,1.652005,0.663300
"red",5,-0.624855,0.760816,-1.487020,0.651263,0.911995,-0.903101,-0.461300,-0.643866,0.831487,-0.063132,1.532760,0.089597
"red",5,-0.624855,0.814490,-0.536154,1.830134,1.522565,-1.014888,1.599874,-0.553499,0.037668,-0.379508,3.440681,0.009908
"red",6,-0.624855,0.841328,2.316442,2.246206,4.117487,-1.126676,-0.336380,-0.553499,0.963790,-1.293485,0.221065,0.721771
"red",5,-0.624855,0.868165,-1.215344,1.344717,1.369922,-1.182569,1.037735,-0.553499,0.633033,-1.609862,2.844456,0.356132
"red",4,-0.624855,1.056025,-2.166210,1.986161,0.683031,-0.232377,2.349392,-0.395356,1.228397,-0.941956,3.142568,0.130830
"red",5,-0.624855,1.136537,1.161820,1.171354,0.759352,0.941390,0.975276,-0.621274,3.014489,0.323551,0.280688,0.540421
"red",6,-0.624855,1.217048,-1.487020,0.391218,0.377746,-0.120590,-0.898519,-0.734234,-0.293090,-0.098285,1.413515,0.519764
"red",5,-0.624855,1.431746,-0.196560,0.928645,1.064637,-0.623633,-1.835416,-0.689050,9.563496,0.323551,0.876913,0.396507
"red",5,-0.624855,1.539094,-1.215344,0.970252,-0.538109,-1.182569,2.724150,-0.598682,0.765336,-1.363791,0.698045,0.032281
"red",5,-0.624855,1.646443,-0.468236,0.568049,0.835674,-1.182569,-0.461300,-0.643866,-0.028483,-1.346215,1.532760,0.260772
"red",5,-0.624855,1.780629,-2.166210,0.606189,-0.080181,-1.350250,1.412494,-0.734234,0.302275,-1.768050,2.248231,0.373380
"red",4,-0.624855,3.095651,-1.554939,-0.180881,-1.148679,-1.294357,1.724793,-0.802009,-0.359241,-1.680168,4.692753,0.192102
"red",6,-0.624855,3.256674,-1.351182,0.512573,0.454067,-1.350250,0.350678,-0.734234,2.220670,-1.645015,0.936535,0.625187
"red",3,-0.624855,5.645184,-2.166210,0.065295,-0.309145,-0.791314,0.600517,-0.869785,-0.160786,-1.504403,2.814644,0.078322
"red",6,-0.540658,0.036212,-1.283263,0.418957,-0.003860,-0.679526,-0.086541,-0.689050,0.963790,-1.627439,1.115403,0.633961
"red",5,-0.540658,0.224072,0.007197,0.907841,-0.003860,0.214772,1.474954,-0.734234,1.625306,-0.959532,0.280688,0.345563
"red",5,-0.540658,0.250909,-2.166210,1.067336,-0.309145,0.214772,2.474311,-0.734234,0.963790,-1.100144,2.546343,0.282879
"red",5,-0.540658,0.250909,-1.894534,0.637394,-0.461787,-1.014888,1.912173,-0.643866,0.169971,-1.662592,3.202191,0.663182
"red",5,-0.540658,0.277747,-2.166210,1.171354,-0.156502,0.550134,2.349392,-0.711642,1.823761,-0.906803,2.039552,0.580337
"red",6,-0.540658,0.331421,-0.060722,0.443227,0.301425,-0.958995,0.225758,-0.666458,0.037668,-0.713462,0.519178,0.144455
"red",5,-0.540658,0.438770,-1.147425,1.552753,0.911995,-1.070782,0.912816,0.214625,-0.293090,-1.064991,4.126340,0.464203
"red",6,-0.540658,0.465607,-2.166210,0.928645,-0.080181,-0.791314,1.537414,-0.734234,1.096094,-1.416521,1.532760,0.594816
"red",7,-0.540658,0.465607,1.161820,1.067336,3.659559,-1.126676,-1.523117,-0.711642,0.831487,-1.645015,-0.375160,0.059628
"red",6,-0.540658,0.465607,1.705172,1.240699,3.354274,-1.517931,-0.523760,-0.734234,1.096094,-1.873509,-0.673272,0.197944
"red",6,-0.540658,0.519281,1.569334,1.760789,2.438420,-0.455952,-0.461300,-0.417947,2.352974,-1.064991,0.399933,0.338839
"red",5,-0.540658,0.546119,-0.739911,0.373882,0.377746,0.102985,0.288218,-0.643866,-0.557696,0.323551,1.771251,0.312296
"red",5,-0.540658,0.572956,-0.943668,0.429358,1.522565,-1.126676,-0.461300,-0.779417,-0.293090,-1.645015,1.294270,0.415913
"red",5,-0.540658,0.626630,-0.400317,0.457097,0.072461,-0.735420,0.350678,-0.689050,-0.094635,-0.186167,1.473138,0.243042
"red",5,-0.540658,0.626630,-0.400317,0.588853,0.454067,0.047091,-0.086541,-0.689050,-0.094635,0.288398,1.532760,0.633895
"red",5,-0.540658,0.707142,-0.400317,0.464031,-0.003860,-0.958995,0.225758,-0.689050,-0.094635,-0.256473,1.294270,0.234467
"red",6,-0.540658,0.733979,-0.671992,0.796889,0.911995,-1.462038,0.225758,-0.530907,0.236123,-1.697744,1.055780,0.155821
"red",5,-0.540658,0.868165,-2.166210,-0.076863,-1.225000,-0.791314,2.224472,-0.779417,-0.094635,-0.977109,1.622194,0.478131
"red",7,-0.540658,1.029188,1.501415,0.980654,3.354274,-0.455952,-1.273278,-0.802009,1.493003,-1.293485,0.399933,0.358053
"red",5,-0.540658,1.297560,-0.536154,1.830134,2.438420,-0.064696,0.100838,-0.508315,0.897639,-1.082568,1.771251,0.102935
"red",6,-0.540658,1.351234,-0.671992,2.038170,2.667383,-0.735420,0.350678,-0.530907,2.948338,-1.416521,1.950118,0.365629
"red",6,-0.540658,1.431746,-0.264479,0.928645,1.064637,-0.567739,-1.835416,-0.711642,9.365041,0.376280,0.876913,0.507726
"red",3,-0.540658,2.371047,0.686387,1.316979,2.438420,0.214772,0.975276,-0.802009,2.154519,-1.170450,0.578800,0.362120
"red",4,-0.540658,2.424722,0.822225,1.330848,3.354274,0.326559,0.975276,-0.779417,2.154519,-1.117721,0.757668,0.069008
"red",3,-0.498560,0.572956,-2.030372,0.512573,-0.385466,-1.350250,2.037092,-0.734234,0.633033,-1.803203,2.486721,0.618174
"red",6,-0.456462,-0.097974,0.278873,1.275372,2.285777,-1.406144,-0.336380,-0.734234,-0.756151,-1.768050,1.801062,0.515335
"red",5,-0.456462,-0.071137,0.482630,1.067336,2.285777,-1.350250,-0.336380,-0.711642,-0.425393,-1.715321,1.950118,0.555338
"red",7,-0.456462,0.143561,0.007197,0.956383,0.072461,0.047091,0.475597,-0.666458,0.765336,-1.064991,0.817290,0.030398
"red",6,-0.456462,0.143561,1.025982,1.310044,1.904171,-0.958995,0.288218,-0.779417,0.831487,-1.434097,-0.196292,0.116152
"red",6,-0.456462,0.170398,0.822225,1.379390,2.743704,-0.791314,-0.024081,-0.779417,1.625306,-1.363791,-0.136670,0.045644
"red",7,-0.456462,0.250909,-1.554939,0.023688,-0.614430,-0.847207,1.225115,-0.824601,1.096094,-1.521980,-0.196292,0.711553
"red",4,-0.456462,0.277747,-0.536154,0.429358,0.072461,-0.120590,1.287575,-0.689050,0.037668,-1.170450,0.042198,0.273405
"red",5,-0.456462,0.304584,-1.554939,0.980654,1.064637,-1.238463,0.038378,-0.395356,-0.623848,-1.715321,1.234648,0.701427
"red",5,-0.456462,0.331421,-0.196560,0.699805,1.369922,0.102985,0.725436,-0.689050,0.236123,-0.731038,1.532760,0.519307
"red",6,-0.456462,0.358258,-2.166210,0.488302,0.835674,-1.350250,0.163298,-0.824601,0.699184,-1.768050,1.115403,0.391607
"red",5,-0.456462,0.358258,-1.962453,0.425891,0.606710,-1.126676,0.725436,-0.756826,0.236123,-1.398944,1.055780,0.178191
"red",5,-0.456462,0.411933,2.316442,1.622098,3.583238,-1.350250,-1.085898,-0.576091,0.169971,-1.363791,1.413515,0.497602
"red",6,-0.456462,0.492444,-0.875749,0.242126,-0.919715,-0.455952,1.037735,-0.689050,1.625306,-1.188027,0.459555,0.210363
"red",6,-0.456462,0.519281,-1.894534,0.651263,0.454067,-0.735420,0.662977,-0.756826,0.169971,-1.469250,1.115403,0.166486
"red",6,-0.456462,0.546119,-2.166210,0.685936,0.225104,-0.679526,0.600517,-0.598682,0.434578,-1.504403,1.771251,0.439533
"red",6,-0.456462,0.546119,-0.264479,1.136681,0.835674,-1.070782,1.037735,-0.711642,0.500729,-1.311062,1.175025,0.585419
"red",5,-0.456462,0.572956,-0.536154,0.831561,1.369922,-1.126676,0.413137,-0.756826,0.897639,-1.645015,2.635777,0.673832
"red",6,-0.456462,0.572956,1.161820,1.622098,2.591062,-0.567739,-0.211461,-0.417947,1.096094,-0.643156,-0.017425,0.162407
"red",5,-0.456462,0.599793,-1.419101,0.789954,0.301425,-1.014888,-0.086541,-0.553499,0.236123,-1.152874,0.698045,0.517045
"red",5,-0.456462,0.599793,-0.400317,0.900907,1.751528,-0.958995,0.163298,-0.711642,0.566881,-1.521980,3.082946,0.331011
"red",5,-0.456462,0.653467,-1.826615,1.254568,1.369922,-0.232377,0.850356,-0.598682,-0.028483,-0.326779,2.844456,0.231344
"red",5,-0.456462,0.653467,-1.487020,1.310044,0.835674,0.829602,1.599874,-0.553499,-0.028483,-0.484967,2.605966,0.671247
"red",5,-0.456462,0.707142,-0.536154,0.477900,-0.232824,-0.008803,0.225758,-0.576091,0.302275,-1.223179,0.340310,0.254572
"red",6,-0.456462,0.707142,-0.536154,0.807291,0.606710,-1.126676,0.787896,-0.508315,0.169971,-0.924379,2.278042,0.190376
"red",7,-0.456462,0.707142,2.316442,2.662278,4.270129,-1.294357,-0.960979,0.169441,1.294548,-1.275909,1.622194,0.537194
"red",6,-0.456462,0.733979,-1.962453,0.789954,-0.309145,-0.679526,1.350035,-0.756826,0.633033,-1.398944,1.294270,0.363440
"red",5,-0.456462,0.733979,-1.622858,0.789954,0.301425,-0.847207,-0.086541,-0.530907,0.368426,-1.170450,0.459555,0.686119
"red",5,-0.456462,0.787653,-1.690777,0.172781,0.148782,-0.847207,-0.648679,-0.756826,-0.359241,-1.170450,2.367476,0.511513
"red",5,-0.456462,0.787653,-0.807830,0.027155,0.759352,-1.294357,-0.711139,-0.824601,-0.491544,-1.469250,3.232002,0.462862
"red",5,-0.456462,0.814490,-2.030372,-0.042190,-1.072357,-0.511845,1.974633,-0.734234,-0.094635,-0.361932,2.009741,0.600215
"red",4,-0.456462,0.841328,-0.332398,0.581918,0.759352,-1.294357,0.225758,-0.666458,-0.425393,-1.609862,3.410870,0.117321
"red",6,-0.456462,0.841328,1.161820,1.275372,1.980492,-0.847207,1.225115,-0.530907,2.419125,-1.434097,-0.554027,0.533059
"red",6,-0.456462,0.868165,-0.060722,1.171354,1.827850,-0.847207,-0.711139,-0.508315,2.551428,-1.205603,1.294270,0.260733
"red",6,-0.456462,0.948676,-2.166210,0.633927,0.225104,-0.455952,0.975276,-0.779417,0.302275,-1.469250,2.188608,0.375859
"red",6,-0.456462,0.948676,-0.536154,1.206026,1.675207,-0.903101,-0.211461,-0.508315,1.294548,-1.223179,0.519178,0.108449
"red",6,-0.456462,0.948676,-0.536154,1.206026,1.751528,-0.903101,-0.648679,-0.530907,1.360700,-1.240756,0.698045,0.215807
"red",7,-0.456462,0.948676,0.550549,1.323913,2.209456,-0.958995,-0.024081,-0.553499,0.699184,-1.100144,0.519178,0.474464
"red",5,-0.456462,0.975514,-1.622858,0.373882,-0.156502,-1.126676,1.100195,-0.689050,-0.425393,-1.680168,2.605966,0.575099
"red",5,-0.456462,1.029188,0.075116,1.344717,2.133135,-0.120590,-0.024081,-0.530907,0.963790,-0.449814,0.519178,0.010851
"red",5,-0.456462,1.217048,-2.166210,0.464031,-0.003860,-1.294357,1.287575,-0.463131,-0.491544,-1.732897,3.917661,0.447578
"red",5,-0.456462,1.217048,-1.147425,0.526442,0.377746,-1.070782,0.038378,-0.666458,-0.359241,-1.451674,3.947472,0.257047
"red",6,-0.456462,1.217048,-0.536154,1.899480,2.133135,-0.958995,0.350678,-0.530907,0.169971,-1.451674,0.817290,0.431417
"red",5,-0.456462,2.129513,1.569334,1.039597,2.056813,-0.344164,0.787896,-0.756826,2.683732,-1.100144,2.248231,0.711595
"red",5,-0.456462,2.934628,-2.166210,0.540311,-0.003860,-1.462038,1.037735,-0.689050,-0.094635,-1.820780,2.933889,0.517753
"red",6,-0.428397,0.921839,0.550549,0.873169,3.354274,-1.350250,-0.960979,-0.824601,0.765336,-1.521980,0.787479,0.557829
"red",6,-0.372265,0.063049,0.075116,0.273331,-0.538109,-0.791314,0.850356,-0.734234,0.699184,-1.521980,1.711628,0.039737
"red",6,-0.372265,0.063049,0.958063,0.720609,1.140959,-1.070782,0.850356,-0.824601,1.493003,-1.574709,-0.196292,0.106000
"red",5,-0.372265,0.089886,-0.400317,0.477900,0.759352,-0.120590,0.475597,-0.643866,-0.689999,-0.871650,1.353893,0.213552
"red",5,-0.372265,0.250909,-0.604073,0.470966,0.072461,0.270666,1.287575,-0.621274,0.566881,-0.783767,-0.136670,0.739799
"red",6,-0.372265,0.277747,1.908928,1.240699,3.277953,-1.014888,-0.711139,-0.689050,2.882186,-1.539556,-0.255915,0.216959
"red",6,-0.372265,0.304584,1.093901,0.963318,2.972668,-1.294357,-0.024081,-0.802009,0.699184,-1.750474,-0.971385,0.676553
"red",7,-0.372265,0.331421,-1.079506,0.339209,-0.843394,-1.070782,1.225115,-0.734234,1.360700,-1.574709,0.340310,0.034513
"red",5,-0.372265,0.385095,-0.536154,0.429358,-0.003860,-0.008803,1.350035,-0.689050,0.302275,-1.100144,-0.017425,0.235619
"red",5,-0.372265,0.385095,1.773091,1.674107,2.820026,-0.735420,-0.024081,-0.237212,1.625306,-0.871650,0.161443,0.723329
"red",6,-0.372265,0.492444,-0.739911,0.464031,-0.003860,0.606028,0.912816,-0.576091,0.037668,-0.818920,-0.017425,0.723904
"red",5,-0.372265,0.519281,-1.147425,0.547245,-0.232824,-0.623633,1.162655,-0.643866,0.368426,-1.311062,1.234648,0.000479
"red",6,-0.372265,0.519281,0.754306,1.344717,2.591062,-0.232377,-0.898519,-0.485723,0.236123,-0.467391,4.036906,0.297332
"red",6,-0.372265,0.599793,-1.758696,0.848898,0.377746,-0.623633,1.037735,-0.689050,0.566881,-1.293485,1.532760,0.107360
"red",6,-0.372265,0.599793,-0.536154,1.587426,2.133135,-0.623633,-0.273921,-0.643866,0.169971,-0.994685,1.294270,0.734727
"red",4,-0.372265,0.626630,-1.962453,0.158912,-1.225000,-1.350250,2.724150,-0.802009,0.566881,-1.785627,1.652005,0.239305
"red",5,-0.372265,0.626630,0.754306,1.379390,2.591062,-0.511845,-1.023438,-0.508315,0.236123,-0.537697,4.066717,0.354863
"red",5,-0.372265,0.733979,-0.468236,0.041024,-0.843394,-1.462038,0.850356,-0.734234,-0.623848,-1.521980,-0.017425,0.725901
"red",6,-0.372265,0.733979,-0.060722,1.289241,-0.309145,-0.232377,0.975276,0.847198,0.699184,-1.223179,0.399933,0.698489
"red",6,-0.372265,0.787653,-0.739911,0.360013,-0.156502,-0.344164,1.100195,-0.598682,-0.028483,-0.801344,0.101820,0.584148
"red",6,-0.372265,0.787653,-0.739911,0.366948,-0.156502,-0.567739,1.100195,-0.621274,0.037668,-0.871650,0.101820,0.420784
"red",5,-0.372265,0.975514,-1.215344,0.942514,0.835674,-0.958995,0.850356,-0.576091,0.037668,-1.064991,3.023323,0.607774
"red",5,-0.372265,1.002351,0.143035,1.192157,1.904171,-1.014888,0.225758,-0.553499,0.831487,-0.467391,1.890496,0.527762
"red",6,-0.372265,1.056025,1.161820,0.907841,0.530389,-0.511845,0.538057,-0.643866,0.897639,-0.977109,-0.315537,0.130458
"red",6,-0.372265,1.109699,-0.468236,0.651263,-0.232824,-1.406144,1.162655,-0.598682,0.434578,-1.732897,0.101820,0.341690
"red",5,-0.372265,1.217048,-0.604073,1.760789,1.827850,0.382453,0.475597,-0.372764,0.765336,-0.397085,1.294270,0.451060
"red",5,-0.372265,1.270723,-0.468236,0.616591,2.056813,-1.014888,-1.148358,-0.689050,2.419125,-0.449814,1.353893,0.206753
"red",5,-0.372265,1.351234,-1.826615,0.928645,0.072461,-1.350250,1.100195,-0.327580,0.633033,-1.662592,1.950118,0.030339
"red",7,-0.372265,1.565932,-1.487020,1.344717,0.454067,-1.406144,0.912816,0.214625,1.029942,-1.820780,1.771251,0.313021
"red",6,-0.288069,0.063049,-1.622858,0.110370,-1.377642,-0.567739,1.724793,-0.711642,0.699184,-1.469250,1.413515,0.157169
"red",6,-0.288069,0.063049,2.180604,1.206026,3.354274,-1.406144,-0.086541,-0.666458,0.897639,-1.750474,0.578800,0.697891
"red",6,-0.288069,0.170398,-1.622858,0.540311,-0.080181,0.661921,1.225115,-0.666458,0.434578,-1.100144,2.069363,0.283539
"red",5,-0.288069,0.197235,0.482630,1.344717,1.598886,-1.014888,0.225758,-0.643866,0.765336,-1.469250,0.399933,0.230078
"red",5,-0.288069,0.385095,2.112685,1.483408,4.041165,-1.350250,-1.460657,-0.689050,2.220670,-1.750474,0.698045,0.637829
"red",5,-0.288069,0.411933,-2.030372,0.425891,-0.156502,-0.735420,0.850356,-0.689050,0.500729,-1.557133,1.353893,0.062282
"red",6,-0.288069,0.438770,0.550549,1.344717,1.598886,-1.126676,0.725436,-0.553499,1.426852,-1.557133,0.280688,0.580701
"red",5,-0.288069,0.572956,-0.468236,0.554180,0.606710,-0.623633,0.475597,-0.689050,-0.359241,-0.977109,1.055780,0.400947
"red",5,-0.288069,0.599793,-1.554939,0.751814,-0.385466,-1.294357,1.474954,-0.485723,0.500729,-1.627439,1.294270,0.299474
"red",6,-0.288069,0.599793,1.161820,1.656771,3.888523,-0.120590,-0.149001,-0.440539,1.757609,-1.205603,-0.434782,0.657505
"red",7,-0.288069,0.707142,-1.351182,0.720609,-0.156502,-0.958995,1.849713,-0.643866,0.566881,-1.521980,1.532760,0.744592
"red",6,-0.288069,0.707142,-0.943668,0.616591,0.377746,-1.350250,0.413137,-0.598682,0.434578,-1.662592,1.592383,0.064562
"red",5,-0.288069,0.814490,-0.536154,1.483408,1.827850,-1.406144,-0.523760,-0.643866,0.434578,-1.521980,2.009741,0.671318
"red",5,-0.288069,0.841328,-2.166210,1.053466,0.148782,-0.791314,2.224472,-0.643866,0.897639,-1.451674,3.708982,0.078026
"red",5,-0.288069,0.948676,1.365577,1.899480,3.735880,-0.847207,-1.210818,-0.689050,0.831487,-1.064991,0.340310,0.728661
"red",6,-0.288069,1.002351,-0.604073,0.581918,0.606710,-0.791314,-0.086541,-0.643866,-0.293090,-1.504403,0.638423,0.389023
"red",6,-0.288069,1.056025,-0.264479,0.977187,1.140959,-0.735420,0.225758,-0.530907,0.633033,-0.801344,1.711628,0.035151
"red",6,-0.288069,1.163374,-0.671992,0.755281,1.064637,-1.294357,-0.149001,-0.689050,0.169971,-1.539556,1.115403,0.731520
"red",5,-0.288069,1.324397,-1.622858,0.737945,-0.461787,-0.903101,1.350035,-0.553499,0.302275,-1.539556,2.128986,0.737541
"red",5,-0.288069,1.807466,-2.166210,1.795462,-0.309145,-0.511845,1.474954,0.124258,1.228397,-0.994685,2.069363,0.102382
"red",6,-0.288069,2.451559,-0.943668,0.824627,1.522565,-1.126676,-2.210175,-0.643866,5.462098,-0.203744,2.456909,0.162228
"red",5,-0.203872,-0.124811,-2.166210,0.512573,-0.156502,-1.517931,1.162655,-0.756826,-0.425393,-1.873509,1.473138,0.273050
"red",7,-0.203872,-0.017462,1.025982,0.841963,1.827850,-1.182569,-0.024081,-0.824601,1.889913,-1.592286,-0.136670,0.009538
"red",6,-0.203872,0.277747,-0.468236,0.932112,-0.996036,2.338731,0.662977,1.886424,0.037668,0.798116,-0.315537,0.666479
"red",6,-0.203872,0.277747,0.210954,0.859300,1.293601,-0.288271,-0.273921,-0.711642,5.462098,-1.012262,-0.315537,0.044452
"red",5,-0.203872,0.331421,-0.671992,0.789954,0.683031,-1.182569,0.475597,-0.643866,4.403673,-1.609862,1.890496,0.693631
"red",6,-0.203872,0.331421,1.093901,0.477900,-0.690751,-0.679526,1.350035,-0.734234,1.625306,-0.941956,-0.255915,0.322911
"red",6,-0.203872,0.358258,-0.060722,0.835029,0.301425,-1.462038,-0.024081,-0.508315,0.103820,-1.750474,0.817290,0.096436
"red",6,-0.203872,0.546119,1.025982,0.443227,0.072461,-1.406144,0.662977,-0.666458,-0.028483,-1.820780,-0.077047,0.096065
"red",6,-0.203872,0.572956,-0.536154,1.552753,1.446243,-1.629719,1.162655,-0.666458,2.220670,-1.521980,-0.732895,0.254925
"red",5,-0.203872,0.626630,0.007197,0.997990,0.454067,-0.064696,0.538057,-0.508315,0.699184,-0.994685,0.519178,0.205756
"red",6,-0.203872,0.626630,1.161820,1.622098,4.117487,-1.238463,-0.960979,-0.576091,1.889913,-1.662592,0.280688,0.169229
"red",5,-0.203872,0.653467,-0.196560,0.522975,0.759352,-0.176483,0.163298,-0.779417,0.037668,-1.223179,0.519178,0.119386
"red",5,-0.203872,0.707142,-0.060722,0.921710,-0.461787,-1.294357,0.787896,0.237217,0.963790,-1.152874,1.771251,0.634996
"red",5,-0.203872,0.787653,-1.962453,0.824627,0.301425,-0.903101,0.912816,-0.711642,-0.491544,-1.012262,1.801062,0.506779
"red",6,-0.203872,0.948676,-1.351182,0.755281,0.225104,-0.064696,0.912816,-0.463131,1.096094,-1.082568,0.340310,0.509152
"red",4,-0.203872,1.539094,1.501415,0.925178,-0.003860,-1.517931,0.662977,-0.666458,0.236123,-1.855933,1.413515,0.071665
"red",5,-0.203872,1.565932,-2.166210,0.613124,-0.461787,-0.511845,1.412494,-0.463131,0.633033,-1.469250,1.890496,0.367313
"red",6,-0.203872,4.947417,-1.011587,0.547245,-0.232824,-1.350250,1.100195,-0.598682,0.368426,-1.697744,1.741439,0.589872
"red",6,-0.203872,5.001092,-0.943668,0.554180,-0.232824,-1.406144,1.100195,-0.598682,0.434578,-1.170450,2.516532,0.166846
"red",6,-0.119676,-0.071137,-1.554939,0.942514,-0.614430,0.214772,1.162655,-0.621274,0.963790,-0.889226,0.459555,0.227257
"red",6,-0.119676,0.116724,-1.894534,0.470966,-0.614430,-1.070782,1.912173,-0.643866,0.765336,-1.715321,2.665588,0.513877
"red",6,-0.119676,0.197235,0.686387,1.060401,2.972668,-0.903101,0.163298,-0.643866,0.236123,-1.680168,0.578800,0.041948
"red",4,-0.119676,0.385095,1.229739,1.174821,3.659559,-1.350250,-0.960979,-0.824601,0.434578,-1.557133,1.711628,0.207475
"red",6,-0.119676,0.492444,-1.962453,0.321873,-0.309145,-0.903101,0.850356,-0.621274,0.302275,-1.469250,1.771251,0.630144
"red",6,-0.119676,0.492444,-0.128641,0.477900,0.454067,-1.238463,0.538057,-0.711642,0.169971,-1.627439,0.936535,0.100495
"red",5,-0.119676,0.492444,1.161820,1.136681,2.285777,-1.126676,-0.523760,-0.598682,0.500729,-1.521980,-0.613650,0.557826
"red",5,-0.119676,0.519281,-0.468236,0.269864,-0.309145,-0.064696,0.725436,-0.689050,0.434578,-0.941956,0.817290,0.126088
"red",6,-0.119676,0.519281,0.754306,0.762216,0.759352,0.047091,1.912173,-0.576091,1.823761,-1.117721,-0.852140,0.712206
"red",5,-0.119676,0.546119,-1.011587,1.067336,1.369922,-1.406144,0.413137,-0.463131,0.103820,-1.785627,1.890496,0.046432
"red",6,-0.119676,0.572956,-2.030372,0.158912,-0.309145,-1.238463,0.787896,-0.666458,0.566881,-1.750474,1.830873,0.103815
"red",6,-0.119676,0.599793,1.161820,1.691444,3.964844,-0.176483,-0.648679,-0.553499,1.426852,-0.801344,0.042198,0.424221
"red",6,-0.119676,0.680304,-1.351182,1.431399,1.827850,-0.008803,0.475597,-0.485723,0.699184,-0.713462,2.546343,0.713325
"red",5,-0.119676,0.680304,-1.011587,0.630460,-0.080181,-0.176483,1.662334,-0.734234,0.699184,-1.117721,0.519178,0.032981
"red",6,-0.119676,0.707142,-1.351182,1.330848,1.369922,-1.238463,0.662977,-0.598682,0.765336,-1.521980,2.725211,0.496726
"red",6,-0.119676,0.760816,-2.030372,0.474433,0.301425,-0.735420,0.912816,-0.756826,-0.160786,-1.469250,1.175025,0.061807
"red",6,-0.119676,0.841328,2.112685,1.795462,4.270129,-0.958995,-0.773599,-0.598682,0.434578,-1.398944,2.963701,0.697371
"red",4,-0.119676,0.868165,0.278873,1.015327,0.911995,-0.847207,0.538057,-0.689050,0.236123,-1.047415,1.741439,0.684606
"red",6,-0.119676,1.029188,-2.166210,1.282306,1.064637,-0.735420,0.662977,-0.508315,0.434578,-1.258332,2.904078,0.636391
"red",7,-0.119676,1.404909,2.316442,1.899480,3.583238,-1.126676,-0.461300,-0.440539,2.088367,-1.609862,0.519178,0.157216
"red",6,-0.119676,1.431746,0.346792,2.800969,2.209456,-1.070782,0.600517,0.011298,0.699184,-0.871650,1.830873,0.355899
"red",6,-0.119676,1.726955,1.297658,1.760789,3.583238,-1.294357,0.100838,-0.689050,1.493003,-1.662592,0.221065,0.389622
"red",7,-0.035479,-0.071137,1.773091,1.206026,2.896347,-1.294357,0.538057,-0.666458,2.286822,-1.680168,-0.255915,0.149624
"red",7,-0.035479,0.063049,1.161820,1.067336,2.285777,-1.406144,-1.085898,-0.553499,1.360700,-1.785627,-0.315537,0.559599
"red",5,-0.035479,0.089886,1.161820,0.997990,-0.156502,-0.232377,0.725436,0.124258,1.493003,0.112633,0.876913,0.187345
"red",5,-0.035479,0.143561,-1.554939,0.457097,-0.156502,-1.462038,0.787896,-0.666458,0.037668,-1.855933,0.996158,0.747886
"red",6,-0.035479,0.143561,0.143035,0.744880,1.522565,-1.406144,-0.149001,-0.779417,0.897639,-1.803203,0.101820,0.141922
"red",7,-0.035479,0.224072,-1.079506,0.581918,0.606710,-1.517931,1.225115,-0.734234,2.551428,-1.732897,1.473138,0.646010
"red",6,-0.035479,0.224072,-0.128641,1.115877,1.446243,-1.238463,0.600517,-0.711642,1.162245,-1.715321,0.936535,0.162153
"red",5,-0.035479,0.277747,0.550549,0.522975,0.911995,-1.238463,1.037735,-0.756826,0.434578,-1.662592,-0.315537,0.718857
"red",5,-0.035479,0.304584,-1.487020,0.380817,0.072461,-1.462038,0.475597,-0.553499,-0.425393,-1.768050,0.876913,0.002466
"red",5,-0.035479,0.358258,0.686387,0.963318,-0.080181,-0.064696,1.225115,0.101666,1.228397,0.253245,0.519178,0.520549
"red",5,-0.035479,0.385095,0.278873,1.136681,0.225104,-0.735420,0.787896,0.237217,1.757609,-0.221320,0.936535,0.438540
"red",5,-0.035479,0.385095,0.686387,0.963318,-0.080181,-0.120590,1.225115,0.101666,1.162245,0.235668,0.519178,0.266951
"red",7,-0.035479,0.438770,1.841009,1.206026,3.659559,-0.400058,-1.897876,-0.824601,0.963790,-1.275909,0.936535,0.462421
"red",5,-0.035479,0.465607,0.278873,1.136681,0.072461,-1.014888,0.662977,0.192033,1.956064,-0.484967,0.638423,0.165960
"red",6,-0.035479,0.465607,3.131470,0.779552,-1.225000,-0.400058,1.037735,1.999384,-0.359241,-0.397085,-0.196292,0.210053
"red",5,-0.035479,0.546119,-0.875749,0.720609,0.148782,-0.791314,0.912816,-0.463131,-0.160786,-1.363791,0.876913,0.263955
"red",6,-0.035479,0.572956,-1.147425,-0.548411,-0.614430,-0.735420,0.662977,-0.734234,0.434578,-0.871650,1.294270,0.407663
"red",5,-0.035479,0.599793,-0.128641,1.164419,0.835674,-1.294357,0.850356,-0.372764,0.500729,-1.416521,0.519178,0.143002
"red",5,-0.035479,0.626630,-2.098291,1.018794,-0.461787,-1.238463,2.911530,-0.711642,1.294548,-1.574709,1.592383,0.620630
"red",6,-0.035479,0.653467,-0.875749,1.344717,1.980492,-1.238463,0.038378,-0.417947,0.302275,-1.486827,0.996158,0.567940
"red",5,-0.035479,0.653467,1.908928,1.760789,4.041165,0.047091,-0.773599,-0.553499,1.294548,-0.748615,0.221065,0.179731
"red",5,-0.035479,0.680304,-0.875749,0.703272,0.148782,-0.847207,1.662334,-0.734234,0.963790,-1.416521,1.234648,0.645606
"red",5,-0.035479,0.707142,-0.739911,0.276799,0.606710,-0.903101,0.725436,-0.711642,-0.425393,-1.293485,4.990866,0.352083
"red",6,-0.035479,0.733979,-2.030372,0.297602,0.225104,-0.958995,0.850356,-0.756826,0.037668,-1.469250,0.996158,0.709973
"red",7,-0.035479,0.760816,1.025982,1.778125,2.133135,-0.903101,0.850356,-0.553499,1.757609,-1.434097,-0.196292,0.193007
"red",5,-0.035479,0.787653,-1.215344,1.289241,1.293601,-1.182569,0.725436,-0.576091,0.699184,-1.486827,2.427098,0.278631
"red",6,-0.035479,0.814490,-1.215344,0.651263,0.301425,-0.511845,0.600517,-0.463131,0.236123,-1.258332,0.399933,0.089647
"red",7,-0.035479,0.814490,0.007197,1.587426,1.293601,-1.126676,0.975276,0.124258,1.559155,-1.188027,0.340310,0.015384
"red",6,-0.035479,0.814490,0.686387,0.928645,0.225104,-1.238463,2.224472,-0.621274,0.500729,-1.346215,1.055780,0.176804
"red",5,-0.035479,0.814490,1.025982,1.108943,1.675207,-1.350250,-0.461300,-0.576091,-0.226938,-1.662592,0.340310,0.063585
"red",7,-0.035479,0.841328,-2.098291,0.401620,0.377746,-1.014888,0.600517,-0.734234,0.169971,-1.697744,1.413515,0.528718
"red",6,-0.035479,0.841328,-0.128641,0.945981,-0.232824,-1.182569,0.163298,-0.643866,4.271370,-0.168591,1.175025,0.726933
"red",5,-0.035479,0.895002,-1.622858,0.131173,-0.767072,0.102985,1.412494,-0.689050,0.302275,-1.240756,1.532760,0.321953
"red",6,-0.035479,0.895002,-0.060722,0.720609,1.675207,-0.958995,-0.960979,-0.643866,0.633033,-0.924379,0.340310,0.380732
"red",5,-0.035479,0.895002,1.093901,1.414062,2.972668,-1.406144,-0.336380,-0.440539,-0.028483,-1.645015,0.042198,0.349641
"red",5,-0.035479,0.921839,-1.351182,0.373882,-0.156502,0.214772,1.350035,-0.711642,-0.359241,0.165362,1.413515,0.468874
"red",6,-0.035479,0.948676,0.210954,1.199092,2.514741,-0.344164,-0.086541,-0.395356,1.029942,-0.783767,0.519178,0.174519
"red",7,-0.035479,0.948676,1.637253,0.824627,0.988316,0.270666,0.475597,-0.734234,1.426852,-0.203744,-0.375160,0.098452
"red",5,-0.035479,0.975514,2.180604,1.414062,1.217280,-1.182569,1.974633,-0.643866,0.831487,-1.275909,0.399933,0.587069
"red",6,0.006619,-0.178486,-1.758696,-0.749512,-0.919715,0.438347,0.475597,-0.734234,-0.226938,-0.449814,1.175025,0.180421
"red",7,0.006619,0.224072,-1.011587,0.214388,-0.156502,-0.847207,1.350035,-0.756826,0.963790,-1.592286,1.294270,0.473893
"red",7,0.048717,-0.071137,1.025982,0.810758,3.430596,-0.735420,-0.461300,-0.756826,0.897639,-1.451674,-0.375160,0.142671
"red",7,0.048717,0.036212,0.414711,0.776085,2.056813,0.047091,0.225758,-0.802009,1.889913,-1.188027,0.042198,0.298074
"red",6,0.048717,0.143561,0.958063,0.477900,2.056813,-0.232377,-0.273921,-0.756826,1.956064,-1.275909,-0.554027,0.407908
"red",5,0.048717,0.143561,1.569334,0.893972,2.056813,-1.406144,0.225758,-0.666458,1.691458,-1.768050,0.042198,0.615033
"red",6,0.048717,0.277747,1.093901,0.755281,1.446243,-0.232377,0.600517,-0.734234,3.345247,-1.205603,-0.375160,0.637431
"red",5,0.048717,0.385095,-0.468236,0.626993,-0.843394,-0.400058,1.225115,-0.621274,2.882186,-0.994685,-0.136670,0.648039
"red",6,0.048717,0.385095,0.550549,0.616591,-0.614430,-1.238463,2.099552,-0.598682,1.294548,-1.680168,0.757668,0.169657
"red",6,0.048717,0.465607,1.908928,1.254568,-0.080181,-0.735420,0.975276,-0.666458,1.228397,-1.574709,-0.434782,0.216541
"red",6,0.048717,0.519281,0.754306,0.415489,-0.385466,-0.455952,1.225115,-0.508315,4.139066,-1.064991,0.399933,0.012154
"red",6,0.048717,0.546119,-0.536154,0.096501,-0.385466,-0.679526,1.037735,-0.756826,0.434578,-1.416521,0.698045,0.189187
"red",6,0.048717,0.572956,-0.332398,1.344717,1.598886,-0.344164,0.538057,-0.508315,0.897639,-1.029838,2.576154,0.507804
"red",6,0.048717,0.626630,-2.030372,0.138108,-0.156502,-0.847207,0.787896,-0.711642,1.823761,-1.521980,0.519178,0.523248
"red",6,0.048717,0.680304,-0.060722,0.512573,0.759352,-1.238463,0.100838,-0.711642,1.029942,-1.592286,0.340310,0.096863
"red",7,0.048717,0.760816,0.143035,0.800356,2.209456,-1.406144,-0.336380,-0.598682,0.765336,-1.715321,0.161443,0.031126
"red",7,0.048717,0.921839,-1.554939,1.067336,1.140959,-0.567739,0.725436,-0.576091,2.154519,-1.152874,1.055780,0.437811
"red",5,0.048717,1.270723,1.908928,1.303110,0.759352,-1.126676,1.037735,-0.463131,0.963790,-1.627439,-0.375160,0.718159
"red",5,0.132913,-0.393183,0.822225,0.311471,0.683031,-1.350250,0.787896,-0.802009,0.500729,-1.803203,-0.077047,0.457157
"red",6,0.132913,0.036212,-1.690777,0.252528,0.454067,-0.455952,1.787253,-0.711642,-0.689999,-1.188027,3.381058,0.226836
"red",6,0.132913,0.277747,1.161820,1.448735,2.591062,-1.350250,0.225758,-0.576091,2.154519,-1.645015,-0.196292,0.668020
"red",6,0.132913,0.519281,-2.166210,0.554180,0.301425,0.158878,0.538057,-0.756826,0.566881,-1.223179,2.605966,0.270728
"red",5,0.132913,0.519281,-1.690777,0.581918,-0.461787,-1.350250,1.350035,-0.779417,0.302275,-1.750474,2.158797,0.385058
"red",5,0.132913,0.519281,-1.215344,0.595787,-0.080181,-0.847207,0.850356,-0.508315,-0.293090,-1.363791,0.698045,0.505109
"red",5,0.132913,0.599793,0.822225,0.529909,0.988316,-1.350250,1.849713,-0.756826,0.633033,-1.803203,-0.017425,0.195831
"red",6,0.132913,0.680304,0.143035,1.448735,1.675207,-1.406144,0.413137,-0.327580,-0.094635,-1.768050,0.936535,0.067926
"red",6,0.132913,0.680304,1.229739,2.107516,3.583238,-1.350250,-0.648679,-0.553499,1.625306,-1.451674,1.353893,0.077065
"red",6,0.132913,0.733979,-0.536154,0.928645,0.683031,-1.406144,0.912816,-0.666458,1.559155,-1.785627,2.874267,0.574623
"red",6,0.132913,0.787653,-1.758696,0.685936,0.225104,-0.567739,0.975276,-0.553499,0.368426,-1.240756,1.115403,0.529699
"red",3,0.132913,1.082862,-2.166210,0.720609,0.148782,-1.406144,2.536771,-0.180733,0.037668,-1.768050,5.020677,0.251303
"red",5,0.132913,1.217048,-2.166210,0.685936,-0.309145,-1.238463,1.412494,-0.463131,0.169971,-1.609862,2.576154,0.468934
"red",6,0.132913,1.270723,-2.166210,0.720609,-0.309145,-0.903101,1.849713,-0.598682,0.103820,-1.486827,2.635777,0.448989
"red",6,0.132913,5.188952,1.161820,1.552753,1.980492,-1.406144,0.538057,-0.553499,1.691458,-1.662592,0.936535,0.114152
"red",6,0.175012,0.197235,-2.030372,0.068763,-0.385466,-0.064696,0.475597,-0.711642,0.169971,-1.346215,3.053134,0.595863
"red",7,0.217110,-0.500532,0.822225,0.255995,1.598886,-0.511845,0.100838,-0.779417,1.823761,-1.275909,0.161443,0.244907
"red",6,0.217110,-0.232160,-1.487020,-0.014452,-0.767072,-1.462038,1.350035,-0.666458,1.493003,-1.820780,1.353893,0.142409
"red",6,0.217110,0.063049,-0.128641,0.131173,0.377746,-0.567739,0.413137,-0.756826,-0.425393,-1.346215,-0.494405,0.477284
"red",7,0.217110,0.089886,-1.758696,0.581918,-0.309145,-1.070782,1.162655,0.214625,0.368426,-1.697744,1.473138,0.123866
"red",6,0.217110,0.170398,1.025982,1.240699,1.980492,-1.182569,0.100838,-0.576091,0.765336,-1.521980,0.578800,0.382076
"red",6,0.217110,0.358258,-1.826615,0.380817,-0.309145,-1.350250,1.787253,-0.689050,0.831487,-1.768050,2.784833,0.709838
"red",6,0.217110,0.385095,-1.690777,0.200519,-0.080181,-0.847207,0.413137,-0.756826,0.831487,-1.592286,1.115403,0.063134
"red",6,0.217110,0.385095,1.569334,1.414062,3.506917,-1.406144,-0.711139,-0.666458,0.566881,-1.680168,0.221065,0.634625
"red",5,0.217110,0.465607,-2.098291,0.585385,0.454067,0.997283,0.975276,-0.553499,0.566881,-0.432238,2.814644,0.548635
"red",6,0.217110,0.546119,-2.030372,0.363480,0.225104,-1.070782,0.850356,-0.553499,0.566881,-1.398944,1.353893,0.315660
"red",7,0.217110,0.546119,0.686387,1.067336,2.514741,-1.350250,-0.086541,-0.734234,3.411399,-1.627439,-0.613650,0.729343
"red",6,0.217110,0.572956,-2.166210,0.242126,-0.080181,-0.232377,1.225115,-0.643866,0.963790,-1.240756,1.473138,0.406475
"red",6,0.217110,0.572956,-1.283263,0.262930,0.148782,0.214772,1.287575,-0.598682,0.368426,-0.941956,1.055780,0.433573
"red",7,0.217110,0.626630,-1.487020,0.984121,0.148782,-0.791314,2.224472,-0.598682,1.029942,-1.434097,1.741439,0.604493
"red",6,0.217110,0.653467,2.112685,0.470966,0.606710,-0.791314,0.475597,-0.779417,1.625306,-1.504403,-0.255915,0.642193
"red",6,0.217110,0.733979,0.278873,0.873169,1.598886,-1.350250,0.288218,-0.734234,1.559155,-1.715321,0.936535,0.098819
"red",6,0.217110,0.787653,-1.215344,1.032663,0.454067,-1.517931,1.225115,-0.598682,0.434578,-1.750474,1.532760,0.596782
"red",5,0.217110,0.787653,0.210954,0.859300,0.606710,-0.120590,0.538057,-0.508315,0.566881,-1.100144,1.652005,0.479524
"red",6,0.217110,1.002351,0.414711,1.171354,0.835674,-0.344164,0.538057,-0.576091,1.096094,-0.959532,0.459555,0.632405
"red",7,0.217110,1.029188,2.859794,1.691444,4.270129,-1.182569,-0.149001,-0.553499,1.559155,-1.521980,-0.255915,0.401519
"red",5,0.217110,1.136537,0.075116,1.268437,2.743704,-0.567739,0.100838,-0.576091,1.162245,-1.346215,0.638423,0.714405
"red",6,0.217110,1.619606,-1.554939,0.703272,-0.461787,-1.182569,0.787896,0.101666,-0.293090,-1.715321,2.278042,0.580759
"red",5,0.217110,2.934628,-2.166210,0.342677,-0.614430,-1.350250,2.099552,-0.621274,-0.160786,-1.803203,3.232002,0.632543
"red",6,0.301306,-0.339509,0.550549,0.089566,1.369922,-0.288271,-0.149001,-0.847193,1.956064,-1.135297,0.280688,0.563391
"red",5,0.301306,-0.258997,-0.807830,0.339209,0.377746,-0.847207,0.850356,-0.689050,-0.623848,-0.959532,3.679171,0.508094
"red",6,0.301306,-0.124811,-2.166210,0.051426,-0.538109,-1.182569,1.724793,-0.779417,0.633033,-1.715321,3.321436,0.632129
"red",6,0.301306,-0.124811,-0.400317,0.200519,0.377746,-0.623633,-0.461300,-0.689050,1.691458,-0.660732,-0.494405,0.058397
"red",4,0.301306,0.036212,-1.690777,0.623525,0.225104,-1.406144,0.975276,-0.576091,0.103820,-1.855933,2.039552,0.363771
"red",4,0.301306,0.089886,-1.758696,0.484835,-0.309145,-1.462038,1.912173,-0.689050,0.699184,-1.820780,3.381058,0.493771
"red",7,0.301306,0.089886,1.433496,0.415489,2.972668,-1.517931,-1.273278,-0.643866,1.956064,-1.838356,-0.196292,0.254222
"red",6,0.301306,0.116724,-2.030372,0.127706,-0.385466,-0.232377,1.037735,-0.711642,1.889913,-1.275909,1.950118,0.299549
"red",6,0.301306,0.143561,0.143035,0.997990,0.759352,-1.238463,-0.024081,0.011298,2.683732,-1.627439,-0.613650,0.173330
"red",6,0.301306,0.250909,-1.419101,0.106903,-1.072357,-0.679526,2.037092,-0.734234,0.831487,-1.521980,1.592383,0.587462
"red",6,0.301306,0.250909,1.093901,0.942514,2.438420,-1.350250,0.662977,-0.711642,2.220670,-1.838356,-0.494405,0.697915
"red",7,0.301306,0.331421,0.618468,1.410595,1.751528,-0.679526,0.413137,0.869790,1.823761,-1.328638,0.280688,0.112609
"red",5,0.301306,0.385095,-0.875749,0.082632,-0.156502,-0.679526,1.037735,-0.621274,0.169971,-1.381368,0.459555,0.113821
"red",6,0.301306,0.411933,1.569334,1.941087,4.346450,-1.294357,-0.836059,-0.508315,0.963790,-1.592286,0.936535,0.285469
"red",6,0.301306,0.438770,-1.487020,0.644329,0.759352,-0.288271,0.413137,-0.666458,1.426852,-0.959532,1.741439,0.130580
"red",7,0.301306,0.572956,1.025982,1.067336,2.514741,-1.350250,-0.273921,-0.711642,3.345247,-1.592286,-0.494405,0.082089
"red",6,0.301306,0.599793,-2.098291,0.214388,-0.080181,-0.344164,1.100195,-0.621274,0.500729,-1.363791,1.532760,0.727597
"red",5,0.301306,0.599793,-1.758696,0.609656,0.454067,-0.567739,1.100195,-0.711642,1.029942,-1.398944,2.128986,0.295532
"red",6,0.301306,0.626630,0.482630,0.692871,1.598886,0.606028,1.537414,-0.802009,1.294548,-1.047415,0.101820,0.395547
"red",5,0.301306,0.653467,-2.166210,0.651263,0.759352,-1.517931,1.912173,-0.756826,-0.293090,-1.803203,5.885204,0.234832
"red",6,0.301306,0.653467,0.278873,0.866234,1.598886,-1.517931,0.288218,-0.756826,1.625306,-1.768050,0.876913,0.418169
"red",5,0.301306,0.680304,-2.166210,0.651263,0.683031,-1.517931,1.974633,-0.734234,-0.359241,-1.803203,5.885204,0.708500
"red",6,0.301306,0.975514,1.637253,1.639435,3.659559,-1.350250,-0.523760,-0.666458,1.162245,-1.592286,0.221065,0.488374
"red",5,0.301306,1.592769,0.278873,0.935579,1.827850,-0.232377,-0.273921,-0.508315,0.963790,-1.047415,0.936535,0.012922
"red",6,0.301306,1.673280,0.890144,0.887038,2.591062,0.214772,0.038378,-0.553499,1.228397,-0.818920,0.936535,0.378082
"red",3,0.301306,2.156350,-2.166210,0.082632,0.301425,-1.406144,1.724793,-0.666458,-0.888454,-1.855933,7.375766,0.151350
"red",7,0.385503,-0.178486,0.143035,0.200519,0.225104,-1.462038,1.100195,-0.621274,0.699184,-1.873509,-0.434782,0.276939
"red",6,0.385503,-0.017462,0.618468,-0.194750,0.530389,-1.350250,0.413137,-0.802009,1.162245,-1.398944,-0.077047,0.617748
"red",5,0.385503,0.063049,0.754306,0.720609,2.133135,-0.847207,-0.461300,-0.621274,0.236123,-1.469250,2.307853,0.363748
"red",6,0.385503,0.143561,-2.030372,0.606189,-0.461787,-0.847207,1.974633,-0.598682,0.434578,-1.609862,3.053134,0.598962
"red",4,0.385503,0.277747,-1.622858,0.679002,-0.385466,-0.623633,1.849713,-0.621274,0.236123,-1.451674,4.156151,0.492191
"red",6,0.385503,0.277747,1.025982,0.335742,-0.919715,-0.679526,1.037735,-0.327580,0.831487,-1.275909,-0.196292,0.296953
"red",5,0.385503,0.331421,-2.030372,-0.326506,-0.843394,-0.232377,1.537414,-0.598682,-0.557696,-1.205603,1.771251,0.210250
"red",4,0.385503,0.358258,-2.098291,0.755281,0.835674,-1.406144,0.600517,-0.643866,0.302275,-1.768050,2.993512,0.736050
"red",6,0.385503,0.358258,1.161820,2.003498,3.277953,-1.126676,0.600517,-0.395356,2.485277,-1.363791,0.042198,0.140216
"red",8,0.385503,0.358258,1.433496,0.928645,2.667383,-1.406144,-0.461300,-0.553499,0.765336,-1.732897,0.042198,0.382181
"red",5,0.385503,0.385095,-1.622858,-0.402786,-0.843394,-0.903101,0.975276,-0.734234,0.037668,-1.223179,1.532760,0.732300
"red",5,0.385503,0.411933,-2.166210,0.581918,0.454067,-0.176483,0.538057,-0.711642,0.633033,-1.047415,1.771251,0.530605
"red",7,0.385503,0.465607,0.958063,0.283733,-0.003860,-0.344164,1.100195,-0.666458,2.088367,-1.240756,0.101820,0.542440
"red",6,0.385503,0.492444,1.161820,1.102008,2.438420,-1.350250,-0.273921,-0.734234,3.477551,-1.662592,-0.613650,0.051656
"red",6,0.385503,0.519281,0.075116,0.509106,0.759352,-1.070782,0.288218,-0.598682,1.823761,-1.188027,0.042198,0.017449
"red",5,0.385503,0.546119,1.093901,1.386324,3.277953,-1.238463,-0.836059,-0.553499,-0.028483,-1.662592,0.459555,0.558598
"red",6,0.385503,0.626630,0.007197,0.595787,0.759352,-0.344164,0.288218,-0.576091,2.088367,-0.766191,0.221065,0.522094
"red",5,0.385503,0.626630,1.365577,1.934152,3.277953,-0.064696,0.225758,-0.463131,2.286822,-1.047415,0.399933,0.654777
"red",6,0.385503,0.653467,0.007197,0.651263,0.911995,0.102985,0.475597,-0.643866,1.228397,-0.625579,0.101820,0.264037
"red",5,0.385503,0.733979,-0.332398,0.651263,-0.003860,-1.014888,1.037735,-0.553499,1.162245,-0.643156,1.175025,0.300223
"red",6,0.385503,0.760816,-0.536154,1.656771,3.048989,-0.791314,-1.023438,-0.576091,1.228397,-1.082568,1.890496,0.732031
"red",6,0.385503,0.760816,-0.264479,0.626993,-0.156502,-1.014888,0.600517,-0.056477,1.096094,-0.801344,1.413515,0.431725
"red",5,0.385503,0.814490,-0.196560,0.668600,0.148782,-0.232377,1.037735,-0.553499,0.963790,-0.748615,0.101820,0.588021
"red",6,0.385503,0.814490,1.841009,1.483408,3.277953,-0.958995,-0.273921,-0.553499,0.765336,-1.152874,1.473138,0.300809
"red",5,0.385503,0.841328,1.161820,0.720609,0.072461,0.494240,0.850356,-0.576091,1.625306,-0.151014,0.131632,0.162281
"red",7,0.385503,0.975514,-2.098291,0.214388,0.072461,-1.182569,0.787896,-0.734234,0.302275,-1.750474,1.234648,0.090863
"red",4,0.385503,1.056025,-2.030372,0.859300,-0.080181,-1.406144,1.162655,-0.146845,0.236123,-1.785627,2.963701,0.152470
"red",6,0.385503,1.056025,-0.196560,0.581918,-0.080181,-0.567739,1.225115,-0.576091,0.765336,-1.082568,0.042198,0.261063
"red",5,0.385503,1.163374,-2.166210,0.238659,0.301425,-1.350250,0.850356,-0.711642,0.368426,-1.803203,2.367476,0.608555
"red",5,0.385503,1.190211,-1.079506,0.581918,1.140959,-0.958995,-0.523760,-0.689050,0.236123,-1.152874,1.681817,0.617259
"red",4,0.385503,1.780629,-1.554939,0.789954,-0.614430,-0.903101,1.724793,-0.259804,0.897639,-1.469250,1.115403,0.419424
"red",5,0.385503,2.800442,-0.875749,-0.198217,-1.453963,-1.294357,2.474311,-0.802009,0.500729,-0.924379,2.218419,0.544385
"red",6,0.469699,-0.500532,-1.215344,0.214388,-0.614430,-0.847207,1.350035,-0.643866,0.765336,-1.574709,0.221065,0.580812
"red",7,0.469699,0.009375,0.890144,0.158912,1.598886,-0.623633,-0.273921,-0.802009,2.352974,-1.363791,-0.077047,0.613319
"red",7,0.469699,0.277747,0.346792,0.346144,1.446243,-1.350250,0.038378,-0.779417,0.302275,-1.838356,-0.792517,0.021353
"red",6,0.469699,0.304584,-2.166210,0.373882,-0.003860,-1.126676,1.225115,-0.643866,1.228397,-1.592286,1.950118,0.044946
"red",6,0.469699,0.385095,-1.622858,-0.264095,-0.996036,-0.791314,2.099552,-0.666458,1.559155,-1.592286,1.592383,0.699480
"red",7,0.469699,0.385095,0.686387,0.394686,2.285777,-1.294357,-0.523760,-0.689050,1.691458,-1.662592,0.578800,0.043883
"red",6,0.469699,0.411933,-2.030372,0.394686,0.072461,0.047091,0.600517,-0.643866,0.963790,-0.397085,1.950118,0.269954
"red",6,0.469699,0.438770,1.908928,0.706740,0.301425,-0.400058,0.975276,-0.553499,1.691458,-1.240756,0.042198,0.679688
"red",6,0.469699,0.707142,0.210954,0.588853,1.827850,-0.735420,0.038378,-0.666458,0.831487,-1.346215,0.459555,0.570022
"red",6,0.469699,0.733979,-1.554939,1.691444,0.683031,-0.679526,1.287575,-0.508315,1.228397,-1.152874,2.248231,0.203215
"red",7,0.469699,0.814490,1.705172,0.776085,2.591062,-1.350250,-0.523760,-0.621274,1.228397,-1.662592,0.101820,0.192108
"red",6,0.469699,0.841328,-0.739911,0.831561,1.293601,-0.511845,0.662977,-0.643866,1.956064,-1.328638,0.936535,0.436819
"red",5,0.469699,1.029188,1.161820,2.991669,6.330802,-1.126676,-1.897876,-0.192029,1.360700,-1.609862,1.801062,0.376307
"red",5,0.469699,1.029188,1.161820,2.991669,6.407124,-1.126676,-1.897876,-0.192029,1.360700,-1.609862,1.801062,0.048282
"red",6,0.553896,0.009375,-2.098291,0.124239,-0.690751,-0.847207,2.349392,-0.689050,-0.491544,-1.434097,3.798416,0.117663
"red",7,0.553896,0.036212,0.550549,0.290668,0.759352,-1.350250,0.538057,-0.643866,0.963790,-1.838356,-0.196292,0.658027
"red",6,0.553896,0.063049,2.180604,0.145042,-0.385466,-0.344164,0.725436,-0.666458,1.162245,-1.100144,-1.090630,0.712652
"red",7,0.553896,0.170398,0.754306,0.339209,0.911995,-1.014888,-0.336380,-0.621274,1.823761,-1.680168,0.161443,0.062773
"red",6,0.553896,0.197235,0.007197,0.429358,1.446243,-1.462038,0.475597,-0.666458,1.757609,-1.750474,0.161443,0.033515
"red",7,0.553896,0.224072,0.278873,-0.115003,0.530389,-1.406144,0.288218,-0.711642,0.037668,-1.838356,-0.017425,0.455710
"red",7,0.553896,0.250909,-0.128641,0.651263,1.140959,-1.126676,0.662977,-0.508315,0.897639,-1.521980,0.817290,0.556449
"red",6,0.553896,0.250909,2.791875,1.414062,2.972668,-1.350250,-0.336380,-0.417947,0.831487,-1.627439,0.638423,0.595017
"red",7,0.553896,0.385095,0.754306,-0.083797,-0.767072,-0.903101,1.412494,-0.689050,2.220670,-1.592286,0.280688,0.110671
"red",6,0.553896,0.411933,-2.166210,0.134641,-0.309145,0.102985,1.287575,-0.576091,0.169971,-0.889226,1.353893,0.682322
"red",6,0.553896,0.411933,-0.604073,-0.049124,-0.232824,-0.958995,1.100195,-0.689050,2.022216,-1.627439,0.996158,0.094231
"red",6,0.553896,0.465607,-0.671992,-0.049124,-0.309145,-0.847207,1.100195,-0.734234,1.889913,-1.592286,1.294270,0.209552
"red",7,0.553896,0.492444,0.210954,0.762216,2.209456,-1.182569,0.100838,-0.779417,1.956064,-1.521980,-0.196292,0.377722
"red",5,0.553896,0.546119,-2.166210,-0.232890,-0.996036,-0.288271,1.724793,-0.711642,-0.028483,-1.240756,0.698045,0.117536
"red",6,0.553896,0.572956,-1.554939,-0.173946,-0.843394,-0.679526,1.412494,-0.756826,0.037668,-1.486827,0.817290,0.006713
"red",5,0.553896,0.572956,0.075116,0.408555,0.301425,-1.350250,0.475597,-0.576091,0.302275,-1.609862,0.399933,0.656213
"red",5,0.553896,0.653467,0.822225,0.169313,0.606710,-0.120590,0.850356,-0.734234,0.831487,-0.818920,-0.375160,0.454130
"red",7,0.553896,0.733979,2.112685,1.830134,2.438420,-1.406144,0.225758,-0.508315,1.360700,-1.627439,-0.077047,0.272684
"red",4,0.553896,0.787653,-1.487020,0.443227,0.225104,-1.406144,1.974633,-0.440539,0.434578,-1.803203,4.603320,0.688325
"red",7,0.553896,0.868165,-1.690777,0.803823,-0.003860,-1.126676,0.912816,0.101666,0.963790,-1.697744,0.817290,0.208347
"red",6,0.553896,1.163374,0.482630,0.325340,1.217280,-0.567739,-0.461300,-0.689050,1.029942,-1.539556,-0.434782,0.700462
"red",7,0.553896,1.163374,2.995632,3.009005,6.407124,-1.350250,-1.710496,-0.304988,0.963790,-1.258332,2.039552,0.058258
"red",6,0.553896,1.217048,-1.283263,-0.042190,0.454067,-0.735420,0.100838,-0.666458,-0.028483,-1.381368,1.413515,0.307210
"red",5,0.553896,1.270723,-0.468236,2.246206,1.980492,0.270666,1.162655,-0.576091,0.897639,0.710233,3.202191,0.609179
"red",6,0.553896,1.700118,-1.079506,0.006352,0.606710,-1.517931,-0.024081,-0.689050,0.302275,-1.891086,1.413515,0.543860
"red",5,0.638092,-0.097974,-1.554939,-0.173946,-0.767072,-0.344164,1.974633,-0.756826,0.434578,-1.451674,1.294270,0.006685
"red",8,0.638092,-0.017462,-0.060722,0.068763,-0.003860,-0.847207,0.038378,-0.689050,1.493003,-1.504403,0.221065,0.640961
"red",5,0.638092,0.063049,-0.604073,0.859300,0.683031,-1.406144,0.912816,-0.553499,0.169971,-1.750474,2.605966,0.318828
"red",7,0.638092,0.143561,-0.128641,0.235191,0.377746,-0.679526,0.350678,-0.689050,2.419125,-1.416521,-0.375160,0.384043
"red",6,0.638092,0.170398,-1.554939,-0.028321,-0.461787,-1.182569,1.225115,-0.643866,1.029942,-1.697744,0.578800,0.231956
"red",6,0.638092,0.304584,2.248523,1.483408,3.583238,-1.294357,-1.023438,-0.655162,0.963790,-1.539556,0.340310,0.035407
"red",6,0.638092,0.385095,-0.671992,-0.049124,-0.309145,-0.958995,1.162655,-0.621274,1.956064,-1.592286,0.876913,0.614677
"red",7,0.638092,0.438770,0.143035,0.491769,0.759352,-0.791314,1.100195,-0.576091,1.625306,-1.188027,-0.494405,0.202804
"red",6,0.638092,0.707142,1.365577,1.067336,1.522565,-0.903101,0.787896,-0.621274,0.500729,-1.609862,0.519178,0.154569
"red",6,0.638092,1.029188,0.958063,0.124239,1.217280,-0.567739,0.225758,-0.666458,0.169971,-1.504403,-0.434782,0.423138
"red",6,0.638092,1.243885,-2.098291,0.464031,-0.690751,0.102985,1.787253,-0.304988,0.831487,-1.064991,2.009741,0.742007
"red",6,0.638092,1.243885,1.501415,1.687976,4.117487,-0.623633,-0.086541,-0.508315,1.493003,-1.293485,0.399933,0.267056
"red",6,0.638092,1.458583,1.365577,0.401620,1.369922,-1.406144,0.538057,-0.666458,0.566881,-1.838356,0.101820,0.458602
"red",7,0.638092,1.700118,-1.351182,0.231724,-0.614430,-0.288271,1.537414,-0.621274,1.162245,-1.381368,1.353893,0.394856
"red",6,0.638092,1.780629,-2.166210,0.297602,-0.309145,-0.847207,1.350035,-0.530907,0.633033,-1.434097,1.771251,0.465913
"red",6,0.638092,3.149326,1.773091,0.859300,2.438420,-1.350250,-0.211461,-0.304988,1.096094,-1.732897,-0.017425,0.482335
"red",6,0.722289,-0.366346,-1.419101,-0.340375,-0.232824,-1.350250,0.475597,-0.598682,0.765336,-1.803203,0.638423,0.599766
"red",6,0.722289,-0.312672,-1.622858,0.131173,-0.614430,-0.623633,1.662334,-0.666458,-0.293090,-1.170450,1.950118,0.338214
"red",5,0.722289,-0.205323,-1.894534,-0.111535,-1.225000,-1.406144,3.098909,-0.756826,0.302275,-1.785627,1.175025,0.201055
"red",5,0.722289,-0.017462,-2.098291,0.068763,-0.843394,-1.406144,1.849713,-0.666458,0.169971,-1.785627,1.473138,0.722590
"red",4,0.722289,0.116724,-1.758696,0.096501,-0.232824,-1.014888,1.787253,-0.666458,-0.689999,-1.469250,4.454263,0.180259
"red",7,0.722289,0.250909,0.482630,0.061828,1.980492,-1.517931,-0.211461,-0.824601,0.103820,-1.891086,-0.017425,0.492093
"red",6,0.722289,0.304584,-2.166210,0.280266,0.301425,-0.008803,1.599874,-0.666458,0.765336,-1.398944,2.218419,0.222037
"red",5,0.722289,0.304584,0.754306,0.089566,1.980492,-1.406144,-0.211461,-0.768121,-0.491544,-1.820780,0.280688,0.227165
"red",6,0.722289,0.304584,1.229739,0.512573,2.438420,-0.958995,-0.773599,-0.621274,2.220670,-1.680168,0.519178,0.727251
"red",6,0.722289,0.438770,1.637253,0.283733,2.056813,-1.517931,-0.461300,-0.689050,1.294548,-1.873509,-0.136670,0.279933
"red",8,0.722289,0.465607,-0.128641,-0.115003,0.148782,-0.735420,0.100838,-0.734234,1.096094,-1.592286,0.101820,0.599207
"red",6,0.722289,0.599793,-2.166210,0.373882,-0.156502,0.494240,1.037735,-0.666458,2.022216,-1.047415,1.175025,0.573015
"red",6,0.722289,0.626630,0.890144,1.115877,2.438420,-1.350250,-0.024081,-0.689050,1.493003,-1.785627,1.055780,0.105412
"red",6,0.722289,0.653467,0.686387,0.859300,1.827850,-0.288271,-0.149001,-0.598682,1.162245,-1.100144,1.175025,0.110289
"red",7,0.722289,0.733979,2.927713,1.414062,4.651735,-0.400058,-1.148358,-0.508315,0.963790,-1.258332,-0.315537,0.677700
"red",6,0.722289,0.787653,0.686387,0.325340,0.530389,-1.238463,0.787896,-0.689050,0.434578,-1.680168,-0.017425,0.372503
"red",6,0.722289,1.109699,0.822225,0.373882,0.606710,-1.350250,0.475597,-0.711642,0.699184,-1.750474,0.221065,0.475116
"red",4,0.722289,1.217048,-0.536154,0.034090,-0.232824,-1.462038,1.350035,-0.666458,0.302275,-1.891086,0.280688,0.669799
"red",6,0.722289,1.324397,1.705172,0.529909,0.225104,-1.406144,0.850356,-0.621274,0.103820,-1.803203,0.221065,0.456881
"red",6,0.806485,-0.473695,2.316442,-0.329973,-1.072357,-0.847207,2.724150,-0.689050,0.434578,-0.467391,3.977283,0.298365
"red",5,0.806485,-0.178486,-0.536154,-0.388917,-1.682927,0.102985,3.223829,-0.779417,0.566881,-0.326779,4.156151,0.509493
"red",6,0.806485,-0.071137,-1.962453,0.193584,-0.232824,-1.294357,1.412494,-0.621274,0.633033,-1.732897,2.367476,0.660134
"red",6,0.806485,0.063049,0.482630,-0.420122,0.072461,-1.294357,0.413137,-0.869785,-0.094635,-1.820780,-0.226104,0.587108
"red",7,0.806485,0.143561,-0.128641,0.148510,0.225104,-1.350250,1.350035,-0.643866,1.228397,-1.803203,0.519178,0.519703
"red",6,0.806485,0.250909,0.822225,0.145042,-0.003860,-0.455952,0.475597,-0.553499,2.022216,-1.170450,0.280688,0.140843
"red",6,0.806485,0.331421,0.686387,1.275372,2.362098,-0.511845,-0.398840,-0.689050,1.228397,-1.117721,0.936535,0.383245
"red",6,0.806485,0.358258,1.161820,-0.804989,-0.461787,-0.400058,-0.648679,-0.756826,-0.226938,0.604774,0.280688,0.213595
"red",6,0.806485,0.492444,-0.196560,0.685936,0.835674,-1.014888,1.412494,-0.192029,0.963790,-1.732897,2.486721,0.314027
"red",6,0.806485,0.599793,-2.166210,0.096501,-0.843394,-1.350250,2.286932,-0.643866,0.037668,-1.855933,1.294270,0.725524
"red",6,0.806485,0.653467,-1.554939,0.093033,-0.156502,-1.126676,1.287575,-0.689050,0.368426,-1.732897,1.175025,0.182837
"red",6,0.806485,0.787653,-0.196560,0.172781,0.301425,-1.406144,0.600517,-0.621274,0.566881,-1.768050,0.936535,0.077203
"red",6,0.806485,1.243885,1.773091,2.176861,3.964844,-0.120590,-0.398840,-0.463131,3.080641,-0.274050,0.876913,0.308104
"red",5,0.806485,1.351234,1.229739,1.206026,2.362098,-1.406144,0.350678,-0.124253,1.956064,-1.785627,0.578800,0.582435
"red",6,0.806485,2.022164,1.365577,0.977187,2.820026,-0.735420,0.350678,-0.734234,1.559155,-1.240756,-0.136670,0.659717
"red",7,0.890682,-0.044300,0.550549,0.991056,0.988316,-1.517931,0.975276,-0.079069,0.831487,-1.855933,-0.017425,0.269158
"red",7,0.890682,0.116724,0.822225,0.110370,-0.385466,-0.344164,0.413137,-0.598682,1.757609,-1.416521,-0.136670,0.250546
"red",5,0.890682,0.224072,-2.166210,-0.257160,-0.614430,-0.120590,1.662334,-0.643866,-0.094635,-1.100144,2.695399,0.070481
"red",6,0.890682,0.304584,-1.351182,0.512573,0.454067,-1.070782,0.725436,-0.576091,0.500729,-1.398944,1.204837,0.231549
"red",6,0.890682,0.546119,-1.147425,-0.479066,-0.690751,-0.232377,0.600517,-0.734234,1.889913,-1.398944,1.234648,0.736396
"red",7,0.890682,0.546119,1.161820,0.616591,2.133135,-1.070782,0.038378,-0.530907,0.633033,-1.680168,0.578800,0.215856
"red",6,0.890682,0.787653,0.686387,0.255995,0.454067,-1.182569,1.037735,-0.689050,0.831487,-1.645015,0.280688,0.260991
"red",6,0.890682,0.868165,-1.554939,-0.173946,-1.377642,-0.791314,2.786610,-0.756826,0.169971,-1.557133,2.367476,0.197194
"red",7,0.890682,0.975514,1.705172,0.893972,2.056813,-0.008803,-0.211461,-0.598682,1.493003,-1.100144,1.115403,0.164668
"red",7,0.890682,1.270723,1.229739,0.661665,2.209456,-1.350250,-0.024081,-0.598682,0.765336,-1.785627,0.221065,0.190076
"red",6,0.890682,2.585745,1.637253,0.082632,0.225104,-1.406144,-0.086541,-0.440539,3.279096,-1.768050,1.413515,0.155005
"red",7,0.974878,-1.198299,-0.264479,-1.345882,-0.385466,0.326559,0.225758,-0.598682,-0.954605,-0.256473,-0.375160,0.432020
"red",6,0.974878,-0.393183,-2.166210,-0.042190,-0.996036,-1.517931,1.599874,-0.779417,2.088367,-1.820780,0.578800,0.279048
"red",6,0.974878,-0.205323,-0.807830,-0.354244,0.072461,-0.344164,0.975276,-0.779417,0.236123,-0.889226,0.578800,0.126369
"red",5,0.974878,0.036212,-0.807830,-0.451327,-0.232824,-1.238463,0.975276,-0.745530,-0.293090,-1.627439,1.413515,0.014594
"red",7,0.974878,0.197235,-1.215344,-0.191282,-0.461787,-0.958995,1.225115,-0.598682,0.566881,-1.504403,1.294270,0.129182
"red",7,0.974878,0.385095,-2.030372,0.297602,0.301425,-1.126676,1.787253,-0.576091,1.162245,-1.768050,2.337664,0.233776
"red",8,0.974878,0.626630,1.637253,0.651263,1.675207,-1.350250,-0.461300,-0.508315,2.551428,-1.715321,-0.255915,0.292451
"red",6,0.974878,0.841328,1.161820,0.928645,2.820026,-1.070782,-0.024081,-0.508315,0.963790,-1.451674,-0.792517,0.512513
"red",6,0.974878,1.029188,-0.536154,0.027155,-0.767072,-0.623633,2.162012,-0.643866,0.236123,-1.275909,0.101820,0.541340
"red",7,0.974878,1.082862,1.433496,1.414062,2.056813,-1.350250,0.288218,0.372768,1.889913,-1.680168,0.340310,0.681873
"red",6,0.974878,1.458583,2.180604,0.859300,2.591062,-1.350250,0.225758,-0.643866,0.831487,-1.662592,0.817290,0.191393
"red",7,0.974878,1.592769,2.316442,0.859300,2.514741,-1.014888,0.100838,-0.474427,1.426852,-1.504403,0.459555,0.388386
"red",6,0.974878,1.646443,1.161820,1.968825,2.820026,-1.126676,-0.960979,-0.101661,0.169971,-1.715321,1.115403,0.566260
"red",5,1.059074,-0.017462,0.278873,0.380817,1.293601,-1.126676,1.100195,-0.553499,1.029942,-1.328638,-0.196292,0.519152
"red",6,1.059074,0.089886,0.550549,0.075697,0.225104,-1.014888,0.225758,-0.643866,0.699184,-1.662592,1.055780,0.182726
"red",6,1.059074,0.197235,-2.098291,-0.281431,0.377746,0.047091,1.162655,-0.666458,0.236123,-1.258332,2.218419,0.047992
"red",6,1.059074,0.277747,-1.554939,-0.118470,0.759352,-1.406144,0.350678,-0.689050,0.236123,-1.838356,2.367476,0.142381
"red",7,1.059074,0.385095,1.297658,0.249061,0.988316,0.829602,0.662977,-0.745530,1.493003,-0.467391,-0.971385,0.171598
"red",6,1.059074,0.411933,-1.351182,0.179715,0.911995,0.438347,0.975276,-0.734234,2.352974,-1.205603,1.652005,0.557988
"red",6,1.059074,0.492444,2.248523,0.391218,2.285777,-1.350250,-0.024081,-0.598682,0.633033,-1.715321,-0.315537,0.561051
"red",8,1.059074,0.707142,1.501415,-0.004050,2.133135,0.661921,-1.523117,-0.711642,0.633033,-0.713462,-0.494405,0.534357
"red",5,1.059074,0.760816,2.452280,0.859300,2.896347,-1.126676,-0.273921,-0.564795,0.500729,-1.574709,-0.494405,0.368154
"red",6,1.059074,1.056025,-2.030372,0.165846,-0.003860,-1.126676,1.474954,-0.711642,-0.028483,-1.469250,1.562572,0.641323
"red",7,1.059074,1.270723,0.958063,0.734478,2.438420,-1.350250,-0.648679,-0.666458,0.765336,-1.838356,0.221065,0.658789
"red",6,1.059074,1.351234,1.229739,1.171354,2.133135,-1.294357,0.225758,-0.372764,2.617580,-1.645015,0.459555,0.182467
"red",7,1.059074,1.351234,2.180604,0.963318,2.514741,-1.350250,-0.836059,-0.598682,0.831487,-1.750474,0.996158,0.709818
"red",7,1.059074,1.404909,0.550549,0.561115,1.217280,-1.294357,0.538057,-0.508315,1.691458,-1.732897,-0.196292,0.060332
"red",7,1.059074,1.807466,2.656037,1.344717,3.277953,-1.350250,-1.335737,-0.146845,1.956064,-1.750474,1.175025,0.466345
"red",6,1.143271,-0.124811,0.686387,0.616591,0.301425,-1.350250,1.350035,-0.689050,1.889913,-1.592286,-0.255915,0.557214
"red",5,1.143271,-0.097974,-1.487020,-0.312637,-0.843394,-0.958995,2.162012,-0.553499,-0.226938,-1.539556,2.218419,0.539497
"red",7,1.143271,0.492444,0.890144,0.346144,1.293601,-1.126676,1.162655,-0.734234,1.493003,-1.645015,-1.329120,0.741615
"red",6,1.143271,0.519281,-1.147425,0.588853,-0.767072,-0.958995,1.974633,0.011298,0.434578,-1.539556,2.128986,0.260317
"red",6,1.143271,0.680304,-2.166210,-0.319571,-0.461787,-1.406144,1.724793,-0.734234,-0.623848,-1.732897,3.679171,0.510831
"red",6,1.143271,0.733979,0.686387,0.321873,2.743704,-0.623633,0.350678,-0.779417,1.294548,-1.539556,-0.315537,0.067561
"red",6,1.143271,0.760816,-0.128641,-0.368113,-0.156502,-1.350250,0.662977,-0.689050,-0.491544,-1.328638,0.519178,0.268172
"red",6,1.143271,0.921839,0.958063,0.644329,2.056813,-1.126676,-0.273921,-0.643866,1.029942,-1.293485,0.578800,0.671795
"red",6,1.143271,1.163374,1.161820,2.246206,4.041165,-1.406144,0.163298,-0.169437,1.360700,-1.768050,1.532760,0.083772
"red",6,1.143271,1.780629,2.316442,0.658198,3.125311,-1.517931,-0.149001,-0.598682,-0.028483,-1.873509,0.101820,0.365781
"red",5,1.185369,-0.178486,-1.758696,-0.361178,-0.767072,-1.350250,2.162012,-0.779417,0.037668,-1.697744,1.830873,0.706070
"red",4,1.227467,-0.178486,0.550549,0.394686,0.988316,-1.517931,0.350678,0.282401,0.169971,-1.838356,0.340310,0.348573
"red",6,1.227467,0.009375,0.346792,-0.153142,0.759352,0.717815,0.038378,-0.711642,1.823761,-0.713462,-0.017425,0.521918
"red",6,1.227467,0.116724,1.025982,0.460564,2.133135,-1.350250,0.038378,-0.689050,-0.094635,-1.820780,0.042198,0.262439
"red",7,1.227467,0.170398,0.414711,0.054894,1.140959,-1.126676,0.475597,-0.395356,1.294548,-1.680168,-0.077047,0.081796
"red",7,1.227467,0.250909,1.161820,2.384897,4.346450,-1.406144,-0.149001,0.169441,0.831487,-1.398944,0.042198,0.263111
"red",6,1.227467,0.277747,-0.332398,-0.236357,-0.538109,-1.238463,-0.086541,-0.508315,0.169971,-1.240756,-0.017425,0.169535
"red",6,1.227467,0.385095,-0.332398,-0.222488,0.148782,-0.903101,0.787896,-0.666458,0.633033,-1.574709,0.876913,0.737562
"red",6,1.227467,0.465607,1.025982,0.644329,2.514741,-1.182569,0.038378,-0.643866,1.493003,-1.609862,0.101820,0.357255
"red",7,1.227467,0.465607,1.433496,0.581918,1.675207,-1.350250,-0.149001,-0.598682,3.940612,-1.697744,-0.434782,0.456911
"red",7,1.227467,0.465607,2.791875,1.552753,2.438420,0.438347,-0.336380,0.338881,2.088367,-0.678309,0.578800,0.726882
"red",7,1.227467,0.948676,1.773091,1.015327,2.285777,-1.070782,0.413137,-0.214620,3.014489,-1.592286,0.578800,0.366590
"red",6,1.227467,0.975514,2.384361,1.414062,5.033341,-1.350250,-1.273278,-0.463131,2.617580,-1.750474,0.876913,0.297508
"red",6,1.311664,-0.285834,0.346792,0.893972,0.377746,-0.400058,1.162655,-0.734234,1.162245,-0.959532,-0.673272,0.221093
"red",5,1.311664,-0.232160,-1.487020,-0.506804,-0.690751,-1.014888,2.037092,-0.779417,-0.160786,-1.557133,1.532760,0.337917
"red",6,1.311664,-0.151648,-0.604073,0.235191,-0.538109,-0.120590,1.350035,0.734238,0.103820,-0.414661,0.280688,0.077506
"red",7,1.311664,-0.124811,1.093901,0.020221,2.285777,-1.406144,-0.149001,-0.666458,1.029942,-1.855933,-0.017425,0.707330
"red",6,1.311664,0.197235,-1.215344,-0.447860,-0.003860,-0.847207,0.787896,-0.666458,0.500729,-1.504403,1.115403,0.567304
"red",7,1.311664,0.250909,0.414711,0.432826,2.667383,-0.064696,-0.461300,-0.553499,1.691458,-1.029838,1.055780,0.639483
"red",7,1.311664,0.760816,1.025982,0.984121,2.972668,-1.182569,0.100838,-0.542203,1.559155,-1.416521,0.459555,0.067828
"red",7,1.311664,0.895002,1.161820,0.158912,0.835674,-1.070782,0.288218,-0.282396,0.699184,-1.592286,-0.255915,0.473197
"red",7,1.311664,1.190211,1.433496,0.464031,1.293601,-1.517931,-0.086541,-0.237212,0.368426,-1.838356,0.817290,0.605694
"red",7,1.395860,-0.071137,-1.894534,-0.631625,-1.530285,-0.623633,1.974633,-0.779417,0.566881,-0.151014,0.817290,0.066427
"red",6,1.395860,0.036212,0.618468,-0.132339,1.369922,-0.847207,-0.024081,-0.689050,0.434578,-1.311062,0.340310,0.247413
"red",6,1.395860,0.170398,-2.166210,-0.905539,-1.148679,-1.070782,1.412494,-0.824601,0.169971,-1.697744,1.532760,0.337114
"red",6,1.395860,0.304584,0.754306,-0.076863,1.369922,-0.064696,-0.149001,-0.598682,0.434578,-1.205603,0.340310,0.334743
"red",5,1.395860,0.599793,-1.962453,0.616591,-0.461787,-1.350250,1.849713,0.621279,-0.226938,-1.803203,2.725211,0.399400
"red",6,1.395860,0.680304,0.550549,0.297602,0.301425,-1.350250,1.350035,-0.530907,0.037668,-1.820780,0.519178,0.417238
"red",7,1.395860,1.002351,0.958063,0.647796,1.675207,-1.517931,0.288218,-0.101661,0.699184,-1.838356,0.310499,0.650792
"red",7,1.395860,1.914815,1.433496,1.622098,3.583238,-1.294357,-0.336380,-0.372764,2.022216,-1.645015,2.099174,0.057557
"red",7,1.480057,-0.178486,2.452280,-0.472131,0.530389,0.382453,-1.335737,0.734238,-0.160786,2.872140,-0.255915,0.092390
"red",7,1.480057,-0.178486,2.452280,-0.472131,0.530389,0.382453,-1.335737,0.734238,-0.160786,3.065482,-0.255915,0.708465
"red",6,1.480057,-0.044300,-2.166210,-0.804989,-0.690751,-0.176483,1.412494,-0.824601,-0.359241,-1.434097,0.757668,0.164683
"red",7,1.480057,0.063049,-1.962453,0.235191,-0.461787,0.102985,1.849713,-0.621274,0.169971,-1.170450,2.963701,0.128193
"red",7,1.480057,0.277747,0.890144,-0.340375,1.293601,-1.294357,0.163298,-0.756826,0.103820,-1.803203,-0.375160,0.115583
"red",7,1.480057,0.411933,-2.030372,0.339209,-0.461787,-0.735420,2.224472,-0.530907,2.352974,-1.416521,2.814644,0.669188
"red",6,1.480057,0.465607,0.958063,0.682469,1.904171,-1.406144,0.288218,-0.666458,1.360700,-1.732897,0.459555,0.504811
"red",6,1.480057,1.109699,0.686387,0.186650,0.759352,-1.517931,0.288218,-0.621274,0.103820,-1.855933,-0.136670,0.488715
"red",6,1.564253,-0.473695,1.161820,-0.375048,-0.080181,-1.238463,1.037735,-0.734234,0.169971,-1.697744,-0.732895,0.642470
"red",6,1.564253,-0.473695,1.908928,0.460564,1.904171,-1.406144,0.475597,-0.689050,2.154519,-1.680168,1.115403,0.068209
"red",7,1.564253,-0.232160,0.278873,0.165846,0.683031,0.270666,0.288218,-0.643866,3.146793,-1.082568,-0.315537,0.258524
"red",6,1.564253,-0.017462,-1.283263,-0.312637,-0.996036,-0.903101,2.474311,-0.598682,0.897639,-1.521980,0.310499,0.562091
"red",7,1.564253,0.170398,0.346792,-0.045657,-0.003860,-1.070782,1.849713,-0.576091,1.757609,-1.293485,-0.554027,0.696031
"red",6,1.564253,0.411933,0.686387,-0.208619,0.911995,-0.400058,-0.711139,-0.666458,1.625306,-1.381368,-0.017425,0.334720
"red",7,1.564253,0.465607,1.365577,0.197052,1.827850,-0.958995,0.850356,-0.643866,1.493003,-1.574709,-0.077047,0.206189
"red",6,1.648450,-0.420020,-2.166210,-0.673233,-1.682927,-0.791314,4.910244,-0.869785,0.368426,-1.205603,2.367476,0.515643
"red",6,1.648450,-0.420020,-2.166210,-0.673233,-1.377642,-0.791314,4.910244,-0.869785,0.368426,-1.205603,2.367476,0.447484
"red",7,1.648450,-0.420020,0.482630,-0.229422,0.911995,-1.462038,0.288218,-0.689050,1.162245,-1.838356,-0.554027,0.273199
"red",6,1.648450,-0.339509,-0.604073,-0.347309,-0.843394,-0.791314,1.474954,-0.576091,0.765336,-0.783767,1.413515,0.357368
"red",6,1.648450,-0.124811,0.890144,0.096501,1.293601,-1.350250,0.787896,-0.711642,1.096094,-1.732897,0.519178,0.499488
"red",7,1.648450,-0.071137,-2.098291,-0.388917,-1.453963,-1.406144,2.162012,-0.756826,2.022216,-1.539556,1.353893,0.096079
"red",6,1.648450,0.224072,1.501415,0.273331,2.209456,-1.294357,-0.336380,-0.621274,-0.028483,-1.557133,-0.434782,0.269624
"red",6,1.648450,0.304584,-2.166210,-0.555345,-0.919715,-0.847207,2.224472,-0.621274,0.368426,-1.434097,0.876913,0.418456
"red",8,1.648450,0.385095,1.229739,0.034090,1.446243,-1.294357,-0.086541,-0.734234,1.029942,-1.732897,0.340310,0.658562
"red",6,1.648450,0.492444,-0.807830,0.051426,-0.919715,-0.847207,2.224472,-0.598682,0.897639,-1.135297,1.413515,0.051857
"red",7,1.648450,0.572956,0.482630,-0.028321,0.835674,-0.735420,0.538057,-0.598682,1.559155,-1.258332,-0.196292,0.409232
"red",6,1.648450,0.626630,-2.166210,-0.028321,-1.530285,-0.847207,3.473668,-0.655162,0.500729,-1.521980,1.801062,0.282191
"red",6,1.648450,0.626630,1.705172,0.692871,1.446243,-1.350250,0.350678,-0.101661,0.236123,-1.662592,0.340310,0.316180
"red",7,1.648450,0.680304,0.143035,-0.333440,0.301425,-0.232377,-0.024081,-0.576091,0.368426,-1.398944,-0.196292,0.277385
"red",7,1.648450,0.680304,1.161820,0.110370,2.056813,-1.182569,-0.211461,-0.011294,-0.094635,-1.715321,-0.434782,0.338674
"red",7,1.648450,4.276488,0.890144,-0.326506,0.606710,-1.406144,-0.461300,-0.666458,1.823761,-1.732897,-0.196292,0.685267
"red",5,1.732646,0.277747,-1.622858,-0.409720,-0.385466,-1.238463,1.287575,-0.293692,-0.094635,-1.732897,2.128986,0.666611
"red",7,1.732646,0.304584,0.550549,0.117304,1.293601,-1.014888,0.288218,-0.643866,1.426852,-1.521980,0.221065,0.462706
"red",8,1.732646,0.438770,0.890144,1.067336,2.362098,-1.406144,0.038378,0.304993,1.889913,-1.785627,-0.136670,0.116041
"red",7,1.732646,0.572956,0.618468,0.269864,1.140959,-0.288271,0.100838,0.259809,1.559155,-1.275909,0.399933,0.188612
"red",6,1.816843,-0.205323,0.346792,-1.543517,0.606710,0.326559,-2.085255,-0.937561,-0.623848,-0.098285,-0.971385,0.429049
"red",7,1.816843,-0.124811,-2.166210,-0.465197,-0.080181,-1.350250,0.787896,-0.598682,0.831487,-1.820780,1.890496,0.115391
"red",8,1.816843,0.224072,-1.554939,-0.121937,0.454067,0.214772,1.474954,-0.621274,1.360700,-1.223179,1.353893,0.121253
"red",7,1.816843,0.358258,0.686387,-0.090732,0.835674,-1.182569,0.975276,-0.621274,1.559155,-1.662592,-0.077047,0.326798
"red",6,1.816843,0.492444,-0.875749,0.373882,-0.690751,-0.847207,2.099552,-0.417947,-0.094635,-1.328638,0.101820,0.306452
"red",6,1.816843,0.760816,1.161820,2.627606,4.422772,-1.350250,0.475597,-0.169437,0.963790,-1.188027,0.757668,0.493356
"red",5,1.901039,-0.232160,-0.264479,-0.271030,-0.690751,-0.958995,1.162655,-0.666458,0.434578,-1.152874,1.353893,0.503113
"red",7,1.901039,-0.124811,0.550549,-0.333440,0.759352,-1.462038,0.662977,-0.598682,1.096094,-1.838356,-0.375160,0.178951
"red",6,1.901039,0.197235,-1.147425,-0.562280,-0.538109,-1.014888,0.662977,-0.463131,0.368426,-1.539556,0.996158,0.335807
"red",7,1.901039,0.277747,0.007197,-0.596953,-0.309145,-1.462038,0.850356,-0.734234,0.103820,-1.873509,0.101820,0.510690
"red",6,1.901039,0.304584,0.075116,-0.132339,-0.003860,0.214772,0.288218,-0.576091,1.625306,-0.221320,1.890496,0.317346
"red",6,1.901039,0.572956,-2.098291,0.339209,-0.385466,-0.735420,2.037092,-0.598682,0.500729,-1.451674,2.427098,0.180778
"red",8,1.901039,0.572956,0.958063,0.963318,0.530389,-0.847207,0.787896,-0.327580,2.154519,-1.363791,0.042198,0.504356
"red",6,1.901039,0.572956,2.520199,0.443227,3.583238,-1.014888,-1.398197,-0.621274,0.765336,-1.592286,0.161443,0.363094
"red",7,1.901039,0.814490,-2.166210,-0.257160,-1.225000,-1.517931,3.036449,-0.643866,0.633033,-1.820780,1.890496,0.016659
"red",7,1.985236,-0.393183,-0.943668,-0.735643,-1.606606,-0.791314,1.474954,-0.666458,2.220670,-0.238897,0.996158,0.743930
"red",7,1.985236,-0.339509,-2.166210,-0.652429,-1.606606,-0.903101,2.099552,-0.756826,2.683732,-0.502544,1.443327,0.477760
"red",6,1.985236,-0.044300,-2.166210,-1.006090,-0.614430,-1.294357,1.537414,-0.768121,-0.028483,-1.803203,2.069363,0.717698
"red",6,1.985236,0.036212,-1.011587,-0.458262,-1.911891,-0.735420,3.910887,-0.621274,0.434578,-0.151014,1.532760,0.330659
"red",5,1.985236,0.250909,-2.166210,-0.680167,-1.225000,-1.294357,1.849713,-0.576091,0.302275,-1.750474,1.890496,0.682751
"red",7,1.985236,0.304584,0.414711,-0.333440,-0.003860,-0.400058,0.725436,-0.508315,1.228397,-1.275909,0.221065,0.638935
"red",6,1.985236,0.358258,0.007197,-0.118470,0.072461,1.164964,0.725436,-0.666458,1.889913,-0.783767,1.055780,0.238901
"red",7,2.069432,-0.285834,-1.622858,-0.735643,-1.377642,-0.958995,2.162012,-0.869785,2.088367,-0.379508,2.933889,0.364654
"red",5,2.069432,-0.205323,-1.554939,-0.284899,-1.225000,-0.735420,2.536771,-0.621274,0.633033,-0.274050,0.936535,0.725390
"red",7,2.069432,0.250909,2.995632,2.038170,3.659559,-1.294357,-0.024081,-0.192029,0.434578,-1.346215,0.161443,0.697322
"red",4,2.153628,-0.071137,-1.147425,-0.388917,-1.988212,-1.238463,4.223186,-0.666458,0.169971,-0.871650,1.055780,0.106974
"red",8,2.153628,0.519281,0.143035,-0.752980,0.530389,-1.238463,-0.149001,-0.576091,1.228397,-1.715321,1.175025,0.109509
"red",6,2.237825,2.022164,1.093901,0.432826,1.598886,-1.517931,0.038378,-0.282396,0.236123,-1.820780,0.221065,0.223596
"red",7,2.322021,-0.044300,1.229739,0.235191,1.522565,-1.014888,0.725436,-0.576091,1.691458,-1.574709,0.399933,0.140264
"red",7,2.406218,-0.124811,1.297658,0.165846,1.293601,-0.958995,0.600517,-0.553499,2.419125,-1.539556,0.340310,0.667696
"red",8,2.406218,0.787653,2.384361,1.483408,3.125311,-1.350250,-0.024081,0.033890,1.029942,-1.680168,1.652005,0.282899
"red",6,2.406218,1.539094,2.452280,0.859300,2.591062,-1.350250,-1.023438,-0.214620,0.831487,-1.592286,0.578800,0.320616
"red",6,2.490414,0.170398,-0.400317,-1.047697,-1.072357,-1.517931,1.037735,-0.756826,0.037668,-1.820780,-0.315537,0.740223
"red",7,2.546546,-0.232160,-1.419101,-0.936745,-1.453963,-0.791314,1.974633,-0.643866,2.286822,-0.449814,0.757668,0.663785
"red",7,2.574611,-0.339509,-2.166210,-1.023426,-1.606606,-0.679526,2.849070,-0.734234,1.294548,-0.467391,0.459555,0.439663
"red",6,2.574611,-0.285834,1.229739,-1.498442,-1.682927,-0.064696,1.662334,-0.169437,0.831487,-0.608003,0.340310,0.302889
"red",7,2.574611,0.492444,0.143035,-0.423589,0.148782,-0.679526,0.975276,-0.734234,2.286822,-1.346215,0.101820,0.133877
"red",8,2.911397,-0.339509,-1.962453,-1.290406,-1.301321,-0.120590,1.724793,-0.734234,1.889913,-0.484967,0.876913,0.210238
"red",7,2.911397,-0.232160,-2.166210,-1.033828,-1.759248,-0.791314,3.036449,-0.666458,1.360700,-1.275909,0.459555,0.037456
"red",6,2.911397,-0.232160,-2.098291,-1.276537,-1.682927,-0.232377,2.973990,-0.779417,1.426852,-0.959532,0.221065,0.123706
"red",6,2.911397,-0.178486,-2.166210,-1.013025,-1.530285,-0.176483,2.849070,-0.734234,1.691458,-0.906803,-0.017425,0.464574
"red",8,2.911397,0.089886,-0.536154,-0.978352,-1.682927,-0.623633,3.098909,-0.689050,1.360700,-1.135297,0.459555,0.619847
"red",6,2.911397,0.224072,0.890144,0.061828,1.217280,-1.294357,0.600517,-0.553499,1.691458,-1.697744,0.698045,0.534622
"red",5,3.669165,1.056025,2.248523,1.067336,6.636087,-0.455952,-1.523117,0.553503,2.022216,-0.766191,0.101820,0.343685
"white",5,-2.140391,-0.634718,-0.739911,-0.416655,-2.064533,3.288923,0.725436,-0.926265,-0.756151,0.780539,-0.911762,0.577297
"white",3,-2.140391,-0.420020,-0.604073,0.817692,-2.293497,1.891582,1.225115,0.011298,-0.623848,0.745386,-0.762706,0.601625
"white",6,-1.719409,-0.312672,1.161820,1.275372,-0.614430,1.276752,-0.523760,1.863832,-0.359241,2.256964,0.161443,0.045967
"white",5,-1.719409,-0.071137,-1.079506,-0.187815,-0.538109,-1.070782,-0.211461,-0.847193,-0.954605,-0.133438,0.101820,0.351652
"white",6,-1.719409,-0.071137,1.093901,2.031236,-0.614430,1.444433,-1.523117,2.925651,0.500729,1.202375,-0.971385,0.384000
"white",6,-1.719409,-0.071137,1.093901,2.031236,-0.538109,1.444433,-1.523117,2.925651,0.500729,1.202375,-0.971385,0.624237
"white",5,-1.719409,0.063049,0.210954,0.893972,-0.843394,2.953561,0.912816,0.914973,-0.226938,2.362423,0.519178,0.323513
"white",3,-1.719409,0.250909,0.414711,0.789954,1.446243,0.214772,0.038378,-0.779417,-1.020757,1.184798,1.473138,0.217687
"white",5,-1.635212,-0.473695,-0.128641,-0.111535,-0.690751,-0.344164,-1.085898,-0.440539,-0.689999,0.007174,-0.375160,0.444520
"white",5,-1.635212,-0.473695,1.773091,1.136681,0.377746,0.606028,-1.023438,1.366811,-0.293090,0.639927,-0.017425,0.407922
"white",4,-1.635212,-0.420020,2.044766,1.067336,-0.003860,2.226944,-0.898519,1.299035,-0.293090,1.307834,0.340310,0.369854
"white",5,-1.635212,-0.420020,2.520199,1.102008,0.072461,1.556220,-1.023438,1.163484,-0.557696,0.798116,-0.196292,0.470911
"white",5,-1.635212,-0.393183,-0.196560,1.677575,-0.919715,-0.120590,1.037735,1.818649,-0.557696,0.182939,-0.792517,0.092112
"white",7,-1.635212,-0.339509,0.686387,2.003498,0.606710,0.829602,-0.086541,2.157527,1.029942,0.850845,-0.732895,0.699642
"white",4,-1.635212,-0.285834,-0.875749,0.339209,-0.538109,-1.350250,0.163298,-0.192029,-1.219212,-0.010402,-0.434782,0.451415
"white",5,-1.635212,-0.097974,-0.060722,1.102008,-0.843394,0.885496,-0.398840,1.570138,-0.359241,2.169081,-0.017425,0.653297
"white",6,-1.635212,0.948676,-0.536154,0.200519,-0.309145,-0.008803,-1.210818,-0.033885,-0.491544,0.147786,-0.732895,0.002381
"white",5,-1.551016,-0.527369,2.859794,1.240699,-0.003860,0.941390,-1.148358,1.683097,-0.623848,0.727810,-0.434782,0.658592
"white",5,-1.551016,-0.393183,-0.332398,1.934152,-0.309145,0.606028,0.475597,2.959538,-1.153060,0.552045,-0.792517,0.575338
"white",6,-1.551016,-0.393183,1.161820,1.795462,-0.461787,0.606028,0.350678,2.959538,-0.954605,0.762963,-0.792517,0.608000
"white",5,-1.551016,-0.393183,2.452280,1.348184,0.301425,1.444433,-1.085898,1.773465,-0.822302,0.798116,-0.852140,0.007139
"white",6,-1.551016,-0.366346,-0.400317,1.414062,0.606710,0.606028,-1.210818,2.021975,0.236123,2.344846,-0.554027,0.611688
"white",5,-1.551016,-0.366346,1.637253,1.032663,-0.232824,0.550134,-0.523760,1.389403,-0.491544,0.481739,0.340310,0.428405
"white",5,-1.551016,-0.339509,2.791875,1.944554,1.140959,-0.176483,-1.648036,2.101047,2.286822,1.342987,-0.196292,0.741493
"white",6,-1.551016,-0.312672,1.161820,0.408555,-0.538109,-0.791314,-0.711139,0.598687,-1.086909,0.956304,0.578800,0.564416
"white",5,-1.551016,-0.312672,1.976847,0.997990,-0.080181,1.332645,-0.711139,1.524954,-0.557696,0.710233,0.519178,0.552421
"white",5,-1.551016,-0.312672,2.384361,1.032663,-0.080181,1.053177,-0.398840,1.231260,-0.623848,0.710233,0.161443,0.364521
"white",5,-1.551016,-0.312672,2.452280,1.136681,0.225104,0.438347,-1.398197,1.321627,-1.153060,0.323551,-0.792517,0.366601
"white",5,-1.551016,-0.258997,-0.128641,1.240699,-0.767072,-0.120590,-0.273921,1.366811,-0.293090,2.151505,-0.017425,0.462626
"white",5,-1.551016,-0.232160,0.550549,2.246206,-0.309145,0.997283,-1.835416,3.829326,-0.226938,0.921151,-0.375160,0.323426
"white",5,-1.551016,-0.178486,-0.604073,1.379390,0.072461,1.053177,-0.149001,1.954200,-0.491544,1.448446,-0.136670,0.148445
"white",7,-1.551016,-0.178486,-0.332398,1.344717,0.148782,-0.288271,-2.022795,2.360854,-0.689999,0.358704,-1.090630,0.362761
"white",5,-1.551016,-0.178486,2.248523,1.067336,-0.003860,2.562306,-0.398840,1.208668,-0.756151,1.360563,0.698045,0.242772
"white",5,-1.551016,-0.151648,1.841009,1.504211,0.683031,1.668007,-1.648036,1.931608,-0.954605,0.341127,0.101820,0.325700
"white",5,-1.551016,-0.151648,2.316442,1.067336,0.148782,2.618199,-1.085898,1.299035,-0.491544,1.395716,0.399933,0.736229
"white",7,-1.551016,-0.017462,-0.128641,1.292708,0.148782,0.158878,-2.022795,1.954200,-0.623848,0.938728,-1.090630,0.213961
"white",6,-1.551016,-0.017462,1.569334,2.488915,0.148782,1.276752,-1.648036,2.609364,0.302275,2.169081,-0.136670,0.304235
"white",5,-1.551016,0.009375,1.161820,2.090179,-0.309145,1.388539,-1.398197,3.219345,0.169971,2.327270,-0.613650,0.088956
"white",6,-1.551016,0.063049,-0.468236,1.098541,-0.767072,0.158878,-0.523760,1.592730,0.169971,0.991457,-0.017425,0.675830
"white",4,-1.551016,0.089886,-1.690777,-0.492935,-0.919715,-1.182569,-0.711139,-0.869785,-1.219212,-0.115861,1.950118,0.099479
"white",5,-1.551016,0.089886,-1.147425,-0.340375,-0.919715,1.164964,-0.523760,-0.847193,-0.160786,0.692657,-0.494405,0.379894
"white",6,-1.551016,0.438770,-0.196560,1.344717,-0.309145,1.444433,-1.023438,2.338262,-0.822302,1.026610,-0.673272,0.427938
"white",4,-1.551016,0.546119,-0.807830,-0.042190,-1.453963,0.997283,0.475597,-0.892377,0.037668,0.903575,-0.255915,0.151226
"white",5,-1.551016,0.760816,-0.468236,2.052039,-0.003860,-0.623633,-0.773599,3.106386,-0.160786,-0.063132,-0.673272,0.202373
"white",6,-1.551016,1.753792,4.557768,-0.319571,-0.461787,0.829602,-0.836059,-0.869785,-1.483818,0.253245,-0.911762,0.032430
"white",5,-1.551016,2.451559,1.365577,0.054894,-0.080181,0.829602,-0.898519,-0.847193,0.169971,0.604774,0.340310,0.684740
"white",5,-1.466819,-0.661555,-2.166210,-0.576149,-0.996036,-1.014888,0.163298,-0.960152,-1.153060,-0.572850,1.175025,0.148082
"white",5,-1.466819,-0.500532,0.278873,1.635967,-0.538109,0.717815,0.225758,2.541589,-0.822302,0.323551,-0.673272,0.379953
"white",5,-1.466819,-0.500532,1.433496,0.339209,-0.614430,1.612114,-1.210818,0.350176,-0.756151,2.098775,-0.554027,0.370782
"white",6,-1.466819,-0.473695,0.278873,1.712247,-0.767072,0.382453,0.038378,2.744916,-0.689999,0.270821,-0.673272,0.267587
"white",4,-1.466819,-0.473695,2.112685,1.171354,0.377746,1.556220,-0.898519,1.366811,-0.623848,1.132069,-0.375160,0.098061
"white",5,-1.466819,-0.446857,0.958063,-0.458262,-1.148679,0.047091,-0.586220,-0.824601,-0.425393,0.956304,0.698045,0.566807
"white",5,-1.466819,-0.420020,-0.807830,0.145042,-0.538109,-1.182569,-1.772956,0.350176,-0.160786,0.200515,-0.166481,0.120904
"white",5,-1.466819,-0.393183,1.229739,0.928645,-0.614430,0.829602,-0.461300,1.479770,-0.689999,0.675080,-0.792517,0.106097
"white",6,-1.466819,-0.366346,0.075116,1.691444,-0.156502,0.941390,0.725436,2.157527,0.897639,0.938728,-0.375160,0.387680
"white",6,-1.466819,-0.312672,0.278873,2.246206,-0.156502,0.829602,-1.398197,3.535631,-0.557696,0.973881,-0.434782,0.710843
"white",6,-1.466819,-0.312672,1.297658,1.781593,-0.538109,0.214772,-0.149001,2.835283,-0.425393,0.182939,-0.792517,0.637811
"white",5,-1.466819,-0.312672,2.044766,1.133214,0.225104,1.164964,-0.398840,1.253852,-0.623848,0.675080,-0.613650,0.333071
"white",5,-1.466819,-0.285834,0.278873,1.899480,-0.309145,0.102985,0.288218,2.948242,-0.359241,0.323551,-0.792517,0.212178
"white",6,-1.466819,-0.285834,2.316442,1.171354,-0.919715,-0.232377,-0.523760,2.451221,-0.226938,0.868422,-0.017425,0.597883
"white",6,-1.466819,-0.258997,-0.604073,1.573557,-0.461787,0.382453,-0.898519,2.767507,-0.491544,0.059904,-0.732895,0.459976
"white",6,-1.466819,-0.258997,-0.536154,1.334315,-1.148679,0.773709,-1.585577,1.976792,0.831487,-0.045555,-0.852140,0.146786
"white",5,-1.466819,-0.258997,-0.332398,1.004925,-0.461787,1.332645,-1.148358,1.186076,-0.557696,1.835128,-0.613650,0.164494
"white",5,-1.466819,-0.258997,1.501415,1.448735,-0.385466,0.773709,-1.148358,2.541589,0.169971,1.167222,-0.017425,0.458798
"white",5,-1.466819,-0.258997,2.452280,1.136681,0.225104,0.382453,-1.460657,1.344219,-1.020757,0.323551,-0.673272,0.164506
"white",7,-1.466819,-0.232160,0.822225,1.743453,-0.614430,-0.064696,0.225758,2.112343,0.037668,1.993316,0.578800,0.283601
"white",5,-1.466819,-0.232160,1.093901,2.246206,0.225104,1.388539,-1.710496,3.253233,-0.888454,2.256964,-0.077047,0.227304
"white",6,-1.466819,-0.232160,1.229739,1.566622,-0.538109,0.326559,-1.273278,2.564181,-0.293090,1.184798,-0.732895,0.021976
"white",5,-1.466819,-0.205323,-0.604073,1.046532,-0.461787,0.829602,-0.648679,1.208668,-0.160786,1.325410,-0.375160,0.268121
"white",5,-1.466819,-0.178486,-0.536154,1.206026,-0.080181,1.220858,-0.773599,1.818649,-0.293090,1.571481,-0.136670,0.690445
"white",5,-1.466819,-0.178486,-0.468236,1.934152,-0.538109,0.773709,0.475597,2.722324,-1.086909,0.411433,-0.732895,0.036477
"white",5,-1.466819,-0.178486,0.686387,1.864807,-0.156502,0.270666,-0.024081,2.936947,-0.756151,0.516892,-0.673272,0.683702
"white",6,-1.466819,-0.178486,1.093901,1.698378,-0.385466,0.047091,-1.710496,2.202710,1.426852,1.413293,-0.792517,0.446343
"white",5,-1.466819,-0.178486,1.161820,0.651263,-0.461787,1.220858,-0.648679,0.598687,-0.557696,1.852705,-0.196292,0.101378
"white",5,-1.466819,-0.178486,2.859794,1.206026,-0.003860,1.444433,-1.210818,1.931608,-0.623848,0.833269,-0.494405,0.709082
"white",5,-1.466819,-0.151648,-0.943668,0.651263,-0.843394,-0.120590,-0.211461,0.892382,-0.226938,2.538187,0.340310,0.633058
"white",4,-1.466819,-0.124811,0.346792,0.519507,-0.461787,-0.958995,0.100838,0.259809,-0.954605,0.868422,-0.196292,0.525254
"white",6,-1.466819,-0.097974,-0.264479,5.470765,0.530389,0.270666,-0.461300,5.998146,-1.020757,1.079339,-0.077047,0.121397
"white",5,-1.466819,-0.097974,0.007197,-0.132339,-0.919715,-0.232377,0.975276,-0.892377,0.037668,1.026610,0.101820,0.433829
"white",6,-1.466819,-0.097974,0.754306,2.176861,1.217280,1.668007,0.350678,2.247894,1.691458,1.219951,-0.852140,0.039946
"white",8,-1.466819,-0.097974,0.822225,2.107516,0.683031,0.717815,0.350678,2.044567,1.426852,0.534469,-1.031007,0.342588
"white",5,-1.466819,-0.071137,-0.400317,0.547245,-0.461787,1.444433,-0.336380,0.598687,-0.557696,1.659363,-0.136670,0.381460
"white",5,-1.466819,-0.071137,0.007197,1.344717,0.454067,0.661921,-1.335737,1.615322,0.037668,0.411433,-0.613650,0.703303
"white",6,-1.466819,-0.071137,1.229739,1.694911,-0.538109,1.109071,-1.772956,2.948242,0.699184,1.870281,-0.852140,0.368066
"white",5,-1.466819,-0.044300,-0.536154,1.483408,-0.080181,0.885496,-0.648679,2.338262,-0.293090,1.466022,0.042198,0.217936
"white",5,-1.466819,-0.017462,-1.147425,-0.319571,-0.919715,0.270666,-0.648679,-0.802009,-0.557696,0.235668,-0.434782,0.523043
"white",5,-1.466819,-0.017462,-0.604073,0.755281,-0.232824,1.444433,-0.336380,0.802014,-0.623848,1.764822,-0.315537,0.194737
"white",8,-1.466819,-0.017462,-0.264479,-0.042190,-0.232824,1.053177,-1.273278,-0.598682,-0.425393,0.780539,-0.792517,0.123141
"white",6,-1.466819,-0.017462,0.618468,1.726116,-0.385466,2.506412,-0.149001,2.383446,-0.623848,0.710233,-0.911762,0.455915
"white",5,-1.466819,-0.017462,1.093901,1.216428,0.225104,1.723901,-1.585577,1.660505,-0.094635,1.079339,0.042198,0.435891
"white",6,-1.466819,0.089886,-1.011587,1.608229,-0.690751,1.164964,-0.586220,2.869171,-0.359241,1.325410,-0.136670,0.591607
"white",6,-1.466819,0.089886,1.501415,2.530522,1.522565,0.885496,-0.898519,2.767507,0.500729,2.116352,-0.017425,0.574841
"white",5,-1.466819,0.116724,-0.400317,1.615164,-0.690751,1.612114,-0.711139,2.835283,-0.293090,1.466022,0.042198,0.074002
"white",6,-1.466819,0.331421,-0.807830,1.580491,-0.767072,0.158878,-0.461300,2.948242,-0.226938,0.762963,0.042198,0.121755
"white",5,-1.466819,0.599793,0.007197,0.727543,-0.385466,0.382453,-1.273278,1.186076,-0.557696,0.130210,-0.613650,0.354731
"white",6,-1.466819,0.680304,1.501415,0.477900,-0.538109,1.891582,-2.085255,0.779422,-0.954605,0.850845,-1.031007,0.621094
"white",5,-1.466819,0.895002,-0.400317,-0.042190,0.072461,-1.294357,-1.335737,-0.395356,-0.094635,0.358704,0.996158,0.309894
"white",5,-1.382623,-0.634718,0.754306,0.997990,-0.614430,1.891582,-0.898519,1.705689,-1.020757,2.028469,-0.494405,0.484697
"white",5,-1.382623,-0.607881,-0.671992,0.547245,-0.309145,1.388539,-0.211461,0.689055,-0.094635,1.553904,-0.434782,0.420598
"white",6,-1.382623,-0.581043,1.161820,0.970252,-0.461787,1.500326,-0.898519,1.434587,0.037668,0.393857,-0.345349,0.572619
"white",6,-1.382623,-0.554206,1.773091,1.102008,0.454067,0.773709,-1.023438,1.389403,-0.822302,0.815692,-0.434782,0.371526
"white",6,-1.382623,-0.527369,2.384361,0.720609,0.225104,1.276752,-2.022795,0.689055,-0.822302,0.903575,-0.315537,0.619185
"white",6,-1.382623,-0.500532,0.686387,0.609656,-0.385466,3.065349,-1.148358,1.208668,-0.623848,1.184798,-1.031007,0.011541
"white",5,-1.382623,-0.500532,2.656037,1.209493,0.225104,1.220858,-1.210818,1.524954,-0.491544,0.587198,-1.031007,0.572298
"white",5,-1.382623,-0.420020,-0.943668,0.477900,-0.309145,2.282837,-0.523760,0.553503,-0.822302,1.905434,-0.136670,0.688705
"white",5,-1.382623,-0.420020,0.822225,0.183182,-0.843394,1.723901,-0.648679,0.372768,-0.888454,2.028469,-0.434782,0.021084
"white",5,-1.382623,-0.393183,-1.011587,0.477900,-0.232824,2.171050,-0.586220,0.576095,-0.888454,1.835128,-0.136670,0.704402
"white",6,-1.382623,-0.339509,-0.196560,1.587426,-0.461787,1.332645,-0.336380,2.112343,0.302275,1.096916,0.042198,0.404757
"white",5,-1.382623,-0.339509,0.143035,1.816265,0.454067,2.003369,-0.024081,1.954200,1.426852,1.219951,-0.554027,0.388401
"white",6,-1.382623,-0.312672,1.229739,0.997990,-0.385466,0.438347,-1.148358,1.592730,-0.028483,0.218092,-0.255915,0.490933
"white",5,-1.382623,-0.285834,1.773091,1.310044,0.377746,1.668007,-0.898519,1.592730,-0.491544,1.096916,-0.375160,0.374946
"white",4,-1.382623,-0.285834,1.841009,1.254568,0.225104,1.556220,-0.336380,1.524954,-0.491544,0.868422,-0.494405,0.179417
"white",5,-1.382623,-0.285834,1.976847,1.275372,0.377746,1.891582,-0.960979,1.570138,-0.491544,1.132069,-0.434782,0.069156
"white",5,-1.382623,-0.258997,-0.807830,1.067336,-1.072357,-0.232377,-0.836059,2.485109,-0.491544,0.903575,-0.077047,0.099768
"white",6,-1.382623,-0.258997,-0.536154,1.538884,-0.919715,0.661921,-0.773599,2.880467,-0.557696,-0.063132,-0.375160,0.129600
"white",4,-1.382623,-0.258997,-0.264479,0.581918,-0.538109,1.332645,-0.836059,0.779422,0.037668,1.676940,-0.375160,0.203672
"white",5,-1.382623,-0.258997,0.007197,0.547245,-0.767072,1.947476,-0.336380,0.847198,-0.425393,1.923011,-0.434782,0.286449
"white",5,-1.382623,-0.232160,-1.079506,1.559687,0.072461,1.612114,-0.586220,2.225302,-0.557696,2.204234,0.161443,0.704097
"white",6,-1.382623,-0.232160,-0.400317,0.928645,-0.919715,1.109071,0.475597,1.660505,-1.153060,0.569622,-0.911762,0.450098
"white",7,-1.382623,-0.178486,0.278873,1.414062,0.072461,0.270666,-1.148358,1.818649,-0.491544,1.501175,-0.554027,0.729172
"white",5,-1.382623,-0.124811,-0.536154,0.547245,-0.309145,1.332645,-0.586220,0.621279,-0.425393,1.747246,-0.494405,0.368622
"white",6,-1.382623,-0.124811,-0.264479,0.581918,-0.461787,1.388539,-0.836059,0.779422,0.103820,1.694516,-0.375160,0.602924
"white",6,-1.382623,-0.097974,-0.060722,1.206026,0.454067,0.885496,-1.023438,1.615322,-0.028483,0.446586,-0.971385,0.642803
"white",5,-1.382623,-0.097974,0.822225,0.807291,-0.461787,1.779795,-1.273278,0.892382,-0.557696,1.114492,-0.315537,0.592474
"white",5,-1.382623,-0.044300,-1.215344,-0.146208,-0.080181,-0.344164,-0.461300,-0.869785,-0.689999,-0.537697,0.131632,0.381841
"white",8,-1.382623,-0.017462,-0.128641,1.552753,0.301425,1.276752,-0.523760,2.067159,-0.491544,1.712093,-0.852140,0.740728
"white",5,-1.382623,0.036212,0.210954,2.735091,0.225104,5.468776,1.350035,2.880467,-0.689999,1.712093,-0.673272,0.404589
"white",5,-1.382623,0.089886,-1.351182,0.360013,-0.614430,0.158878,-0.024081,-0.079069,-0.359241,1.430869,1.652005,0.430196
"white",5,-1.382623,0.197235,-0.332398,1.691444,-0.843394,1.835688,2.724150,1.705689,-0.689999,0.833269,-1.090630,0.636588
"white",5,-1.382623,0.224072,2.180604,1.136681,-0.538109,1.947476,-0.648679,1.524954,-0.160786,1.940587,0.399933,0.115594
"white",6,-1.382623,0.250909,0.686387,1.171354,0.148782,0.997283,-2.085255,2.021975,-0.756151,1.466022,-0.613650,0.266977
"white",6,-1.382623,0.358258,-0.128641,0.741412,-0.385466,0.773709,-2.272635,1.163484,-0.491544,1.132069,-0.613650,0.636521
"white",6,-1.382623,1.861141,1.501415,-0.458262,-0.767072,0.382453,0.038378,-0.824601,-1.086909,-0.080708,-1.090630,0.505081
"white",5,-1.298426,-0.634718,-1.351182,0.997990,-0.538109,0.270666,-0.024081,1.457179,-1.417666,0.885998,-0.136670,0.192929
"white",6,-1.298426,-0.607881,-1.079506,0.339209,-0.232824,1.947476,-0.898519,0.395360,-0.954605,1.712093,-0.315537,0.658140
"white",5,-1.298426,-0.607881,-0.332398,1.112410,-0.003860,0.550134,-0.149001,1.434587,-0.623848,1.044187,-0.613650,0.093133
"white",6,-1.298426,-0.607881,-0.332398,1.684509,-0.232824,1.556220,0.725436,2.473813,0.434578,1.237528,-0.136670,0.394004
"white",5,-1.298426,-0.554206,-2.030372,-0.527607,-0.156502,0.494240,-0.149001,-0.914969,-1.417666,-0.133438,1.115403,0.117876
"white",5,-1.298426,-0.554206,-0.128641,1.739985,-0.080181,1.556220,0.475597,2.473813,0.897639,1.518751,-0.315537,0.398738
"white",4,-1.298426,-0.527369,-0.128641,0.755281,0.530389,0.382453,1.537414,-0.056477,-0.623848,0.991457,-1.090630,0.032560
"white",6,-1.298426,-0.500532,0.482630,1.864807,-0.003860,0.661921,-1.585577,3.140273,-0.425393,0.710233,-0.554027,0.376816
"white",5,-1.298426,-0.500532,0.550549,1.171354,-0.538109,1.612114,0.038378,1.818649,0.236123,2.221811,0.489367,0.403117
"white",5,-1.298426,-0.500532,3.267308,1.129746,0.148782,2.618199,-1.710496,1.637914,-0.359241,1.202375,-0.792517,0.446005
"white",5,-1.298426,-0.446857,-1.011587,-0.215553,-0.767072,-0.344164,-1.335737,-0.508315,-0.491544,0.182939,-0.255915,0.371500
"white",5,-1.298426,-0.420020,-0.468236,-0.562280,-0.843394,-1.182569,-0.898519,-0.734234,0.037668,-0.098285,-0.434782,0.334196
"white",5,-1.298426,-0.420020,1.773091,0.720609,0.301425,1.779795,-0.960979,0.643871,-1.020757,1.149645,-0.494405,0.615831
"white",5,-1.298426,-0.393183,-0.468236,-0.562280,-0.919715,-1.238463,-0.898519,-0.734234,0.103820,-0.115861,-0.375160,0.534627
"white",5,-1.298426,-0.339509,-1.554939,0.904374,0.072461,0.829602,-0.461300,1.434587,-0.491544,1.571481,2.814644,0.006512
"white",6,-1.298426,-0.339509,-0.671992,1.396726,-1.148679,0.494240,0.100838,2.620660,-0.359241,-0.080708,-0.732895,0.344659
"white",5,-1.298426,-0.339509,0.346792,0.720609,0.072461,0.829602,-0.648679,0.734238,-0.425393,1.975740,-0.315537,0.245853
"white",5,-1.298426,-0.339509,1.773091,1.136681,-0.843394,0.661921,-0.461300,2.247894,-0.160786,0.007174,0.101820,0.688513
"white",6,-1.298426,-0.339509,2.859794,1.760789,-0.080181,0.773709,0.975276,2.383446,0.897639,1.079339,-0.971385,0.555998
"white",6,-1.298426,-0.312672,0.143035,-0.215553,-0.767072,0.717815,1.225115,-0.802009,-0.160786,0.042327,-1.329120,0.190943
"white",6,-1.298426,-0.312672,1.161820,0.408555,-0.232824,1.723901,-0.836059,0.508320,-0.888454,1.606634,-0.017425,0.399120
"white",6,-1.298426,-0.285834,-1.011587,1.067336,-0.919715,1.947476,-0.461300,1.570138,-1.020757,2.309693,0.280688,0.379761
"white",6,-1.298426,-0.285834,-0.400317,1.032663,-0.003860,0.997283,-0.773599,1.683097,-0.094635,1.132069,-0.375160,0.051838
"white",5,-1.298426,-0.285834,0.414711,0.339209,-0.614430,0.270666,-0.773599,0.621279,-1.086909,1.360563,-0.255915,0.683360
"white",5,-1.298426,-0.285834,0.686387,0.443227,-0.309145,1.109071,-0.211461,0.417952,-0.491544,1.026610,-0.196292,0.677904
"white",5,-1.298426,-0.258997,-0.671992,0.477900,-0.309145,1.500326,-0.773599,0.598687,-0.425393,1.676940,-0.494405,0.675081
"white",5,-1.298426,-0.258997,1.365577,1.275372,0.225104,1.891582,-0.773599,1.841240,-0.491544,1.132069,-0.494405,0.253800
"white",5,-1.298426,-0.232160,-0.943668,0.581918,-0.690751,0.829602,0.038378,0.598687,-0.425393,1.255104,-0.434782,0.568043
"white",5,-1.298426,-0.232160,0.143035,0.581918,0.072461,-0.064696,-0.773599,0.553503,0.037668,0.657504,-0.613650,0.128497
"white",5,-1.298426,-0.205323,0.754306,0.408555,-0.843394,1.947476,-0.648679,0.553503,-0.425393,2.256964,-0.434782,0.365909
"white",5,-1.298426,-0.205323,1.229739,0.963318,0.148782,0.997283,-1.335737,1.592730,-0.623848,0.130210,-0.375160,0.396432
"white",5,-1.298426,-0.178486,-1.351182,-0.187815,-0.156502,-0.400058,-2.272635,-0.124253,-1.219212,-0.502544,0.817290,0.509446
"white",5,-1.298426,-0.178486,-0.400317,0.599254,-0.003860,0.382453,-0.836059,0.508320,-0.689999,0.745386,-0.196292,0.198841
"white",5,-1.298426,-0.178486,-0.400317,1.108943,-0.767072,1.612114,0.538057,1.818649,-0.491544,0.622351,-0.792517,0.628503
"white",4,-1.298426,-0.178486,0.075116,0.304537,1.598886,-0.120590,-0.398840,-0.756826,-0.689999,1.114492,-0.852140,0.339316
"white",6,-1.298426,-0.178486,0.143035,0.963318,0.148782,1.500326,-0.398840,1.615322,-1.086909,0.552045,-1.418554,0.737884
"white",6,-1.298426,-0.178486,0.143035,1.310044,0.072461,0.438347,-1.210818,2.338262,-0.756151,1.044187,-0.613650,0.535141
"white",5,-1.298426,-0.178486,0.822225,0.786487,0.148782,0.550134,-0.648679,0.576095,-0.094635,1.975740,-0.077047,0.114827
"white",5,-1.298426,-0.151648,-0.400317,1.067336,-0.767072,1.332645,0.163298,1.841240,-0.491544,1.518751,0.101820,0.639084
"white",7,-1.298426,-0.151648,-0.264479,1.178288,-0.156502,-0.064696,-1.648036,2.180119,-0.954605,0.604774,-1.150252,0.305365
"white",6,-1.298426,-0.151648,-0.128641,1.327381,-0.461787,0.158878,-1.148358,2.225302,0.037668,0.059904,-0.673272,0.682322
"white",5,-1.298426,-0.151648,0.686387,-0.458262,-1.148679,1.723901,-1.273278,-0.892377,-0.888454,1.448446,0.638423,0.675056
"white",5,-1.298426,-0.151648,0.686387,-0.458262,-0.919715,1.723901,-1.273278,-0.892377,-0.888454,1.448446,0.638423,0.273771
"white",5,-1.298426,-0.124811,-0.875749,1.431399,-0.003860,0.941390,-0.648679,1.954200,-0.028483,1.448446,-0.673272,0.467471
"white",5,-1.298426,-0.097974,-0.604073,0.020221,-1.072357,-0.064696,-0.586220,-0.011294,-0.094635,-0.151014,-0.077047,0.576414
"white",5,-1.298426,-0.097974,1.705172,0.970252,0.606710,-0.679526,-0.648679,1.208668,0.963790,0.341127,-0.434782,0.155832
"white",4,-1.298426,-0.071137,-0.468236,1.171354,-0.843394,0.214772,0.163298,1.773465,-0.689999,1.307834,-0.375160,0.463612
"white",6,-1.298426,-0.071137,-0.196560,1.830134,0.454067,-0.400058,-0.398840,2.665844,-1.020757,0.358704,-0.255915,0.216605
"white",5,-1.298426,-0.071137,0.143035,2.176861,0.301425,0.773709,-0.024081,3.004722,0.103820,1.448446,-0.136670,0.330946
"white",5,-1.298426,-0.044300,-0.943668,0.481367,-0.919715,1.109071,-0.086541,0.440544,-0.689999,1.395716,-0.494405,0.428799
"white",5,-1.298426,-0.044300,-0.468236,1.060401,-0.767072,0.941390,0.475597,1.683097,-0.160786,0.341127,-0.613650,0.069943
"white",7,-1.298426,-0.044300,-0.264479,1.414062,-0.003860,1.388539,-0.648679,2.112343,-1.020757,1.589057,-0.554027,0.211643
"white",5,-1.298426,-0.017462,-0.739911,1.299642,-0.232824,1.053177,-0.711139,2.406037,-0.359241,0.780539,-0.255915,0.618419
"white",5,-1.298426,0.009375,-0.128641,0.131173,-0.461787,-0.008803,0.100838,0.011298,-1.020757,0.147786,1.413515,0.620370
"white",4,-1.298426,0.036212,-1.215344,0.200519,-0.614430,-0.847207,0.975276,0.033890,-1.153060,-0.309203,1.502949,0.061112
"white",5,-1.298426,0.036212,-0.468236,0.547245,-0.690751,0.773709,0.100838,0.621279,-0.822302,0.903575,-0.494405,0.534168
"white",6,-1.298426,0.036212,0.414711,1.171354,-0.003860,1.388539,-0.836059,2.089751,-0.623848,1.395716,-0.673272,0.543820
"white",6,-1.298426,0.036212,0.482630,1.049999,-0.080181,-0.232377,-2.022795,1.954200,-0.491544,1.009034,-0.673272,0.514666
"white",7,-1.298426,0.063049,0.075116,0.373882,-0.309145,0.047091,1.287575,-0.079069,-0.954605,0.059904,-1.150252,0.473935
"white",5,-1.298426,0.063049,0.550549,1.899480,0.225104,0.773709,-1.460657,3.128978,-0.491544,0.973881,-0.226104,0.563225
"white",4,-1.298426,0.089886,-0.807830,1.310044,-0.614430,0.382453,-0.586220,2.225302,-0.557696,0.833269,-0.017425,0.184888
"white",7,-1.298426,0.089886,-0.536154,0.200519,-0.919715,-0.400058,0.163298,0.079074,-0.623848,0.200515,-0.017425,0.028796
"white",6,-1.298426,0.116724,-0.060722,0.079164,-0.538109,-0.567739,-0.273921,-0.214620,-0.557696,0.341127,0.101820,0.592647
"white",7,-1.298426,0.143561,-0.128641,1.233764,-0.309145,-0.623633,-1.398197,1.750873,-0.094635,0.991457,-0.971385,0.377339
"white",6,-1.298426,0.170398,0.346792,1.136681,0.072461,0.997283,-2.085255,2.089751,-1.020757,1.342987,-0.732895,0.009469
"white",5,-1.298426,0.170398,1.025982,1.455669,-0.461787,-0.176483,-0.273921,2.383446,0.169971,1.026610,-0.136670,0.465503
"white",6,-1.298426,0.250909,0.007197,1.622098,-0.614430,1.500326,2.349392,1.570138,-0.689999,0.762963,-0.732895,0.651800
"white",4,-1.298426,0.277747,0.210954,0.928645,-0.538109,1.723901,-0.461300,1.073117,0.236123,1.149645,-0.375160,0.360686
"white",6,-1.298426,0.277747,0.278873,1.067336,0.148782,1.276752,-1.335737,1.841240,-0.359241,1.114492,-0.554027,0.703099
"white",6,-1.298426,0.358258,-0.128641,0.699805,-0.309145,2.059263,-2.085255,1.253852,-0.756151,1.395716,-0.732895,0.519560
"white",5,-1.298426,0.519281,-0.332398,0.755281,-0.309145,0.941390,-1.085898,1.276443,-1.020757,0.692657,-0.554027,0.529795
"white",6,-1.298426,0.572956,1.365577,0.145042,-0.919715,-0.008803,-0.773599,-0.011294,-1.153060,0.429010,-0.375160,0.552937
"white",5,-1.298426,0.733979,0.618468,1.656771,-0.538109,1.612114,-0.273921,2.654548,0.302275,1.887858,0.698045,0.312203
"white",5,-1.298426,0.733979,0.958063,1.112410,0.301425,1.388539,-1.960336,1.502362,-0.160786,0.973881,0.280688,0.171897
"white",5,-1.298426,0.841328,0.958063,1.157484,0.377746,1.723901,-2.272635,1.524954,-0.425393,1.202375,0.042198,0.514105
"white",5,-1.298426,0.975514,-0.536154,1.240699,-0.003860,0.270666,1.162655,1.118300,-0.425393,1.448446,0.996158,0.392086
"white",5,-1.298426,1.002351,1.297658,1.122812,0.301425,1.556220,-1.960336,1.502362,-0.160786,1.167222,0.161443,0.655788
"white",6,-1.298426,1.431746,-0.332398,0.762216,-0.461787,-0.567739,-0.898519,1.276443,-0.822302,-0.203744,0.399933,0.300222
"white",4,-1.298426,6.262440,-0.128641,1.344717,-0.309145,-0.455952,-0.898519,1.796057,0.897639,1.378140,1.950118,0.447881
"white",5,-1.214230,-0.607881,-0.671992,0.772618,-0.461787,-0.176483,-0.149001,0.869790,-0.160786,0.323551,1.294270,0.206926
"white",6,-1.214230,-0.581043,-0.332398,0.519507,-0.767072,0.885496,-0.648679,1.344219,-1.020757,0.024751,-1.150252,0.502921
"white",5,-1.214230,-0.581043,0.143035,0.831561,-0.309145,0.214772,0.662977,0.553503,-0.689999,1.096916,-0.375160,0.466678
"white",6,-1.214230,-0.446857,0.210954,1.552753,-0.080181,1.668007,-0.398840,2.586772,0.368426,0.991457,-0.673272,0.095411
"white",6,-1.214230,-0.420020,0.007197,0.824627,-0.080181,2.003369,-0.336380,1.186076,-0.094635,2.766682,-0.554027,0.050063
"white",7,-1.214230,-0.420020,0.686387,1.760789,0.072461,1.500326,0.413137,2.067159,1.426852,1.184798,-0.554027,0.207869
"white",5,-1.214230,-0.393183,-0.943668,0.665133,-0.003860,0.606028,-0.398840,0.711647,-0.293090,1.149645,-0.315537,0.142964
"white",5,-1.214230,-0.393183,-0.128641,0.304537,1.675207,-0.232377,-0.461300,-0.824601,-0.491544,1.079339,-1.090630,0.126502
"white",5,-1.214230,-0.393183,0.618468,0.685936,-0.614430,1.500326,-1.398197,0.802014,-0.623848,1.026610,-0.554027,0.450791
"white",5,-1.214230,-0.393183,0.618468,1.968825,-0.156502,0.214772,-1.648036,3.095090,-0.226938,0.745386,-0.434782,0.604513
"white",6,-1.214230,-0.393183,1.365577,1.341250,0.301425,1.723901,-1.523117,1.841240,-0.425393,0.587198,-0.196292,0.238973
"white",6,-1.214230,-0.366346,-0.128641,-0.319571,-0.538109,0.158878,1.225115,-0.960152,-0.954605,0.516892,-0.911762,0.680559
"white",5,-1.214230,-0.366346,-0.060722,1.483408,-0.309145,-0.120590,-0.336380,2.101047,0.037668,0.833269,0.280688,0.077779
"white",7,-1.214230,-0.366346,-0.060722,1.739985,-0.232824,0.438347,-1.835416,3.208049,-0.094635,0.921151,-0.911762,0.254331
"white",5,-1.214230,-0.339509,-1.487020,1.001457,0.225104,0.773709,-0.773599,1.796057,-0.226938,1.747246,2.158797,0.583111
"white",5,-1.214230,-0.312672,0.414711,0.415489,-0.767072,1.332645,-0.336380,0.643871,-0.491544,1.641787,-0.554027,0.483771
"white",6,-1.214230,-0.285834,-0.196560,1.323913,-0.461787,0.494240,-1.085898,2.112343,-0.226938,0.059904,-0.732895,0.584865
"white",5,-1.214230,-0.258997,-0.468236,1.954956,0.911995,-0.288271,-1.523117,2.869171,0.831487,1.817552,-0.255915,0.417556
"white",6,-1.214230,-0.258997,0.550549,1.708780,-0.080181,0.941390,0.725436,2.146231,1.625306,0.727810,-1.031007,0.550530
"white",5,-1.214230,-0.258997,1.297658,1.448735,0.530389,1.332645,-0.836059,2.315670,-0.160786,0.991457,0.012386,0.153718
"white",6,-1.214230,-0.258997,1.433496,1.344717,0.072461,1.668007,-1.023438,1.728281,-0.557696,0.727810,-0.494405,0.504589
"white",5,-1.214230,-0.232160,-1.147425,0.412022,-0.919715,3.959647,-1.085898,1.050525,-1.549970,1.624210,-0.673272,0.608680
"white",5,-1.214230,-0.232160,-0.400317,0.651263,0.148782,0.941390,0.225758,0.802014,-1.153060,1.606634,-0.196292,0.161607
"white",6,-1.214230,-0.232160,-0.264479,-0.319571,-0.232824,0.326559,-0.211461,-0.869785,-0.689999,0.780539,-0.852140,0.052690
"white",5,-1.214230,-0.232160,0.890144,0.429358,-0.538109,1.220858,-0.149001,0.621279,-0.028483,1.290257,-0.554027,0.304666
"white",6,-1.214230,-0.232160,1.297658,-0.111535,-0.614430,1.779795,-0.898519,0.101666,-0.557696,1.009034,-0.255915,0.373012
"white",7,-1.214230,-0.205323,0.075116,1.899480,0.072461,0.606028,-1.023438,2.891763,-0.623848,1.413293,-0.494405,0.712145
"white",5,-1.214230,-0.205323,0.143035,0.789954,-0.385466,-0.064696,-0.024081,0.937565,-0.160786,0.622351,0.399933,0.545962
"white",5,-1.214230,-0.205323,1.433496,1.178288,0.530389,1.835688,-1.772956,1.773465,-0.557696,0.429010,0.101820,0.450286
"white",6,-1.214230,-0.205323,1.501415,1.344717,0.072461,1.779795,-1.023438,1.773465,-0.557696,0.657504,-0.375160,0.110684
"white",6,-1.214230,-0.205323,1.501415,1.344717,0.072461,1.779795,-1.023438,1.773465,-0.557696,0.833269,-0.375160,0.708004
"white",6,-1.214230,-0.205323,1.773091,2.107516,0.683031,0.997283,-0.149001,2.620660,0.566881,1.167222,-0.911762,0.088499
"white",6,-1.214230,-0.178486,-0.128641,0.692871,-0.003860,0.550134,-0.461300,0.689055,-0.293090,1.290257,-0.255915,0.447556
"white",6,-1.214230,-0.178486,-0.060722,1.497277,0.225104,-0.232377,-1.085898,1.818649,-0.028483,1.149645,-0.613650,0.224699
"white",5,-1.214230,-0.178486,0.143035,0.269864,-0.309145,-1.406144,-0.211461,0.214625,-0.888454,0.253245,-0.136670,0.316642
"white",5,-1.214230,-0.151648,-0.536154,-0.700971,-1.453963,-0.288271,0.600517,-0.892377,-0.425393,-0.168591,-1.060819,0.740761
"white",5,-1.214230,-0.151648,-0.060722,1.323913,-0.385466,-0.567739,-1.023438,2.564181,0.037668,0.552045,-0.017425,0.284087
"white",5,-1.214230,-0.151648,0.482630,1.715714,-0.080181,0.997283,0.787896,2.134935,1.625306,0.727810,-0.971385,0.089144
"white",6,-1.214230,-0.124811,-0.128641,1.206026,-0.461787,0.550134,-1.273278,2.112343,-0.226938,1.202375,-0.554027,0.215399
"white",3,-1.214230,-0.097974,-0.536154,0.443227,0.225104,-1.238463,-0.523760,-0.101661,-0.226938,0.341127,-0.136670,0.355299
"white",5,-1.214230,-0.097974,-0.400317,-0.076863,-1.072357,-0.735420,0.100838,-0.124253,-0.491544,0.200515,1.264459,0.512428
"white",7,-1.214230,-0.097974,-0.128641,1.414062,0.148782,0.997283,-0.523760,1.750873,-0.293090,1.712093,-0.911762,0.437561
"white",7,-1.214230,-0.097974,-0.128641,1.414062,0.148782,0.997283,-0.523760,1.750873,-0.293090,2.010893,-0.911762,0.300360
"white",6,-1.214230,-0.097974,0.890144,0.477900,-0.538109,1.220858,0.038378,0.666463,-0.359241,1.430869,-0.732895,0.419144
"white",6,-1.214230,-0.071137,0.958063,-0.146208,1.064637,-1.182569,-1.710496,-0.914969,-0.293090,-0.748615,-0.673272,0.390293
"white",5,-1.214230,-0.044300,0.346792,-0.388917,-0.309145,0.941390,-0.898519,-0.779417,-0.557696,0.692657,-0.971385,0.357526
"white",6,-1.214230,-0.017462,-0.468236,0.339209,-0.843394,0.773709,-0.211461,0.417952,-0.888454,1.518751,-0.375160,0.400715
"white",6,-1.214230,-0.017462,0.278873,1.899480,0.148782,2.338731,1.225115,1.818649,-1.219212,0.850845,-0.971385,0.369134
"white",5,-1.214230,0.009375,0.822225,1.746920,-0.385466,1.947476,-0.711139,3.038610,-0.028483,1.923011,-0.255915,0.028865
"white",5,-1.214230,0.009375,0.822225,1.746920,-0.385466,1.947476,-0.711139,3.095090,-0.028483,1.923011,-0.255915,0.137714
"white",5,-1.214230,0.009375,0.890144,0.699805,-0.614430,0.941390,-0.398840,0.802014,-0.160786,1.905434,-0.375160,0.517782
"white",5,-1.214230,0.009375,1.433496,0.658198,-0.614430,0.326559,-0.336380,0.847198,-0.623848,1.870281,-0.196292,0.367411
"white",6,-1.214230,0.036212,-0.264479,0.235191,-0.232824,-0.903101,0.413137,-0.011294,-1.153060,0.552045,-0.911762,0.272626
"white",6,-1.214230,0.036212,0.414711,1.320446,-0.461787,2.003369,0.038378,0.937565,0.037668,2.256964,0.548989,0.498812
"white",7,-1.214230,0.036212,1.161820,1.830134,0.072461,1.109071,1.225115,2.372150,-1.153060,0.341127,-0.911762,0.427479
"white",5,-1.214230,0.063049,1.229739,1.310044,-0.080181,-1.350250,-1.772956,2.134935,-0.623848,0.587198,-0.196292,0.709397
"white",5,-1.214230,0.143561,-0.060722,1.968825,0.148782,0.661921,0.288218,2.914355,0.699184,1.272681,0.042198,0.000599
"white",5,-1.214230,0.170398,0.075116,0.377349,-0.690751,1.835688,-2.272635,1.140892,-0.822302,0.323551,-0.911762,0.395550
"white",5,-1.214230,0.197235,-1.962453,-0.388917,-0.767072,-0.064696,-0.024081,-0.869785,0.037668,0.095057,0.042198,0.733002
"white",5,-1.214230,0.331421,-0.604073,0.581918,-0.614430,0.047091,0.163298,0.508320,-0.028483,0.745386,-0.613650,0.386663
"white",5,-1.214230,0.358258,-0.807830,0.893972,-0.003860,-0.511845,-1.210818,1.095708,0.037668,1.044187,1.532760,0.069788
"white",6,-1.214230,0.358258,-0.739911,0.893972,-0.003860,0.158878,-1.398197,1.005341,0.103820,1.009034,2.039552,0.454487
"white",5,-1.214230,0.707142,-0.468236,1.816265,-0.614430,0.270666,-0.336380,3.422672,-0.226938,0.745386,-0.613650,0.434714
"white",5,-1.214230,1.431746,1.025982,-0.458262,-0.996036,-0.903101,-0.836059,-0.643866,-0.226938,0.411433,0.042198,0.012181
"white",6,-1.214230,2.022164,1.908928,-0.388917,-0.309145,0.661921,-0.836059,-0.892377,-0.623848,0.218092,-0.375160,0.669575
"white",5,-1.214230,2.049001,1.773091,-0.458262,-0.461787,1.220858,-0.773599,-0.892377,-1.549970,0.376280,-0.732895,0.154893
"white",5,-1.214230,3.766581,0.822225,-0.111535,-0.614430,2.506412,-1.335737,-0.327580,-1.020757,1.202375,-0.315537,0.053786
"white",6,-1.214230,3.766581,0.890144,-0.111535,-0.614430,2.562306,-1.273278,-0.350172,-0.954605,1.149645,-0.255915,0.419215
"white",5,-1.214230,3.847093,0.822225,-0.111535,-0.614430,2.506412,-1.273278,-0.327580,-0.822302,1.167222,-0.315537,0.731445
"white",3,-1.214230,5.027929,0.958063,1.310044,0.530389,0.158878,-2.210175,1.253852,1.360700,1.975740,1.771251,0.667044
"white",4,-1.130033,-0.607881,-2.166210,-0.458262,-0.003860,0.885496,-0.211461,-0.960152,-1.285363,-0.010402,0.936535,0.121547
"white",5,-1.130033,-0.607881,-0.536154,-0.423589,-0.461787,-0.735420,-0.586220,-0.869785,-1.153060,0.112633,-0.255915,0.015758
"white",6,-1.130033,-0.607881,0.143035,-0.010985,-1.606606,-0.232377,0.038378,0.304993,-0.822302,-0.274050,-0.494405,0.092248
"white",5,-1.130033,-0.581043,-0.332398,1.275372,-0.461787,0.885496,0.100838,2.428629,-0.160786,1.290257,-0.613650,0.286196
"white",6,-1.130033,-0.527369,-0.128641,0.235191,-0.614430,1.835688,-1.023438,0.463136,-1.285363,2.133928,-0.673272,0.608839
"white",5,-1.130033,-0.527369,1.025982,1.282306,0.301425,0.661921,-1.148358,1.863832,-0.226938,0.024751,0.042198,0.364664
"white",5,-1.130033,-0.500532,-1.826615,-0.735643,-1.225000,-1.070782,0.850356,-0.960152,-1.219212,-1.486827,-0.315537,0.719073
"white",6,-1.130033,-0.500532,0.890144,1.622098,0.530389,1.276752,-1.210818,2.067159,-0.491544,0.464163,-0.732895,0.020463
"white",5,-1.130033,-0.500532,1.093901,1.275372,0.301425,0.773709,-1.148358,1.909016,-0.359241,0.024751,0.101820,0.664480
"white",6,-1.130033,-0.473695,-0.468236,-0.909007,-1.606606,-0.847207,-0.024081,-0.982744,-0.689999,-0.449814,-1.209875,0.730173
"white",5,-1.130033,-0.446857,-0.468236,0.893972,-0.232824,-0.120590,0.350678,1.073117,0.500729,1.342987,0.221065,0.436508
"white",6,-1.130033,-0.446857,-0.264479,1.258035,0.377746,0.047091,0.288218,1.344219,-1.616121,0.042327,-0.017425,0.596202
"white",6,-1.130033,-0.420020,-0.264479,0.304537,0.530389,0.773709,1.412494,-0.734234,-0.689999,1.114492,-1.209875,0.075502
"white",6,-1.130033,-0.393183,-0.468236,0.672067,-1.072357,0.158878,-0.024081,1.299035,-0.822302,0.165362,-0.911762,0.743908
"white",5,-1.130033,-0.393183,0.210954,0.755281,-0.614430,1.332645,0.038378,1.186076,-0.425393,0.446586,-0.673272,0.401068
"white",5,-1.130033,-0.393183,0.414711,0.432826,-0.461787,1.444433,-0.086541,0.666463,-0.491544,1.272681,-0.613650,0.463873
"white",6,-1.130033,-0.393183,2.723956,0.443227,-0.538109,0.158878,-0.648679,0.395360,-1.153060,0.938728,-0.732895,0.125629
"white",5,-1.130033,-0.366346,0.143035,0.651263,-0.385466,0.047091,-0.024081,0.869790,0.434578,1.009034,0.757668,0.429175
"white",6,-1.130033,-0.366346,1.976847,1.448735,-0.003860,-0.903101,-1.023438,2.518997,-1.153060,-0.203744,-0.852140,0.465767
"white",5,-1.130033,-0.339509,-1.487020,-0.284899,-0.156502,-0.735420,-1.335737,-0.350172,-0.954605,-0.906803,-0.017425,0.738026
"white",5,-1.130033,-0.339509,-0.875749,0.651263,-0.003860,1.164964,-0.398840,0.666463,-0.623848,1.009034,-0.554027,0.624357
"white",5,-1.130033,-0.339509,-0.739911,-0.371580,-0.767072,-0.958995,-0.523760,-0.914969,-0.491544,-0.291626,0.757668,0.628666
"white",6,-1.130033,-0.339509,-0.196560,0.290668,-0.919715,0.158878,-0.648679,1.050525,-1.153060,-0.291626,-1.031007,0.294205
"white",5,-1.130033,-0.312672,-0.536154,1.282306,-0.461787,0.047091,-0.898519,2.485109,-0.094635,0.569622,-0.077047,0.546409
"white",6,-1.130033,-0.312672,-0.060722,1.414062,0.148782,0.494240,-0.773599,2.134935,-0.226938,1.378140,-0.911762,0.410112
"white",6,-1.130033,-0.312672,0.890144,0.418957,-0.767072,0.885496,0.225758,0.553503,-0.491544,1.553904,-0.375160,0.374447
"white",6,-1.130033,-0.312672,2.859794,0.373882,-0.614430,1.220858,-0.086541,0.621279,-0.756151,1.659363,-0.554027,0.022576
"white",5,-1.130033,-0.285834,1.161820,1.344717,0.301425,3.177136,-1.335737,1.411995,-0.689999,1.870281,0.101820,0.076801
"white",5,-1.130033,-0.285834,1.161820,1.760789,0.301425,0.326559,-1.023438,2.936947,-0.822302,0.762963,-0.971385,0.012249
"white",5,-1.130033,-0.258997,-0.536154,0.526442,-0.614430,0.606028,-0.711139,0.485728,0.434578,0.639927,0.221065,0.153031
"white",6,-1.130033,-0.258997,0.890144,0.997990,-0.690751,0.158878,-0.149001,1.796057,-0.491544,1.184798,1.234648,0.392888
"white",5,-1.130033,-0.258997,1.297658,0.526442,-0.461787,1.723901,-0.024081,0.666463,-0.293090,1.307834,-0.554027,0.733760
"white",5,-1.130033,-0.232160,-0.400317,0.467498,0.072461,1.220858,-0.648679,0.485728,-1.086909,1.624210,-0.554027,0.581200
"white",6,-1.130033,-0.232160,-0.332398,-0.319571,-0.003860,-0.008803,-0.773599,-0.598682,-0.160786,0.604774,-0.434782,0.283997
"white",6,-1.130033,-0.232160,0.346792,1.726116,0.148782,0.717815,-1.210818,2.688436,-0.756151,1.325410,-0.852140,0.585738
"white",5,-1.130033,-0.232160,0.822225,0.262930,-0.614430,1.053177,-0.461300,0.463136,-0.359241,1.132069,-0.375160,0.266531
"white",5,-1.130033,-0.232160,1.161820,-0.562280,-1.072357,-0.511845,-0.211461,-0.892377,-0.359241,-0.291626,-1.150252,0.654808
"white",6,-1.130033,-0.205323,0.007197,0.165846,-0.614430,0.606028,-0.211461,0.101666,0.963790,1.079339,-0.554027,0.723286
"white",5,-1.130033,-0.178486,-0.671992,1.566622,-0.461787,-0.400058,-1.023438,2.959538,-0.226938,0.429010,-0.494405,0.039995
"white",5,-1.130033,-0.178486,1.773091,1.864807,0.301425,0.717815,-0.461300,2.643252,0.037668,0.850845,-0.136670,0.032654
"white",5,-1.130033,-0.151648,-0.400317,-0.125404,-0.919715,-0.791314,-0.461300,0.011298,-0.822302,0.077480,-0.077047,0.743521
"white",6,-1.130033,-0.151648,-0.264479,0.824627,0.225104,-0.232377,-0.648679,1.027933,-0.028483,0.745386,0.042198,0.546212
"white",6,-1.130033,-0.151648,0.007197,0.997990,0.072461,0.214772,-0.149001,2.112343,-1.219212,-0.098285,-1.269497,0.547237
"white",6,-1.130033,-0.151648,0.007197,1.206026,-0.385466,0.214772,1.974633,1.660505,-0.557696,-0.151014,-1.418554,0.025595
"white",5,-1.130033,-0.151648,2.859794,2.072843,0.988316,1.164964,-1.460657,2.891763,1.096094,2.256964,1.294270,0.105926
"white",5,-1.130033,-0.124811,0.143035,0.606189,0.148782,0.773709,-0.711139,0.734238,-0.094635,0.938728,0.221065,0.371490
"white",5,-1.130033,-0.124811,0.278873,-0.423589,-0.309145,0.438347,-1.148358,-0.869785,0.037668,0.218092,-0.732895,0.512001
"white",6,-1.130033,-0.124811,0.482630,1.511146,-0.538109,-0.455952,-0.711139,2.767507,-0.425393,0.200515,-0.613650,0.161136
"white",6,-1.130033,-0.124811,1.093901,1.143615,-0.843394,-0.288271,-0.960979,2.428629,-0.557696,-0.361932,-0.554027,0.560596
"white",5,-1.130033,-0.097974,-1.147425,-0.319571,-0.080181,1.723901,-0.836059,-0.869785,-0.689999,1.202375,-0.017425,0.738438
"white",5,-1.130033,-0.097974,-0.468236,1.067336,0.148782,-0.288271,-0.773599,1.547546,0.566881,0.587198,-0.375160,0.275601
"white",6,-1.130033,-0.097974,-0.400317,0.685936,-0.232824,0.102985,0.163298,0.734238,-0.160786,1.149645,-0.136670,0.135162
"white",5,-1.130033,-0.097974,1.569334,1.223363,-0.309145,0.214772,-1.835416,2.157527,-0.623848,0.780539,-0.792517,0.552510
"white",6,-1.130033,-0.071137,-0.604073,0.893972,0.454067,0.661921,-1.273278,0.847198,0.302275,1.764822,0.459555,0.704608
"white",5,-1.130033,-0.071137,-0.468236,0.373882,0.301425,-0.455952,-0.648679,-0.169437,-0.293090,-0.063132,-0.255915,0.321140
"white",5,-1.130033,-0.044300,-0.536154,0.602722,-0.003860,0.829602,-0.149001,0.779422,-0.094635,0.639927,0.340310,0.410214
"white",6,-1.130033,-0.017462,-0.128641,1.795462,0.606710,0.717815,-1.085898,2.801395,-0.226938,1.219951,-0.613650,0.694719
"white",5,-1.130033,-0.017462,2.180604,0.928645,-0.080181,-1.014888,-1.085898,1.841240,-0.954605,-0.168591,-0.077047,0.370340
"white",6,-1.130033,0.036212,0.007197,0.720609,-0.156502,-0.455952,0.413137,0.485728,-1.020757,-0.449814,-1.329120,0.452040
"white",5,-1.130033,0.036212,0.414711,1.795462,-0.461787,-0.791314,0.975276,2.485109,0.434578,0.885998,-0.196292,0.714823
"white",6,-1.130033,0.036212,0.550549,-0.451327,-0.156502,-0.008803,-1.210818,-0.892377,-1.020757,-0.379508,-0.852140,0.589231
"white",4,-1.130033,0.089886,-1.215344,-0.375048,-0.843394,-0.176483,-0.960979,-0.259804,-1.285363,-0.027979,0.221065,0.592641
"white",5,-1.130033,0.089886,-0.671992,1.407128,-0.309145,0.606028,-0.273921,0.259809,-0.160786,1.325410,-0.255915,0.462632
"white",5,-1.130033,0.089886,0.618468,-0.468664,-0.232824,0.326559,-1.460657,-0.892377,-0.954605,-0.186167,-0.852140,0.318680
"white",5,-1.130033,0.089886,1.093901,1.275372,0.072461,1.500326,-1.148358,1.863832,-0.226938,1.430869,-0.136670,0.710214
"white",5,-1.130033,0.143561,0.686387,-0.465197,-0.156502,0.270666,-1.148358,-0.892377,-0.888454,-0.256473,-0.673272,0.620156
"white",6,-1.130033,0.170398,-1.826615,-0.458262,-0.919715,-0.735420,-0.086541,-0.802009,0.169971,0.095057,0.399933,0.142879
"white",6,-1.130033,0.170398,-0.332398,0.824627,0.377746,0.494240,-0.836059,0.847198,0.633033,1.219951,-0.017425,0.477787
"white",5,-1.130033,0.170398,0.007197,1.206026,0.301425,0.102985,-1.398197,2.157527,-0.557696,1.518751,-0.345349,0.282872
"white",6,-1.130033,0.197235,-0.332398,-0.250226,-0.767072,-0.567739,-0.024081,-0.802009,-0.491544,0.305974,-0.732895,0.161019
"white",6,-1.130033,0.224072,1.161820,-0.284899,-0.767072,-0.735420,-0.024081,-0.779417,-0.094635,0.499316,-0.852140,0.543484
"white",4,-1.130033,0.277747,-0.400317,1.337782,0.225104,0.941390,-1.148358,2.236598,-0.293090,1.114492,-0.315537,0.239312
"white",4,-1.130033,0.277747,-0.400317,1.414062,0.301425,0.102985,-1.210818,2.315670,-0.623848,0.903575,-0.673272,0.227154
"white",5,-1.130033,0.331421,2.859794,0.789954,-0.232824,0.773709,-1.398197,1.389403,1.823761,0.622351,-0.017425,0.039663
"white",6,-1.130033,0.385095,-0.807830,0.893972,0.072461,-0.120590,-1.648036,1.163484,0.302275,1.712093,1.860684,0.745418
"white",5,-1.130033,0.385095,1.025982,0.789954,-0.309145,0.773709,-1.523117,1.389403,2.286822,0.376280,0.161443,0.623517
"white",6,-1.130033,0.438770,-1.283263,-0.180881,-0.080181,-0.511845,-1.585577,-0.756826,0.302275,0.885998,1.234648,0.311906
"white",5,-1.130033,0.572956,2.112685,1.483408,-0.385466,2.841774,-0.898519,1.886424,-0.623848,2.169081,0.936535,0.326866
"white",5,-1.130033,0.707142,2.248523,0.651263,-0.003860,-0.176483,-1.398197,0.734238,-1.219212,1.184798,0.757668,0.482250
"white",4,-1.130033,1.029188,-0.943668,1.112410,-0.767072,-0.120590,1.912173,0.530912,1.162245,1.413293,0.221065,0.299968
"white",5,-1.130033,1.056025,-0.943668,1.105475,-0.767072,-0.120590,2.099552,0.598687,1.228397,1.676940,0.578800,0.625433
"white",5,-1.130033,1.136537,2.791875,0.450162,-0.767072,0.941390,-0.086541,0.485728,-0.689999,1.536328,0.638423,0.640937
"white",5,-1.130033,1.485420,0.414711,1.178288,-0.232824,-0.903101,-1.273278,1.818649,-0.359241,-0.361932,0.221065,0.701684
"white",5,-1.130033,2.183187,2.791875,-0.319571,-0.156502,1.556220,-0.898519,-0.914969,-1.549970,0.622351,-1.090630,0.277105
"white",6,-1.130033,2.612582,4.625687,-0.492935,-0.003860,0.885496,-1.710496,-0.892377,-0.689999,-0.010402,-0.792517,0.609844
"white",6,-1.130033,2.666256,1.637253,-0.340375,-0.614430,1.053177,-0.773599,-0.756826,-1.086909,-0.151014,-0.375160,0.270402
"white",5,-1.130033,2.961465,2.723956,-0.444393,-0.080181,1.947476,-1.585577,-0.779417,-0.160786,0.095057,-0.792517,0.046712
"white",5,-1.130033,2.988303,0.550549,1.587426,0.606710,-0.064696,-0.960979,1.660505,0.699184,1.325410,0.519178,0.560512
"white",6,-1.130033,3.122489,2.859794,-0.409720,-0.156502,0.214772,-1.148358,-0.847193,-0.491544,0.112633,-0.434782,0.016807
"white",5,-1.130033,4.893743,1.161820,1.483408,0.301425,0.661921,-1.648036,1.796057,-0.160786,1.852705,0.757668,0.725169
"white",5,-1.130033,6.557649,0.414711,1.656771,0.606710,-0.344164,-1.772956,1.592730,-0.359241,1.852705,1.592383,0.308065
"white",7,-1.045837,-0.661555,0.414711,1.310044,-0.156502,1.668007,-0.273921,2.225302,0.500729,1.167222,-0.255915,0.178809
"white",7,-1.045837,-0.607881,0.143035,0.269864,-0.080181,0.158878,0.912816,0.056482,-0.094635,-0.186167,-1.150252,0.577380
"white",6,-1.045837,-0.554206,0.414711,0.200519,-0.767072,1.891582,-1.023438,0.395360,-1.153060,2.292117,-0.792517,0.577547
"white",5,-1.045837,-0.527369,2.859794,1.830134,0.530389,1.220858,-1.460657,2.891763,-0.822302,1.272681,-1.090630,0.367059
"white",5,-1.045837,-0.500532,-2.030372,-0.458262,-0.996036,-0.455952,0.850356,-0.960152,-1.153060,-0.906803,0.429744,0.544748
"white",6,-1.045837,-0.473695,-0.332398,1.258035,0.301425,0.047091,0.288218,1.253852,-1.549970,0.077480,-0.255915,0.131945
"white",6,-1.045837,-0.473695,0.550549,0.269864,-0.690751,0.717815,-0.461300,0.327585,-0.623848,0.921151,-0.315537,0.326686
"white",6,-1.045837,-0.446857,0.550549,0.269864,-0.614430,0.885496,-0.461300,0.259809,-0.491544,0.956304,-0.196292,0.661317
"white",6,-1.045837,-0.420020,-0.468236,-0.083797,-0.232824,-0.232377,-0.273921,-0.395356,-0.226938,0.165362,-0.255915,0.547191
"white",5,-1.045837,-0.420020,1.976847,1.185223,0.377746,2.003369,-1.398197,1.524954,0.037668,1.290257,-0.136670,0.469500
"white",5,-1.045837,-0.393183,-1.487020,-0.458262,-1.377642,-0.232377,0.850356,-0.508315,-1.020757,-0.608003,1.502949,0.502608
"white",6,-1.045837,-0.393183,-0.128641,0.027155,-1.148679,-0.623633,0.538057,-0.101661,-0.756151,-0.238897,-1.239686,0.548976
"white",6,-1.045837,-0.393183,0.278873,1.275372,0.835674,0.158878,0.038378,1.118300,-0.160786,0.956304,-0.255915,0.590655
"white",5,-1.045837,-0.366346,1.637253,0.859300,-0.309145,1.891582,-1.273278,1.547546,0.633033,1.958163,-0.494405,0.030369
"white",5,-1.045837,-0.366346,2.180604,1.459137,0.759352,-0.455952,-1.460657,1.999384,1.757609,0.991457,0.161443,0.531352
"white",5,-1.045837,-0.339509,0.210954,1.119345,-0.309145,1.500326,-0.960979,1.479770,-0.028483,1.852705,0.280688,0.643354
"white",6,-1.045837,-0.339509,0.686387,0.443227,-0.309145,1.444433,-0.024081,0.530912,-0.359241,1.307834,-0.673272,0.630683
"white",6,-1.045837,-0.312672,-0.332398,0.928645,-1.072357,1.388539,0.350678,1.637914,-0.756151,0.973881,-0.434782,0.604797
"white",6,-1.045837,-0.312672,-0.196560,0.713674,-0.767072,0.158878,-0.273921,-0.169437,-0.756151,0.200515,-0.911762,0.066767
"white",5,-1.045837,-0.312672,-0.128641,0.058361,-1.148679,-0.232377,0.600517,0.079074,-0.557696,-0.168591,-1.209875,0.263357
"white",5,-1.045837,-0.285834,-0.807830,0.529909,-0.461787,2.841774,-0.336380,0.824606,-0.623848,1.923011,1.652005,0.724160
"white",5,-1.045837,-0.285834,0.754306,1.275372,0.835674,-0.455952,0.975276,0.937565,-0.425393,0.200515,-0.077047,0.557964
"white",5,-1.045837,-0.258997,-0.196560,1.275372,-0.156502,0.550134,-0.024081,2.293078,-0.557696,0.991457,-0.554027,0.484986
"white",6,-1.045837,-0.258997,0.007197,-0.631625,-1.225000,-0.344164,-0.648679,-0.892377,-0.756151,0.657504,-0.583839,0.075832
"white",7,-1.045837,-0.258997,0.007197,1.948021,0.301425,0.102985,-0.773599,3.095090,-0.226938,1.378140,-0.911762,0.541169
"white",5,-1.045837,-0.258997,0.958063,0.491769,-0.461787,1.612114,-0.149001,0.417952,-0.557696,1.202375,-0.494405,0.497554
"white",5,-1.045837,-0.258997,1.229739,0.720609,-0.614430,1.668007,-0.273921,1.479770,0.236123,1.694516,-0.613650,0.664584
"white",6,-1.045837,-0.232160,-0.875749,0.748347,-0.690751,1.332645,-0.398840,1.637914,-0.756151,0.534469,-0.852140,0.640209
"white",5,-1.045837,-0.232160,0.346792,-0.250226,0.225104,-0.455952,-0.836059,-0.869785,-0.689999,1.219951,-0.136670,0.562569
"white",5,-1.045837,-0.232160,0.550549,1.483408,0.911995,0.158878,1.100195,0.869790,-0.491544,0.552045,-0.375160,0.110510
"white",5,-1.045837,-0.232160,1.161820,-0.562280,-0.003860,-1.070782,-1.335737,-0.892377,-0.756151,0.411433,0.340310,0.682898
"white",5,-1.045837,-0.232160,1.161820,0.269864,-0.919715,1.723901,-0.211461,0.395360,-0.425393,1.887858,-0.375160,0.256694
"white",5,-1.045837,-0.205323,-0.332398,-0.406253,0.148782,0.438347,-1.210818,-0.824601,-0.094635,1.026610,-0.136670,0.034473
"white",5,-1.045837,-0.205323,-0.264479,1.025728,0.301425,1.500326,0.100838,1.208668,-0.557696,1.589057,0.817290,0.089972
"white",6,-1.045837,-0.205323,0.007197,1.240699,-0.690751,0.438347,1.537414,1.253852,0.368426,1.659363,0.340310,0.365937
"white",5,-1.045837,-0.205323,0.075116,-0.631625,-1.148679,-0.120590,-0.586220,-0.892377,-0.756151,0.622351,-0.583839,0.431086
"white",5,-1.045837,-0.205323,1.161820,0.512573,-0.461787,1.276752,-0.398840,0.598687,-0.888454,1.799975,-0.106859,0.496640
"white",6,-1.045837,-0.205323,1.773091,2.107516,0.835674,1.779795,-1.335737,2.722324,-0.160786,1.729669,-0.792517,0.128329
"white",6,-1.045837,-0.178486,-0.671992,0.717142,-0.690751,1.947476,-1.023438,1.547546,0.302275,1.132069,-0.613650,0.133221
"white",5,-1.045837,-0.178486,-0.536154,1.701845,-0.843394,0.158878,-0.648679,3.004722,0.500729,1.219951,-0.017425,0.476077
"white",6,-1.045837,-0.178486,0.346792,0.124239,-0.614430,1.668007,-2.272635,0.643871,-0.293090,0.622351,-0.673272,0.037332
"white",4,-1.045837,-0.178486,0.822225,0.928645,-0.690751,1.109071,-0.211461,1.344219,0.236123,2.292117,1.532760,0.643582
"white",7,-1.045837,-0.178486,2.180604,2.038170,0.530389,2.171050,-0.461300,2.699732,-0.160786,1.676940,-1.090630,0.569580
"white",5,-1.045837,-0.151648,-0.400317,0.928645,-1.072357,0.773709,0.413137,1.818649,-1.020757,0.587198,-0.554027,0.233370
"white",6,-1.045837,-0.151648,0.346792,1.674107,-0.309145,2.115157,1.100195,2.293078,2.088367,1.114492,-0.732895,0.135977
"white",5,-1.045837,-0.124811,-1.758696,-0.458262,-1.606606,-0.008803,0.600517,-0.530907,-0.689999,-0.625579,1.055780,0.053280
"white",6,-1.045837,-0.124811,0.278873,1.344717,-0.538109,1.276752,1.350035,1.344219,0.103820,2.327270,-0.017425,0.404918
"white",4,-1.045837,-0.124811,1.025982,0.443227,-0.919715,2.171050,-1.960336,1.253852,-1.285363,0.587198,-1.388742,0.193062
"white",5,-1.045837,-0.124811,1.025982,1.705313,0.225104,1.164964,-0.836059,2.677140,0.566881,1.290257,-0.852140,0.736577
"white",6,-1.045837,-0.124811,1.093901,1.171354,-0.690751,1.500326,-0.336380,1.705689,-0.094635,1.887858,1.950118,0.213557
"white",5,-1.045837,-0.097974,-0.264479,-0.277964,-0.156502,-0.791314,-0.273921,-0.530907,0.169971,-0.397085,-0.673272,0.352536
"white",5,-1.045837,-0.097974,0.346792,0.512573,-0.232824,0.326559,-0.398840,0.869790,-0.226938,0.587198,0.340310,0.554414
"white",6,-1.045837,-0.097974,1.976847,0.887038,-0.538109,0.047091,-0.836059,1.796057,-0.226938,0.147786,-0.196292,0.689896
"white",6,-1.045837,-0.071137,-0.671992,1.389791,-0.690751,0.661921,-0.648679,2.801395,0.434578,0.639927,-0.673272,0.726858
"white",5,-1.045837,-0.071137,-0.536154,-0.076863,-0.614430,-0.288271,0.850356,-0.779417,-0.226938,0.042327,-0.077047,0.474269
"white",5,-1.045837,-0.071137,-0.128641,1.275372,-0.385466,1.164964,-0.211461,2.383446,-0.293090,1.430869,-0.017425,0.078093
"white",6,-1.045837,-0.071137,0.482630,-0.458262,-1.072357,0.382453,-0.086541,-0.802009,-0.094635,0.762963,-0.613650,0.575569
"white",5,-1.045837,-0.044300,-0.060722,0.789954,0.225104,-0.567739,-0.898519,0.881086,0.037668,0.639927,-0.315537,0.433825
"white",6,-1.045837,-0.044300,1.637253,2.062441,0.988316,0.941390,-0.960979,2.767507,0.897639,0.956304,-0.911762,0.678742
"white",6,-1.045837,-0.017462,-0.671992,0.911309,0.454067,0.773709,-0.898519,1.005341,0.500729,1.729669,-0.315537,0.066356
"white",5,-1.045837,-0.017462,-0.264479,1.414062,-0.538109,-0.400058,0.538057,1.570138,0.103820,1.044187,0.519178,0.335244
"white",6,-1.045837,0.036212,-0.400317,0.928645,0.454067,0.214772,-0.523760,0.937565,0.103820,1.483599,0.459555,0.060302
"white",6,-1.045837,0.116724,-0.332398,1.108943,-0.003860,0.885496,-1.460657,1.389403,0.368426,0.604774,-0.911762,0.152655
"white",6,-1.045837,0.197235,-0.671992,0.235191,-0.232824,1.388539,0.413137,-0.101661,-1.086909,0.657504,-1.031007,0.244551
"white",5,-1.045837,0.197235,-0.128641,0.547245,0.148782,-0.232377,-1.772956,0.847198,0.169971,-0.203744,-0.971385,0.053478
"white",6,-1.045837,0.465607,-0.536154,1.629033,-0.843394,0.102985,-0.211461,3.366192,-0.623848,1.044187,-0.375160,0.671298
"white",5,-1.045837,1.109699,-0.739911,0.710207,-0.156502,-0.958995,-1.210818,1.276443,-0.425393,-0.414661,0.280688,0.450616
"white",5,-1.045837,1.619606,-0.739911,-0.250226,-0.385466,0.550134,-0.711139,-0.768121,0.236123,2.204234,1.592383,0.390648
"white",7,-1.045837,1.968489,1.705172,-0.631625,-0.461787,1.556220,-0.648679,-0.892377,-0.954605,0.446586,-1.090630,0.353360
"white",5,-1.045837,2.156350,-0.060722,0.200519,-0.461787,0.270666,-0.149001,0.056482,-1.020757,0.850845,-0.434782,0.164544
"white",5,-1.045837,2.183187,-0.060722,0.200519,-0.461787,0.606028,-0.149001,-0.056477,-1.020757,0.938728,-0.494405,0.106715
"white",5,-1.045837,2.693094,-0.332398,-0.194750,-0.919715,-0.735420,-1.210818,-0.011294,-1.153060,0.253245,0.906724,0.395282
"white",5,-1.045837,2.988303,1.025982,1.344717,0.148782,0.661921,-2.022795,2.055863,-0.293090,1.237528,1.771251,0.722698
"white",5,-1.045837,3.149326,3.674822,-0.569215,-0.080181,0.326559,-1.897876,-0.824601,-0.226938,-0.274050,-0.017425,0.688062
"white",5,-1.045837,3.444535,0.278873,0.262930,-0.538109,1.164964,-0.336380,0.372768,-0.756151,0.639927,0.101820,0.447527
"white",5,-1.045837,3.471372,1.093901,-0.007517,-0.614430,1.891582,-1.023438,-0.237212,-0.888454,0.622351,-0.971385,0.027480
"white",5,-1.045837,4.142302,0.686387,1.483408,0.606710,0.382453,-1.460657,1.705689,0.169971,1.729669,1.234648,0.640482
"white",6,-0.961641,-0.715229,-0.671992,-0.250226,-1.301321,-0.008803,0.100838,-0.124253,-1.153060,-0.221320,-1.090630,0.502099
"white",6,-0.961641,-0.715229,-0.332398,0.304537,-1.759248,0.214772,-0.960979,1.513658,-0.226938,0.059904,-0.643461,0.181578
"white",6,-0.961641,-0.715229,-0.332398,0.304537,-1.682927,0.214772,-0.960979,1.513658,-0.226938,0.059904,-0.643461,0.697073
"white",5,-0.961641,-0.634718,-1.011587,1.046532,-0.232824,1.612114,-0.898519,1.773465,-0.293090,1.255104,0.340310,0.224400
"white",6,-0.961641,-0.634718,1.161820,-0.458262,-0.767072,-0.735420,0.475597,-0.937561,1.096094,-1.117721,-1.150252,0.562364
"white",5,-0.961641,-0.554206,-1.215344,0.588853,-0.767072,0.438347,0.288218,0.869790,-0.226938,0.710233,0.101820,0.307881
"white",5,-0.961641,-0.554206,-0.128641,-0.596953,-0.996036,0.438347,2.224472,-0.914969,-0.359241,-0.010402,-0.494405,0.035981
"white",6,-0.961641,-0.554206,0.346792,0.429358,-0.461787,0.885496,-0.149001,0.779422,-0.359241,0.675080,-0.673272,0.539565
"white",6,-0.961641,-0.527369,0.618468,1.490342,-0.767072,1.556220,0.163298,2.654548,0.236123,1.026610,-0.077047,0.051035
"white",6,-0.961641,-0.500532,0.686387,1.448735,-0.385466,2.953561,-0.398840,2.021975,-0.226938,0.798116,-0.852140,0.625271
"white",5,-0.961641,-0.473695,-0.128641,1.847471,-0.843394,1.053177,1.100195,2.631956,-0.557696,1.009034,-0.434782,0.404179
"white",7,-0.961641,-0.473695,0.210954,1.344717,-0.690751,-0.064696,0.850356,1.366811,-0.226938,1.466022,-0.136670,0.011898
"white",5,-0.961641,-0.473695,0.550549,0.450162,-0.538109,2.450518,-0.273921,1.118300,-0.226938,1.975740,-0.434782,0.166388
"white",5,-0.961641,-0.446857,-0.875749,0.439760,-0.080181,0.997283,-0.398840,0.621279,-0.226938,1.219951,-0.375160,0.215488
"white",5,-0.961641,-0.446857,-0.196560,0.720609,0.301425,-0.511845,-1.148358,1.231260,-1.219212,0.534469,-0.196292,0.201704
"white",6,-0.961641,-0.420020,-0.875749,-0.687102,-0.538109,-0.008803,-1.460657,-0.869785,-0.491544,-0.063132,-0.613650,0.400284
"white",3,-0.961641,-0.420020,-0.400317,0.131173,-0.385466,4.909839,2.037092,-0.790713,0.633033,1.782399,-0.554027,0.741074
"white",4,-0.961641,-0.393183,-2.166210,-0.284899,-0.843394,-0.344164,0.538057,-0.847193,-1.020757,-0.625579,1.532760,0.146893
"white",5,-0.961641,-0.393183,-1.011587,0.432826,-0.614430,1.723901,-0.024081,0.734238,-0.491544,1.413293,-0.375160,0.457292
"white",5,-0.961641,-0.393183,-0.739911,-0.274497,-0.843394,-0.735420,-1.273278,-0.011294,-0.028483,0.323551,-0.017425,0.277991
"white",5,-0.961641,-0.393183,-0.671992,-0.180881,-1.148679,-0.288271,0.787896,-0.192029,-0.954605,-0.063132,-0.971385,0.214993
"white",6,-0.961641,-0.393183,1.025982,0.526442,-0.232824,0.326559,-0.461300,0.756830,0.103820,0.727810,-0.554027,0.396092
"white",6,-0.961641,-0.393183,1.093901,0.394686,-0.156502,1.668007,-0.149001,0.237217,-0.226938,1.219951,-0.434782,0.091228
"white",5,-0.961641,-0.393183,1.093901,1.414062,0.759352,1.612114,-0.773599,1.954200,-0.094635,0.956304,0.340310,0.270519
"white",5,-0.961641,-0.393183,1.161820,1.396726,0.759352,1.556220,-0.773599,1.931608,0.037668,0.903575,0.221065,0.120431
"white",6,-0.961641,-0.366346,-0.943668,0.394686,-0.385466,1.500326,-0.336380,0.598687,-0.623848,1.501175,-0.196292,0.420618
"white",6,-0.961641,-0.366346,-0.332398,-0.423589,-1.072357,-0.344164,0.975276,-0.734234,-1.483818,-0.801344,-0.673272,0.257115
"white",5,-0.961641,-0.366346,0.075116,0.789954,-0.232824,-0.120590,-0.149001,1.140892,-0.094635,0.657504,0.399933,0.303542
"white",5,-0.961641,-0.339509,-1.079506,0.207453,-0.996036,0.997283,-0.086541,0.643871,-1.153060,1.448446,-0.315537,0.717169
"white",5,-0.961641,-0.339509,-1.011587,0.436293,-0.614430,1.668007,-0.086541,0.756830,-0.425393,1.466022,-0.434782,0.170773
"white",6,-0.961641,-0.339509,-0.943668,0.703272,-0.767072,1.723901,-0.523760,1.479770,-0.094635,0.710233,-0.792517,0.468606
"white",5,-0.961641,-0.339509,-0.468236,0.131173,-0.003860,0.047091,0.038378,-0.124253,-1.153060,-0.098285,-0.852140,0.105516
"white",5,-0.961641,-0.339509,0.686387,0.380817,-0.461787,1.668007,-0.523760,0.711647,-0.359241,1.430869,-0.375160,0.685526
"white",5,-0.961641,-0.312672,-0.739911,0.495236,-0.232824,1.332645,-0.024081,0.485728,-0.359241,1.325410,-0.255915,0.218383
"white",6,-0.961641,-0.312672,-0.400317,1.332581,-0.919715,1.276752,-1.460657,2.180119,1.029942,0.182939,-0.852140,0.107990
"white",4,-0.961641,-0.312672,0.278873,0.360013,1.064637,-1.070782,-0.336380,-0.824601,-0.425393,0.077480,-0.017425,0.512579
"white",5,-0.961641,-0.312672,0.618468,0.235191,-0.614430,1.723901,-0.836059,0.395360,-0.491544,1.782399,-0.375160,0.285239
"white",5,-0.961641,-0.312672,2.588118,1.067336,0.835674,0.158878,-0.836059,1.253852,0.236123,0.956304,0.280688,0.036657
"white",5,-0.961641,-0.285834,-0.807830,-0.042190,0.301425,-1.182569,-0.461300,-0.372764,-0.822302,0.024751,0.221065,0.564670
"white",5,-0.961641,-0.285834,-0.807830,1.545818,-0.156502,1.109071,-0.898519,2.631956,0.169971,1.219951,0.698045,0.741143
"white",6,-0.961641,-0.285834,-0.332398,-0.388917,-0.690751,0.214772,0.912816,-0.869785,0.037668,1.061763,-0.077047,0.105554
"white",5,-0.961641,-0.285834,-0.060722,0.907841,0.301425,-1.350250,-0.960979,0.982749,0.500729,1.395716,0.817290,0.571844
"white",5,-0.961641,-0.285834,0.822225,0.457097,-0.309145,1.220858,-0.149001,0.711647,-0.160786,1.202375,-0.494405,0.121039
"white",5,-0.961641,-0.285834,2.656037,1.275372,0.911995,-0.455952,-1.523117,1.615322,0.765336,0.798116,0.042198,0.446818
"white",6,-0.961641,-0.258997,1.161820,-0.250226,-0.156502,0.382453,-1.710496,-0.282396,-0.888454,0.376280,-0.315537,0.710999
"white",5,-0.961641,-0.258997,1.229739,0.789954,-0.614430,1.500326,-0.898519,1.276443,0.434578,1.606634,-0.136670,0.505804
"white",5,-0.961641,-0.232160,-0.332398,1.656771,-0.996036,1.220858,0.787896,2.970834,-0.623848,0.938728,-0.494405,0.549565
"white",5,-0.961641,-0.232160,0.618468,0.294135,-0.461787,1.388539,-0.149001,0.485728,-0.491544,1.114492,-0.136670,0.026295
"white",6,-0.961641,-0.232160,0.618468,1.424464,0.072461,2.394625,-0.398840,2.157527,1.162245,1.905434,-0.673272,0.370897
"white",6,-0.961641,-0.232160,1.637253,1.656771,0.911995,1.388539,-0.960979,1.976792,0.302275,1.325410,0.042198,0.487672
"white",5,-0.961641,-0.205323,-0.536154,-0.458262,-0.232824,-0.958995,-0.336380,-0.869785,-0.160786,0.182939,0.876913,0.258655
"white",6,-0.961641,-0.205323,-0.400317,0.828094,-1.148679,1.220858,-0.898519,1.683097,-0.557696,-0.151014,-0.554027,0.258539
"white",6,-0.961641,-0.205323,-0.400317,0.828094,-1.148679,1.220858,-0.898519,1.683097,-0.557696,0.095057,-0.554027,0.091409
"white",4,-0.961641,-0.205323,-0.332398,0.172781,-0.385466,-1.238463,-0.398840,0.463136,-1.020757,1.114492,1.175025,0.326606
"white",6,-0.961641,-0.205323,-0.060722,-0.111535,0.835674,0.997283,-0.648679,-0.802009,0.302275,0.675080,-1.031007,0.272197
"white",6,-0.961641,-0.205323,1.093901,0.450162,-0.309145,1.388539,-0.086541,0.259809,-0.557696,1.184798,-0.494405,0.065170
"white",6,-0.961641,-0.205323,1.161820,0.477900,-0.461787,1.779795,-0.336380,0.621279,-0.557696,1.799975,-0.434782,0.131862
"white",6,-0.961641,-0.178486,0.007197,-0.319571,-0.767072,-0.735420,-0.273921,-0.508315,0.103820,0.200515,-0.852140,0.418610
"white",5,-0.961641,-0.178486,1.161820,0.373882,1.293601,-0.735420,-0.586220,-0.779417,-1.285363,0.288398,-0.136670,0.546650
"white",5,-0.961641,-0.178486,1.365577,0.609656,-0.461787,-0.064696,-0.960979,1.140892,-0.888454,0.446586,0.101820,0.657650
"white",6,-0.961641,-0.178486,2.452280,0.027155,0.072461,0.047091,0.600517,-0.802009,0.699184,0.727810,-0.911762,0.676919
"white",5,-0.961641,-0.151648,-0.671992,0.776085,-0.461787,0.270666,-0.773599,1.637914,0.897639,0.552045,-0.613650,0.007996
"white",6,-0.961641,-0.151648,-0.400317,1.344717,-0.461787,-0.735420,-1.398197,2.767507,-0.689999,0.604774,-0.971385,0.320760
"white",5,-0.961641,-0.124811,-0.671992,0.429358,-0.385466,-0.344164,-0.024081,0.847198,-0.557696,-0.027979,0.340310,0.466514
"white",5,-0.961641,-0.124811,-0.196560,-0.388917,-0.690751,0.997283,-0.086541,-0.779417,-0.226938,1.237528,-0.613650,0.473012
"white",6,-0.961641,-0.124811,0.007197,0.616591,-0.614430,-0.344164,0.787896,1.027933,-0.293090,-0.432238,-0.971385,0.358258
"white",5,-0.961641,-0.124811,1.433496,1.414062,-0.461787,-0.455952,-1.772956,2.270486,-1.219212,0.376280,-0.732895,0.244831
"white",5,-0.961641,-0.097974,-0.739911,-0.024854,-0.309145,0.214772,0.475597,0.079074,-0.689999,-0.186167,-0.971385,0.585757
"white",6,-0.961641,-0.097974,-0.264479,0.127706,-0.919715,0.382453,-1.023438,0.598687,-0.226938,0.305974,-0.554027,0.444778
"white",6,-0.961641,-0.097974,0.618468,1.504211,0.148782,0.382453,-0.149001,2.044567,0.633033,1.395716,0.340310,0.475870
"white",5,-0.961641,-0.097974,0.958063,0.828094,-0.690751,0.773709,-0.273921,1.366811,0.897639,1.096916,-0.434782,0.140412
"white",6,-0.961641,-0.097974,1.161820,0.304537,-0.156502,-0.455952,0.850356,0.192033,-1.153060,0.059904,-1.209875,0.408898
"white",5,-0.961641,-0.097974,1.229739,0.997990,-0.309145,0.997283,-0.836059,1.863832,-0.557696,1.395716,-0.315537,0.202596
"white",5,-0.961641,-0.097974,1.433496,0.616591,-0.309145,0.382453,-0.960979,1.140892,-0.888454,0.639927,0.042198,0.226248
"white",6,-0.961641,-0.071137,-0.264479,0.314939,0.988316,1.332645,-0.086541,-0.440539,-0.689999,1.044187,-0.255915,0.681161
"white",6,-0.961641,-0.071137,-0.128641,-0.180881,-0.232824,-0.400058,-1.460657,-0.214620,-1.020757,0.024751,-0.554027,0.423356
"white",5,-0.961641,-0.071137,-0.128641,0.928645,-0.996036,1.500326,0.350678,1.773465,-0.954605,0.973881,-0.673272,0.136773
"white",6,-0.961641,-0.071137,0.686387,0.360013,-0.309145,1.556220,-0.648679,0.508320,-0.293090,1.501175,-0.434782,0.331802
"white",6,-0.961641,-0.017462,-0.196560,0.866234,-0.461787,0.158878,-0.336380,1.999384,-0.954605,-0.344355,-1.269497,0.326563
"white",5,-0.961641,-0.017462,1.093901,0.609656,-0.385466,0.270666,-1.148358,0.847198,-0.425393,0.921151,0.042198,0.145779
"white",5,-0.961641,-0.017462,1.297658,0.373882,-0.767072,1.053177,-0.273921,0.643871,-0.094635,1.606634,-0.375160,0.305507
"white",6,-0.961641,-0.017462,1.705172,0.332275,-0.385466,1.668007,-1.648036,0.350176,-0.689999,0.622351,-1.269497,0.739317
"white",7,-0.961641,0.009375,0.007197,0.373882,-0.156502,1.612114,2.037092,-0.101661,-0.623848,0.516892,-1.388742,0.242886
"white",5,-0.961641,0.009375,0.143035,0.304537,-0.156502,-0.623633,-1.460657,0.666463,0.368426,-0.238897,-0.792517,0.542474
"white",4,-0.961641,0.036212,1.161820,0.685936,-0.232824,0.494240,2.661691,-0.779417,-0.094635,0.903575,-0.494405,0.378611
"white",6,-0.961641,0.036212,1.161820,0.706740,-0.767072,2.115157,-0.211461,1.389403,0.434578,1.764822,-0.255915,0.617353
"white",6,-0.961641,0.089886,-0.807830,-0.042190,0.225104,-0.847207,-1.023438,-0.824601,-0.888454,0.938728,0.459555,0.495257
"white",5,-0.961641,0.089886,-0.400317,0.824627,-0.232824,1.388539,-0.086541,1.321627,-0.623848,1.378140,1.294270,0.358475
"white",5,-0.961641,0.116724,0.278873,1.067336,-0.461787,0.661921,0.538057,0.937565,0.169971,1.747246,0.221065,0.186334
"white",5,-0.961641,0.116724,1.161820,-0.250226,0.606710,-0.176483,-0.898519,-0.869785,-1.285363,0.042327,-0.554027,0.554452
"white",6,-0.961641,0.170398,0.210954,0.294135,-0.461787,0.047091,-0.773599,0.214625,-0.425393,0.622351,0.042198,0.145394
"white",5,-0.961641,0.224072,0.482630,0.997990,0.225104,-0.064696,-0.398840,1.660505,-0.954605,0.077480,-0.077047,0.538848
"white",5,-0.961641,0.250909,0.686387,0.346144,-0.232824,0.606028,-0.648679,0.259809,0.037668,1.079339,0.340310,0.347466
"white",5,-0.961641,0.331421,-0.060722,0.831561,-0.538109,1.556220,-0.273921,1.163484,-0.293090,0.973881,0.042198,0.636450
"white",5,-0.961641,0.358258,-0.264479,0.720609,-0.156502,0.829602,0.725436,0.553503,0.103820,1.237528,-0.792517,0.594665
"white",5,-0.961641,0.599793,2.248523,-0.503336,-1.148679,-0.735420,-0.149001,-0.869785,-0.756151,0.393857,-0.524216,0.539569
"white",5,-0.961641,0.626630,2.248523,0.373882,-0.919715,-1.070782,-1.148358,1.050525,-0.359241,0.780539,0.638423,0.747275
"white",5,-0.961641,0.653467,-0.671992,0.876636,-0.232824,2.562306,1.100195,0.203329,0.236123,3.311552,0.340310,0.279818
"white",5,-0.961641,1.378071,-0.264479,0.991056,-0.003860,0.717815,-1.648036,1.208668,0.236123,1.272681,-0.017425,0.562971
"white",6,-0.961641,1.780629,-0.604073,0.304537,-0.156502,-0.176483,-1.148358,0.146850,0.037668,-0.186167,-0.911762,0.343272
"white",5,-0.961641,1.780629,-0.536154,0.269864,-0.309145,0.270666,-0.960979,0.350176,-0.359241,0.024751,-0.255915,0.001530
"white",5,-0.961641,2.693094,-0.604073,0.065295,-0.385466,1.053177,-0.336380,-0.011294,-0.293090,0.534469,0.519178,0.140742
"white",5,-0.961641,3.015140,-0.060722,0.685936,-0.156502,0.102985,-0.149001,0.056482,-0.359241,0.833269,0.280688,0.351765
"white",5,-0.961641,3.041977,-0.128641,0.027155,-0.461787,1.668007,-0.273921,-0.056477,-0.425393,0.903575,-0.255915,0.212464
"white",6,-0.961641,3.041977,0.414711,0.373882,-0.461787,2.115157,-0.211461,0.327585,-1.020757,1.518751,-0.494405,0.597737
"white",6,-0.961641,3.068814,0.482630,0.380817,-0.385466,1.891582,-0.211461,0.304993,-1.020757,1.501175,-0.494405,0.515101
"white",6,-0.961641,3.095651,0.482630,-0.284899,-0.385466,1.835688,-0.711139,-0.576091,-1.153060,0.762963,-0.673272,0.103981
"white",6,-0.961641,3.176163,0.007197,0.235191,-0.919715,0.941390,-0.211461,0.530912,-0.226938,0.780539,-0.196292,0.737606
"white",6,-0.961641,3.310349,0.210954,-0.284899,-0.385466,0.326559,-0.711139,-0.824601,0.037668,0.798116,-0.255915,0.558174
"white",5,-0.961641,3.444535,-0.332398,-0.735643,-0.919715,-1.014888,-0.648679,-0.960152,0.566881,1.290257,-0.077047,0.004509
"white",5,-0.961641,4.088627,-0.128641,0.089566,-0.614430,1.779795,-0.773599,0.327585,-0.888454,0.727810,-0.315537,0.328123
"white",5,-0.961641,4.920580,0.007197,0.096501,-0.614430,1.723901,-0.648679,-0.124253,-0.359241,1.044187,-0.434782,0.340426
"white",5,-0.877444,-0.742067,1.297658,0.685936,-0.156502,1.388539,-1.210818,1.344219,0.500729,1.975740,-0.613650,0.672565
"white",5,-0.877444,-0.688392,-0.807830,0.366948,-0.843394,1.053177,-0.024081,0.576095,-0.359241,0.973881,0.161443,0.692281
"white",6,-0.877444,-0.661555,-1.215344,0.311471,-0.996036,-0.008803,0.350678,0.802014,-0.623848,0.481739,-0.375160,0.400357
"white",5,-0.877444,-0.661555,-1.079506,-0.617756,-0.690751,-0.288271,-0.398840,-0.937561,-0.756151,-0.291626,0.399933,0.396436
"white",6,-0.877444,-0.661555,0.890144,0.859300,-0.385466,1.444433,-0.024081,1.253852,0.368426,1.712093,-0.255915,0.022021
"white",5,-0.877444,-0.634718,0.686387,0.803823,-0.843394,-0.120590,-2.210175,2.270486,-0.425393,0.165362,-1.031007,0.698961
"white",6,-0.877444,-0.607881,-0.196560,0.800356,0.072461,1.723901,-0.523760,1.411995,0.169971,1.923011,0.996158,0.592136
"white",6,-0.877444,-0.554206,0.075116,-0.506804,-0.461787,-0.735420,0.288218,-0.824601,0.500729,-0.098285,-1.537799,0.547312
"white",6,-0.877444,-0.527369,0.958063,0.893972,-0.690751,1.723901,0.163298,1.513658,-0.028483,1.712093,-0.434782,0.325069
"white",5,-0.877444,-0.500532,-0.604073,0.235191,-0.385466,1.723901,-0.523760,0.485728,-1.219212,1.852705,-0.554027,0.494890
"white",5,-0.877444,-0.500532,0.890144,0.373882,-0.461787,1.332645,-0.273921,0.666463,-0.359241,1.501175,-0.255915,0.615710
"white",5,-0.877444,-0.473695,-0.332398,-0.631625,-0.843394,-0.958995,0.038378,-0.960152,-1.417666,-0.572850,0.638423,0.663685
"white",6,-0.877444,-0.473695,-0.060722,1.067336,0.759352,3.680179,-0.960979,1.524954,-0.094635,2.362423,-0.971385,0.706127
"white",6,-0.877444,-0.473695,0.482630,1.067336,0.759352,1.053177,0.538057,0.621279,-0.160786,1.641787,-0.434782,0.548629
"white",6,-0.877444,-0.473695,0.958063,-0.042190,1.827850,2.618199,-1.897876,-0.813305,-0.491544,1.905434,-0.315537,0.565835
"white",4,-0.877444,-0.446857,-1.011587,0.373882,0.606710,-0.958995,-0.836059,0.711647,-1.549970,-0.959532,1.234648,0.265693
"white",5,-0.877444,-0.446857,-0.536154,0.165846,-0.690751,0.438347,-0.024081,0.350176,-0.425393,0.464163,-0.255915,0.502484
"white",6,-0.877444,-0.446857,-0.400317,0.165846,-0.538109,0.047091,0.225758,0.033890,0.963790,0.446586,-0.911762,0.263222
"white",6,-0.877444,-0.446857,0.075116,0.165846,-0.156502,-0.288271,-0.211461,0.169441,0.302275,0.376280,-0.673272,0.393312
"white",6,-0.877444,-0.446857,0.278873,0.373882,1.064637,-0.344164,0.163298,-0.734234,0.103820,1.272681,-0.971385,0.196547
"white",5,-0.877444,-0.446857,0.822225,0.824627,-0.309145,1.556220,-0.024081,1.457179,0.169971,1.905434,-0.375160,0.570408
"white",6,-0.877444,-0.446857,1.025982,0.484835,-0.690751,1.723901,-0.648679,1.389403,-0.160786,1.202375,-0.375160,0.012609
"white",7,-0.877444,-0.446857,1.161820,-0.354244,-1.072357,0.773709,0.725436,-0.033885,-1.020757,0.059904,-0.911762,0.061813
"white",6,-0.877444,-0.420020,-0.400317,-0.146208,-0.538109,0.550134,0.725436,-0.824601,1.228397,0.464163,-0.971385,0.118624
"white",6,-0.877444,-0.420020,-0.400317,0.197052,-0.156502,-0.511845,-0.024081,0.485728,0.103820,-0.432238,-0.673272,0.662994
"white",5,-0.877444,-0.420020,0.007197,0.269864,1.293601,-1.014888,-0.336380,-0.847193,-0.293090,1.290257,-0.017425,0.068450
"white",5,-0.877444,-0.420020,0.822225,0.789954,-0.690751,0.997283,-0.273921,1.479770,-0.094635,1.413293,-0.554027,0.654096
"white",5,-0.877444,-0.393183,-0.604073,-0.111535,1.675207,-0.903101,-0.960979,-0.779417,-1.417666,-0.836497,-1.090630,0.034876
"white",5,-0.877444,-0.393183,-0.400317,-0.250226,0.225104,-0.958995,-0.960979,-0.734234,-1.020757,0.323551,-0.136670,0.089352
"white",6,-0.877444,-0.393183,-0.264479,0.235191,-0.461787,1.164964,0.475597,-0.033885,1.426852,1.149645,-0.732895,0.505317
"white",5,-0.877444,-0.393183,-0.196560,0.373882,-0.767072,-0.232377,3.411208,-0.847193,0.699184,0.411433,-0.077047,0.308623
"white",5,-0.877444,-0.393183,0.278873,-0.087264,0.301425,-0.232377,-0.836059,-0.124253,-0.425393,-0.221320,-1.031007,0.643971
"white",6,-0.877444,-0.393183,2.656037,1.150550,-0.309145,-0.511845,-2.335094,2.812691,-0.226938,-0.010402,-0.911762,0.090267
"white",6,-0.877444,-0.366346,0.007197,0.859300,0.606710,1.835688,-0.711139,1.208668,-0.028483,1.518751,-0.732895,0.141002
"white",5,-0.877444,-0.366346,0.822225,0.342677,-0.614430,1.332645,-0.273921,0.711647,-0.359241,1.518751,-0.017425,0.571187
"white",5,-0.877444,-0.339509,-1.215344,0.339209,-0.538109,0.214772,-0.024081,0.553503,-0.226938,0.323551,-0.196292,0.680860
"white",5,-0.877444,-0.339509,-0.943668,0.366948,-0.461787,1.612114,-0.398840,0.779422,-0.293090,1.290257,-0.673272,0.727722
"white",5,-0.877444,-0.339509,-0.468236,1.656771,-0.843394,0.997283,0.725436,2.869171,-0.359241,0.815692,-0.375160,0.460553
"white",7,-0.877444,-0.339509,0.210954,0.859300,0.606710,1.276752,-0.836059,0.937565,0.169971,1.255104,-0.673272,0.562597
"white",6,-0.877444,-0.339509,1.093901,0.703272,-0.767072,2.674093,0.163298,1.118300,-0.425393,2.204234,-0.554027,0.403907
"white",5,-0.877444,-0.339509,1.365577,0.332275,-0.461787,1.276752,-0.273921,0.689055,-0.359241,1.536328,-0.434782,0.003661
"white",6,-0.877444,-0.339509,2.859794,0.928645,-0.538109,2.115157,-0.273921,1.863832,0.037668,1.923011,-0.494405,0.499057
"white",5,-0.877444,-0.312672,-0.875749,0.443227,-0.003860,1.276752,-0.336380,0.598687,-1.020757,1.079339,-0.613650,0.481533
"white",5,-0.877444,-0.312672,-0.807830,0.928645,-0.919715,0.829602,0.662977,1.705689,-0.756151,1.272681,-0.315537,0.570480
"white",6,-0.877444,-0.312672,0.007197,1.899480,-0.538109,0.773709,0.975276,2.586772,-0.491544,0.903575,-0.494405,0.441076
"white",6,-0.877444,-0.312672,0.686387,0.318406,-0.690751,1.779795,-0.149001,0.463136,-0.028483,1.659363,-0.494405,0.716789
"white",5,-0.877444,-0.285834,-0.536154,1.206026,-0.843394,1.164964,0.787896,1.592730,-0.557696,1.009034,-0.554027,0.331423
"white",6,-0.877444,-0.285834,-0.400317,1.119345,-0.767072,1.500326,-0.336380,1.886424,-0.689999,1.606634,-0.255915,0.727173
"white",5,-0.877444,-0.285834,0.075116,1.310044,-0.385466,0.047091,0.850356,1.637914,-0.888454,0.534469,-0.613650,0.067092
"white",5,-0.877444,-0.285834,1.161820,2.038170,1.980492,-0.958995,-0.273921,2.338262,-0.557696,0.077480,-0.196292,0.744250
"white",5,-0.877444,-0.285834,1.501415,0.720609,-0.156502,1.612114,-1.085898,1.276443,0.500729,2.098775,-0.315537,0.618758
"white",5,-0.877444,-0.258997,-0.875749,0.963318,-0.996036,1.109071,0.787896,1.660505,-1.020757,0.833269,-0.554027,0.595510
"white",5,-0.877444,-0.258997,-0.332398,-0.596953,-1.148679,-0.511845,0.288218,-0.847193,-0.491544,-0.256473,-1.448365,0.537414
"white",6,-0.877444,-0.258997,0.346792,0.245593,-0.767072,1.332645,-0.211461,0.463136,-0.359241,1.518751,-0.494405,0.530977
"white",6,-0.877444,-0.258997,0.550549,0.418957,-0.003860,1.220858,-0.273921,0.282401,-0.028483,1.009034,-0.494405,0.082588
"white",6,-0.877444,-0.258997,1.365577,0.308004,-0.461787,1.220858,-0.398840,0.711647,-0.425393,1.342987,-0.494405,0.236938
"white",6,-0.877444,-0.232160,-0.875749,-0.049124,-1.377642,0.326559,0.225758,0.463136,-0.822302,-0.080708,-0.941574,0.080000
"white",6,-0.877444,-0.232160,-0.875749,-0.049124,-1.225000,0.326559,0.225758,0.463136,-0.822302,-0.080708,-0.941574,0.255537
"white",4,-0.877444,-0.232160,-0.468236,0.512573,-0.309145,-1.126676,0.850356,-0.417947,-0.094635,-1.012262,2.158797,0.112006
"white",5,-0.877444,-0.232160,-0.468236,0.731011,-0.080181,0.102985,-0.523760,1.389403,-0.888454,0.376280,-0.196292,0.328032
"white",6,-0.877444,-0.232160,-0.060722,-0.527607,-0.843394,-0.400058,-0.024081,-0.937561,1.559155,0.973881,0.340310,0.463294
"white",6,-0.877444,-0.232160,0.143035,1.414062,-0.385466,-0.008803,1.350035,1.762169,-0.425393,0.815692,-0.554027,0.654512
"white",6,-0.877444,-0.232160,0.210954,0.477900,-0.309145,2.562306,0.100838,0.621279,-0.689999,1.448446,-0.434782,0.219080
"white",6,-0.877444,-0.232160,0.686387,0.997990,-0.232824,-1.126676,0.600517,0.779422,-0.491544,0.569622,0.578800,0.534011
"white",5,-0.877444,-0.232160,1.025982,0.789954,-0.767072,1.779795,-0.211461,1.479770,-0.226938,1.676940,-0.554027,0.053456
"white",5,-0.877444,-0.205323,-1.487020,-0.319571,-0.309145,-0.064696,-0.086541,-0.824601,-0.822302,0.059904,-0.017425,0.489129
"white",5,-0.877444,-0.205323,-0.875749,0.214388,-0.690751,0.941390,-0.024081,0.598687,-0.359241,1.219951,-0.255915,0.098943
"white",6,-0.877444,-0.205323,-0.400317,0.027155,0.835674,1.444433,-0.086541,-0.802009,0.566881,1.307834,-1.209875,0.688383
"white",7,-0.877444,-0.205323,-0.128641,0.873169,-0.156502,0.885496,-0.149001,1.863832,-1.153060,0.095057,-1.150252,0.665812
"white",6,-0.877444,-0.205323,0.143035,-0.180881,-0.690751,-0.903101,0.475597,-0.779417,-0.293090,0.305974,-0.255915,0.040732
"white",6,-0.877444,-0.205323,0.686387,0.720609,-0.461787,2.618199,0.100838,1.411995,-0.094635,2.046046,-0.554027,0.543849
"white",5,-0.877444,-0.205323,1.025982,-0.631625,-0.843394,1.109071,-0.211461,-0.824601,-0.557696,1.272681,-0.255915,0.112451
"white",6,-0.877444,-0.205323,1.365577,0.342677,-0.538109,0.270666,-0.398840,0.643871,-0.160786,1.360563,-0.315537,0.151991
"white",5,-0.877444,-0.205323,1.841009,0.443227,1.904171,-0.400058,-1.523117,-0.802009,0.566881,0.481739,-1.209875,0.004849
"white",4,-0.877444,-0.178486,-0.400317,0.027155,0.606710,-1.070782,0.100838,-0.869785,-1.086909,-0.467391,-0.136670,0.335411
"white",6,-0.877444,-0.178486,-0.332398,-0.104601,0.301425,-0.400058,-0.898519,-0.101661,-0.425393,-0.291626,-1.031007,0.519845
"white",5,-0.877444,-0.178486,-0.264479,0.824627,-0.614430,0.214772,0.538057,1.457179,-0.557696,0.850845,-0.613650,0.123791
"white",5,-0.877444,-0.178486,-0.196560,0.581918,0.148782,-0.511845,-0.586220,1.140892,-1.219212,-0.168591,-0.613650,0.480165
"white",6,-0.877444,-0.178486,-0.128641,0.554180,0.530389,1.556220,-0.648679,0.530912,-1.086909,0.657504,-1.090630,0.387670
"white",5,-0.877444,-0.178486,0.007197,-0.180881,0.759352,-0.735420,-0.523760,-0.802009,0.302275,-0.238897,-1.031007,0.106290
"white",6,-0.877444,-0.178486,0.075116,-0.631625,-0.843394,-0.344164,-0.461300,-0.892377,1.625306,0.956304,0.101820,0.740403
"white",5,-0.877444,-0.178486,0.210954,0.859300,-0.385466,1.891582,-0.461300,1.818649,-0.226938,1.589057,-0.613650,0.627305
"white",5,-0.877444,-0.178486,0.618468,-0.180881,0.835674,-0.344164,-2.335094,-0.643866,-0.557696,-0.115861,-0.792517,0.205600
"white",5,-0.877444,-0.178486,0.890144,0.339209,-0.614430,1.220858,-0.273921,0.734238,-0.359241,1.430869,-0.434782,0.217661
"white",4,-0.877444,-0.151648,-1.079506,-0.180881,-0.232824,-0.847207,-0.024081,-0.824601,-1.020757,-0.326779,-0.136670,0.458365
"white",5,-0.877444,-0.151648,-0.196560,0.789954,-0.614430,0.102985,0.538057,1.434587,-0.557696,0.903575,-0.613650,0.734385
"white",7,-0.877444,-0.151648,-0.060722,0.859300,0.225104,-0.344164,-0.211461,1.502362,-0.623848,-0.361932,-0.971385,0.100708
"white",6,-0.877444,-0.151648,0.210954,-0.104601,0.301425,-0.400058,-0.773599,-0.169437,-0.623848,-0.291626,-1.150252,0.365774
"white",5,-0.877444,-0.151648,1.229739,0.290668,-0.538109,0.885496,-0.273921,0.666463,-0.425393,1.448446,-0.494405,0.275852
"white",5,-0.877444,-0.124811,0.007197,0.710207,-0.843394,1.220858,1.037735,0.621279,0.765336,1.202375,-0.077047,0.508802
"white",5,-0.877444,-0.124811,0.754306,-0.180881,0.911995,-0.567739,-2.335094,-0.666458,-0.491544,-0.186167,-0.911762,0.334713
"white",6,-0.877444,-0.097974,-0.536154,0.339209,-0.309145,0.606028,0.912816,-0.112957,0.897639,1.694516,-0.554027,0.564612
"white",6,-0.877444,-0.097974,-0.400317,0.928645,-0.996036,0.214772,0.725436,1.637914,-0.557696,0.341127,-0.613650,0.150665
"white",5,-0.877444,-0.097974,0.075116,-0.167012,0.835674,-1.014888,-2.085255,-0.576091,-0.359241,-0.748615,-0.554027,0.573012
"white",7,-0.877444,-0.097974,0.346792,1.622098,-0.232824,1.612114,0.912816,2.247894,1.889913,1.114492,-0.732895,0.272383
"white",5,-0.877444,-0.071137,-0.400317,0.297602,-0.614430,0.941390,-0.648679,0.711647,-0.226938,1.184798,-0.613650,0.132704
"white",5,-0.877444,-0.071137,0.210954,-0.298768,0.606710,-0.958995,-0.898519,-0.892377,0.103820,0.376280,-0.554027,0.305177
"white",6,-0.877444,-0.044300,0.346792,0.464031,-0.309145,1.220858,-0.711139,0.711647,-0.094635,1.360563,-0.434782,0.693421
"white",6,-0.877444,-0.044300,0.958063,1.483408,1.140959,2.115157,0.850356,1.976792,-1.086909,1.466022,-0.017425,0.026023
"white",5,-0.877444,-0.017462,-0.943668,-0.354244,-0.309145,-0.958995,-0.711139,-0.824601,-0.756151,0.393857,-0.554027,0.430646
"white",5,-0.877444,-0.017462,-0.332398,0.373882,-0.080181,-0.232377,-1.710496,0.802014,-0.094635,-0.063132,-0.792517,0.597121
"white",5,-0.877444,-0.017462,-0.264479,1.049999,-1.072357,0.829602,1.225115,1.366811,-0.689999,1.061763,-0.554027,0.740101
"white",5,-0.877444,-0.017462,0.143035,-0.062994,0.301425,0.214772,-0.773599,-0.847193,-0.160786,1.079339,-0.554027,0.737347
"white",5,-0.877444,-0.017462,0.210954,0.259462,-0.614430,0.829602,-0.398840,0.598687,-0.226938,1.342987,-0.494405,0.470531
"white",5,-0.877444,-0.017462,0.822225,0.235191,-0.309145,0.047091,-0.523760,0.327585,-0.623848,0.815692,0.042198,0.144546
"white",4,-0.877444,0.009375,-0.536154,-0.111535,-0.232824,-0.958995,-1.460657,-0.327580,-0.359241,-0.520120,-0.554027,0.443016
"white",6,-0.877444,0.009375,-0.332398,-0.388917,-0.461787,0.158878,-0.024081,-0.824601,0.169971,0.657504,-0.613650,0.696584
"white",7,-0.877444,0.009375,0.075116,-0.388917,-0.385466,1.220858,-1.273278,-0.485723,-0.359241,1.026610,-0.554027,0.166443
"white",5,-0.877444,0.116724,-1.011587,-0.700971,-0.385466,-0.903101,-0.960979,-0.847193,0.103820,-0.256473,-0.673272,0.318520
"white",5,-0.877444,0.116724,-0.604073,0.443227,-0.309145,1.109071,0.600517,-0.101661,0.434578,2.169081,-0.255915,0.419036
"white",5,-0.877444,0.116724,-0.060722,-0.222488,-0.385466,-0.008803,-0.398840,-0.835897,-0.028483,1.817552,-0.554027,0.172007
"white",4,-0.877444,0.116724,2.723956,-0.527607,-0.538109,-1.294357,-0.836059,-0.892377,0.236123,0.639927,-0.077047,0.222253
"white",6,-0.877444,0.197235,-0.875749,-0.538009,-0.538109,0.326559,-1.085898,-0.892377,-0.226938,1.342987,-0.732895,0.181937
"white",5,-0.877444,0.250909,0.482630,0.377349,-0.156502,0.717815,-0.711139,0.417952,-0.028483,0.833269,-0.017425,0.591074
"white",5,-0.877444,0.438770,-0.400317,0.373882,-0.385466,0.326559,0.475597,-0.214620,0.897639,1.536328,-0.494405,0.046576
"white",5,-0.877444,1.002351,-0.943668,0.075697,-0.080181,-0.176483,-2.022795,0.282401,-0.293090,0.903575,-0.077047,0.185518
"white",5,-0.877444,1.297560,-0.604073,0.831561,-0.003860,-0.455952,-1.335737,0.869790,0.302275,0.710233,-0.017425,0.487723
"white",6,-0.877444,1.619606,-0.807830,0.023688,-0.614430,1.500326,0.100838,0.056482,-0.689999,1.167222,0.221065,0.040250
"white",6,-0.877444,1.646443,-0.807830,0.027155,-0.614430,1.723901,0.100838,0.146850,-0.689999,1.009034,0.101820,0.182405
"white",5,-0.877444,2.129513,-0.196560,-0.402786,-0.461787,-0.847207,-0.273921,-0.598682,0.434578,-0.379508,0.221065,0.745246
"white",5,-0.877444,2.988303,0.550549,1.143615,0.530389,-0.623633,-1.023438,1.140892,0.566881,1.219951,0.698045,0.492721
"white",5,-0.877444,4.303325,3.335227,-0.319571,-0.538109,-0.903101,-0.898519,-0.869785,-0.028483,-0.713462,0.280688,0.495887
"white",6,-0.849379,-0.285834,0.550549,0.145042,-0.461787,2.115157,-0.461300,0.689055,-0.226938,0.973881,-0.017425,0.300179
"white",5,-0.849379,-0.178486,-0.807830,0.179715,-0.538109,0.773709,-0.273921,0.553503,-0.359241,1.132069,-0.673272,0.138493
"white",6,-0.793248,-0.849415,-0.671992,0.651263,-0.767072,0.326559,0.662977,0.734238,0.434578,1.782399,0.161443,0.230150
"white",5,-0.793248,-0.715229,0.890144,0.304537,0.759352,-0.847207,-0.523760,0.079074,-1.285363,0.059904,1.592383,0.647882
"white",6,-0.793248,-0.688392,0.075116,0.831561,0.454067,0.941390,-0.960979,1.208668,0.302275,1.395716,-0.136670,0.164088
"white",7,-0.793248,-0.607881,-0.060722,-0.042190,-0.156502,0.214772,0.850356,-0.056477,-0.359241,0.305974,-1.031007,0.373964
"white",6,-0.793248,-0.581043,-1.351182,-0.326506,-0.996036,1.668007,0.725436,-0.824601,-0.623848,2.327270,-0.613650,0.667702
"white",5,-0.793248,-0.554206,-0.060722,1.171354,-0.385466,0.773709,0.225758,2.406037,0.169971,1.132069,-0.434782,0.147872
"white",6,-0.793248,-0.527369,-0.128641,0.859300,0.072461,-0.679526,1.100195,1.321627,-0.226938,-0.045555,-0.792517,0.620517
"white",5,-0.793248,-0.527369,0.075116,0.148510,-0.996036,1.556220,0.225758,0.530912,-0.822302,1.589057,-0.315537,0.748525
"white",6,-0.793248,-0.500532,-0.128641,0.096501,-0.614430,-0.847207,-0.523760,0.101666,-0.293090,0.253245,-0.554027,0.222639
"white",6,-0.793248,-0.473695,-0.739911,1.275372,-0.767072,-0.120590,1.599874,2.372150,0.699184,0.780539,-0.554027,0.684739
"white",4,-0.793248,-0.473695,-0.536154,-0.000583,-0.767072,6.027713,1.912173,-0.756826,-0.028483,2.766682,-0.524216,0.447152
"white",6,-0.793248,-0.446857,0.143035,0.887038,0.530389,1.276752,-0.711139,1.434587,0.236123,1.536328,-0.554027,0.102155
"white",6,-0.793248,-0.420020,-0.264479,-0.596953,-0.538109,0.717815,-0.586220,-0.734234,-1.086909,1.290257,-0.017425,0.439565
"white",6,-0.793248,-0.366346,0.143035,0.581918,-0.003860,0.382453,-0.836059,1.547546,-0.226938,1.729669,-0.792517,0.013966
"white",6,-0.793248,-0.366346,0.278873,0.360013,-0.309145,1.668007,-0.398840,0.440544,-0.293090,1.624210,-0.375160,0.252671
"white",7,-0.793248,-0.339509,-0.196560,1.275372,0.377746,0.494240,-1.023438,2.315670,-0.425393,1.395716,-0.613650,0.492237
"white",6,-0.793248,-0.339509,0.007197,0.928645,-0.309145,1.332645,0.288218,1.841240,-0.226938,1.870281,1.055780,0.369514
"white",6,-0.793248,-0.312672,0.007197,0.637394,-0.538109,0.606028,-0.273921,1.095708,-0.094635,0.235668,-0.554027,0.320548
"white",6,-0.793248,-0.312672,0.550549,1.102008,-0.003860,2.003369,-0.898519,1.931608,0.368426,2.046046,-0.315537,0.019124
"white",6,-0.793248,-0.285834,-1.894534,-0.596953,-0.690751,-0.008803,0.100838,-0.892377,-1.153060,-0.274050,0.817290,0.493881
"white",6,-0.793248,-0.285834,-0.400317,1.015327,-0.767072,1.388539,-0.398840,1.818649,-0.822302,1.571481,-0.315537,0.078444
"white",6,-0.793248,-0.285834,0.075116,1.310044,-0.232824,0.941390,0.350678,1.683097,1.559155,0.675080,-0.613650,0.395609
"white",5,-0.793248,-0.285834,0.414711,0.727543,-0.385466,-0.232377,0.600517,0.553503,0.037668,1.061763,0.936535,0.487554
"white",5,-0.793248,-0.285834,0.686387,0.131173,1.522565,-0.903101,-0.898519,-0.847193,-0.359241,1.255104,-0.136670,0.304401
"white",6,-0.793248,-0.258997,-0.604073,-0.007517,-0.385466,0.326559,0.725436,0.259809,-0.689999,0.042327,-0.911762,0.262324
"white",6,-0.793248,-0.258997,-0.536154,0.200519,0.454067,-0.511845,-1.772956,0.598687,-1.483818,-0.291626,-1.150252,0.010947
"white",6,-0.793248,-0.258997,-0.128641,0.876636,-0.309145,2.171050,-0.398840,1.796057,-0.226938,0.798116,-0.434782,0.474630
"white",5,-0.793248,-0.258997,0.278873,0.131173,-0.461787,1.500326,-0.461300,0.666463,-0.491544,0.938728,-0.136670,0.064490
"white",6,-0.793248,-0.258997,0.686387,-0.284899,-1.072357,0.438347,0.163298,-0.146845,0.236123,2.292117,0.340310,0.117625
"white",5,-0.793248,-0.258997,1.365577,0.099968,-0.690751,1.835688,-0.273921,0.282401,-0.623848,1.255104,-0.017425,0.230524
"white",5,-0.793248,-0.258997,4.625687,1.778125,0.759352,1.388539,-1.648036,2.970834,-0.689999,1.589057,0.012386,0.600092
"white",5,-0.793248,-0.232160,-0.807830,-0.562280,-0.690751,0.997283,-0.336380,-0.689050,-0.160786,1.342987,0.101820,0.729818
"white",5,-0.793248,-0.232160,0.414711,0.138108,-0.538109,2.115157,-0.523760,0.734238,-0.226938,1.044187,-0.077047,0.203504
"white",6,-0.793248,-0.232160,0.958063,0.997990,0.911995,0.494240,-0.523760,0.824606,0.368426,1.448446,-0.434782,0.525564
"white",5,-0.793248,-0.205323,-0.196560,0.685936,0.072461,0.438347,1.287575,0.553503,-1.020757,0.762963,-0.554027,0.115210
"white",5,-0.793248,-0.178486,-0.400317,0.214388,-0.614430,1.276752,-0.523760,0.643871,-0.226938,1.149645,-0.136670,0.256810
"white",5,-0.793248,-0.178486,0.007197,0.963318,-0.232824,1.276752,-0.149001,1.841240,-0.226938,2.133928,1.175025,0.314712
"white",6,-0.793248,-0.178486,0.075116,-0.111535,-0.080181,0.158878,0.350678,-0.101661,-0.888454,0.288398,-1.180064,0.361883
"white",6,-0.793248,-0.178486,0.550549,1.171354,-0.232824,1.891582,-0.273921,2.021975,0.302275,1.975740,-0.434782,0.155693
"white",5,-0.793248,-0.178486,0.958063,-0.499869,-0.919715,1.444433,0.100838,-0.802009,-0.293090,1.307834,-0.136670,0.325190
"white",5,-0.793248,-0.151648,1.161820,-0.596953,-0.843394,-0.679526,0.475597,-0.802009,-0.491544,-0.484967,-0.732895,0.387043
"white",5,-0.793248,-0.124811,-0.671992,0.845430,-0.232824,0.326559,-0.898519,1.118300,-0.491544,0.288398,-0.375160,0.062550
"white",6,-0.793248,-0.124811,0.414711,0.443227,-0.080181,1.053177,0.787896,0.530912,-0.094635,1.184798,-1.031007,0.202515
"white",5,-0.793248,-0.124811,0.822225,0.339209,-0.309145,-0.120590,-0.523760,0.350176,-0.822302,0.727810,-0.017425,0.717152
"white",6,-0.793248,-0.097974,-0.128641,-0.180881,0.606710,0.997283,-0.273921,-0.689050,-0.293090,0.446586,-0.911762,0.465901
"white",6,-0.793248,-0.097974,0.007197,0.096501,0.530389,0.941390,0.413137,-0.779417,1.493003,0.622351,-1.031007,0.096763
"white",6,-0.793248,-0.097974,1.229739,0.339209,-0.690751,1.164964,-0.149001,0.734238,-0.160786,1.536328,0.101820,0.514439
"white",5,-0.793248,-0.071137,0.822225,0.235191,-0.385466,-0.064696,-1.148358,0.372768,-0.623848,0.798116,-0.196292,0.306797
"white",6,-0.793248,-0.044300,-0.468236,1.091606,-0.767072,-1.238463,-0.211461,2.247894,-0.028483,0.095057,-0.852140,0.270684
"white",6,-0.793248,-0.044300,0.143035,-0.007517,0.225104,1.109071,0.413137,-0.847193,1.757609,0.675080,-1.209875,0.453705
"white",5,-0.793248,-0.044300,0.822225,0.124239,-0.614430,1.220858,-0.773599,0.869790,-0.359241,0.868422,-0.077047,0.251304
"white",5,-0.793248,-0.044300,1.297658,0.172781,-0.614430,1.276752,-0.648679,0.621279,-0.557696,1.096916,0.042198,0.357451
"white",6,-0.793248,-0.017462,-0.128641,0.304537,-0.003860,-0.232377,1.350035,0.395360,-0.888454,-0.168591,-1.358931,0.393970
"white",6,-0.793248,-0.017462,0.007197,1.830134,-0.080181,1.053177,0.912816,2.677140,-1.020757,0.762963,-0.732895,0.117576
"white",5,-0.793248,0.009375,-0.264479,0.408555,-0.156502,-0.735420,1.724793,0.282401,-0.623848,-0.203744,-1.329120,0.649824
"white",6,-0.793248,0.009375,-0.128641,-0.527607,0.148782,0.158878,-0.648679,-0.824601,-0.226938,0.358704,-0.911762,0.369943
"white",6,-0.793248,0.009375,-0.128641,1.136681,-0.232824,1.109071,1.037735,1.027933,-1.020757,1.237528,-1.090630,0.738456
"white",5,-0.793248,0.009375,0.686387,0.339209,-0.385466,-0.288271,-0.398840,0.304993,-0.557696,0.587198,-0.196292,0.374738
"white",5,-0.793248,0.036212,0.686387,0.304537,-0.385466,-0.176483,-0.398840,0.304993,-0.623848,0.639927,-0.077047,0.499345
"white",6,-0.793248,0.116724,0.618468,0.269864,-0.385466,-0.455952,-0.398840,0.282401,-0.425393,0.604774,0.161443,0.208348
"white",5,-0.793248,0.143561,0.143035,0.720609,0.301425,0.550134,-0.086541,0.960157,-0.954605,0.200515,-1.269497,0.561460
"white",6,-0.793248,0.277747,0.686387,0.443227,0.148782,0.494240,0.475597,0.304993,-1.351515,1.712093,-0.911762,0.675070
"white",5,-0.793248,0.304584,1.025982,-0.042190,0.301425,-1.406144,-0.773599,-0.779417,-0.557696,-1.047415,-0.494405,0.485216
"white",6,-0.793248,0.385095,-0.128641,-0.735643,-1.301321,-0.176483,-0.523760,-0.576091,-0.160786,0.235668,-0.047236,0.318158
"white",4,-0.793248,0.733979,-0.875749,0.221322,-0.614430,-0.511845,1.662334,-0.689050,0.633033,1.342987,-0.434782,0.177219
"white",7,-0.793248,0.921839,0.143035,-0.250226,-0.614430,0.661921,0.163298,-0.802009,-0.293090,0.358704,-1.031007,0.140486
"white",6,-0.793248,0.975514,0.143035,-0.250226,-0.614430,0.717815,0.163298,-0.802009,-0.293090,0.376280,-1.031007,0.656769
"white",5,-0.793248,1.002351,-0.128641,0.859300,-0.309145,-0.400058,-0.836059,1.524954,-0.623848,-0.309203,0.638423,0.434832
"white",5,-0.793248,1.056025,0.278873,0.658198,-0.385466,-0.679526,-0.711139,1.457179,-0.293090,-0.397085,0.936535,0.648911
"white",5,-0.793248,1.082862,-0.739911,-0.215553,-0.614430,-0.511845,-0.960979,0.011298,-0.491544,-0.168591,-0.792517,0.035030
"white",6,-0.793248,1.109699,-0.536154,-0.139273,-0.309145,0.326559,-0.461300,-0.101661,-0.293090,0.218092,-0.434782,0.667474
"white",5,-0.765182,0.250909,-0.604073,-0.645494,-0.919715,-0.455952,0.475597,-0.892377,-0.425393,0.587198,0.399933,0.503039
"white",6,-0.709051,-0.849415,0.346792,-0.596953,-0.919715,0.717815,1.474954,-0.802009,-0.160786,0.042327,-1.090630,0.513960
"white",7,-0.709051,-0.688392,-0.536154,0.443227,-0.690751,0.102985,1.037735,0.768126,0.236123,1.009034,-0.375160,0.341887
"white",5,-0.709051,-0.661555,0.414711,-0.534542,-0.538109,-0.064696,0.413137,-0.847193,0.037668,-0.045555,-0.673272,0.170078
"white",5,-0.709051,-0.661555,0.618468,0.588853,-0.919715,1.109071,-0.523760,1.660505,0.434578,1.132069,0.459555,0.655930
"white",6,-0.709051,-0.634718,-0.332398,1.483408,2.133135,0.829602,-3.147072,2.044567,-0.689999,0.903575,-0.673272,0.241060
"white",6,-0.709051,-0.634718,0.075116,-0.180881,0.911995,-0.791314,-0.523760,-0.802009,-0.756151,-0.291626,-1.090630,0.636129
"white",5,-0.709051,-0.607881,-0.264479,0.113837,-0.767072,0.550134,-0.523760,0.553503,0.434578,1.448446,-0.017425,0.562579
"white",3,-0.709051,-0.607881,0.414711,1.795462,3.506917,-0.847207,-1.835416,1.366811,0.103820,0.147786,-0.673272,0.055976
"white",6,-0.709051,-0.581043,-0.400317,-0.718307,0.148782,-0.679526,-0.648679,-0.869785,-0.822302,-0.309203,-0.732895,0.357406
"white",5,-0.709051,-0.581043,0.278873,0.027155,-0.690751,0.047091,-0.461300,-0.033885,-0.293090,1.237528,-0.017425,0.143399
"white",5,-0.709051,-0.581043,0.550549,0.061828,1.064637,-0.735420,-0.523760,-0.192029,-0.028483,-0.098285,-0.673272,0.511671
"white",5,-0.709051,-0.554206,-1.283263,1.760789,0.606710,1.053177,-1.648036,2.744916,-0.491544,1.835128,-0.554027,0.078596
"white",6,-0.709051,-0.554206,0.618468,0.061828,0.988316,-0.344164,-0.273921,-0.169437,-0.028483,-0.274050,-0.792517,0.507902
"white",6,-0.709051,-0.527369,0.143035,0.581918,1.293601,0.158878,-0.773599,0.463136,-0.557696,0.622351,-0.792517,0.111467
"white",5,-0.709051,-0.527369,0.143035,1.067336,0.683031,0.158878,0.538057,0.734238,0.699184,1.782399,0.638423,0.720948
"white",5,-0.709051,-0.527369,0.210954,1.240699,1.522565,0.214772,-0.836059,1.276443,-1.417666,0.534469,-0.673272,0.623127
"white",6,-0.709051,-0.527369,1.161820,0.304537,-0.614430,0.382453,0.975276,0.304993,-0.028483,0.815692,-0.494405,0.240526
"white",6,-0.709051,-0.500532,0.007197,0.720609,0.225104,1.332645,-1.148358,0.937565,0.169971,1.342987,-0.673272,0.357938
"white",6,-0.709051,-0.473695,-0.604073,0.876636,-0.690751,0.941390,-0.523760,2.225302,-1.219212,0.481739,-0.554027,0.334315
"white",6,-0.709051,-0.473695,0.958063,-0.527607,-0.767072,0.438347,0.975276,-0.779417,-0.160786,0.147786,-1.150252,0.135297
"white",5,-0.709051,-0.446857,0.482630,1.185223,-0.385466,1.723901,0.538057,1.592730,0.302275,2.344846,0.459555,0.595292
"white",5,-0.709051,-0.446857,2.044766,1.968825,0.835674,0.606028,-1.523117,3.208049,0.897639,1.009034,0.459555,0.059092
"white",5,-0.709051,-0.393183,-1.554939,-0.243291,-1.072357,0.326559,-0.461300,0.282401,-0.359241,0.411433,-0.255915,0.409409
"white",6,-0.709051,-0.393183,-0.671992,0.304537,0.148782,-0.232377,-2.272635,1.276443,-1.153060,-0.590426,-0.613650,0.483445
"white",6,-0.709051,-0.393183,0.958063,0.859300,-0.843394,1.723901,-0.336380,1.570138,0.368426,1.676940,0.161443,0.684921
"white",5,-0.709051,-0.393183,1.093901,1.206026,2.362098,-0.120590,-0.211461,-0.643866,0.368426,0.868422,-0.554027,0.212898
"white",6,-0.709051,-0.366346,0.210954,0.623525,-0.614430,0.550134,-0.398840,1.163484,-0.226938,-0.151014,-0.911762,0.515361
"white",5,-0.709051,-0.339509,-1.690777,-0.042190,-1.530285,0.158878,0.662977,0.440544,0.302275,0.569622,1.532760,0.529192
"white",6,-0.709051,-0.339509,-1.690777,-0.007517,-1.453963,0.214772,0.725436,0.463136,0.236123,0.534469,1.443327,0.270513
"white",6,-0.709051,-0.339509,0.143035,0.255995,-0.461787,1.835688,-0.024081,0.598687,-0.359241,1.712093,-0.136670,0.389389
"white",6,-0.709051,-0.312672,-1.690777,-0.042190,-1.377642,0.326559,0.725436,0.440544,0.236123,0.569622,1.473138,0.174983
"white",6,-0.709051,-0.312672,-0.128641,0.720609,0.148782,0.773709,-0.711139,1.208668,0.236123,1.044187,-0.971385,0.659321
"white",6,-0.709051,-0.285834,-0.196560,1.310044,0.606710,-0.232377,0.163298,1.841240,-1.086909,-0.027979,-0.315537,0.678241
"white",5,-0.709051,-0.285834,0.210954,0.339209,-0.003860,0.829602,-0.523760,0.485728,-0.028483,1.114492,-0.196292,0.441068
"white",6,-0.709051,-0.258997,0.007197,0.165846,-0.385466,-0.064696,1.037735,0.079074,-0.491544,0.446586,-0.792517,0.047741
"white",6,-0.709051,-0.258997,0.143035,-0.388917,-0.309145,1.891582,0.475597,-0.530907,0.302275,1.817552,-0.613650,0.469270
"white",6,-0.709051,-0.258997,0.143035,-0.042190,-0.232824,-0.344164,-0.149001,-0.237212,-0.094635,0.235668,-0.673272,0.319787
"white",5,-0.709051,-0.232160,-0.468236,1.032663,-0.385466,2.729987,-0.648679,2.089751,-1.086909,0.604774,-0.971385,0.500459
"white",6,-0.709051,-0.232160,0.007197,-0.250226,-0.614430,0.606028,1.724793,-0.598682,-0.226938,1.501175,-1.031007,0.380848
"white",6,-0.709051,-0.232160,0.210954,0.061828,-0.614430,0.047091,1.287575,-0.033885,1.691458,-0.203744,-1.448365,0.331639
"white",5,-0.709051,-0.205323,0.210954,0.221322,-0.538109,-1.126676,0.787896,-0.779417,-0.160786,0.868422,0.280688,0.064437
"white",6,-0.709051,-0.205323,0.550549,0.720609,0.759352,-1.014888,-1.023438,0.553503,2.022216,-0.678309,-0.673272,0.664422
"white",5,-0.709051,-0.178486,-0.739911,-0.118470,0.606710,-0.344164,-1.023438,-0.237212,-1.020757,0.323551,2.367476,0.298598
"white",6,-0.709051,-0.178486,-0.128641,-0.111535,-0.309145,0.550134,1.100195,0.056482,-0.954605,0.218092,-1.150252,0.028546
"white",4,-0.709051,-0.178486,-0.128641,0.200519,1.369922,-1.294357,-0.711139,-0.802009,-0.557696,1.061763,0.519178,0.175623
"white",6,-0.709051,-0.178486,-0.060722,0.928645,-0.309145,2.171050,-0.024081,1.863832,-0.359241,1.536328,-0.554027,0.005991
"white",5,-0.709051,-0.178486,0.958063,0.249061,0.759352,-0.903101,0.350678,-0.293692,0.302275,-0.221320,-0.554027,0.433940
"white",5,-0.709051,-0.151648,-0.875749,0.512573,-0.080181,1.276752,-0.398840,0.711647,-0.094635,1.272681,-0.494405,0.179768
"white",6,-0.709051,-0.151648,-0.196560,-0.042190,-0.385466,0.047091,1.350035,0.056482,-1.086909,0.130210,-1.269497,0.623280
"white",5,-0.709051,-0.097974,-0.400317,1.212961,-0.385466,0.773709,1.225115,1.705689,-0.756151,1.184798,-0.613650,0.023381
"white",4,-0.709051,-0.071137,-0.604073,1.330848,0.301425,-0.567739,-0.398840,1.728281,-0.226938,0.429010,-0.196292,0.544867
"white",5,-0.709051,-0.071137,-0.604073,1.545818,0.225104,-0.120590,-0.273921,2.202710,-0.293090,1.044187,0.399933,0.364444
"white",6,-0.709051,-0.044300,1.161820,0.997990,0.148782,1.053177,1.849713,0.711647,0.302275,1.290257,-0.255915,0.316321
"white",5,-0.709051,-0.017462,0.143035,0.027155,1.293601,-0.903101,-0.586220,-0.824601,-0.425393,0.991457,-0.077047,0.225285
"white",6,-0.709051,0.036212,-0.400317,-0.628158,-1.072357,-0.567739,0.288218,-0.892377,-0.689999,0.446586,0.221065,0.039928
"white",6,-0.709051,0.036212,-0.196560,1.136681,-0.156502,0.829602,-0.461300,2.564181,-1.086909,-0.080708,-1.150252,0.100959
"white",6,-0.709051,0.036212,0.618468,0.720609,0.530389,0.047091,0.288218,-0.033885,-0.160786,0.675080,-0.375160,0.556870
"white",5,-0.709051,0.036212,2.520199,-0.492935,-0.309145,-1.014888,-1.023438,-0.847193,-0.425393,0.991457,-0.017425,0.580551
"white",5,-0.709051,0.063049,-0.060722,0.235191,0.148782,0.047091,0.413137,0.406656,-1.285363,0.288398,-1.090630,0.415217
"white",6,-0.709051,0.063049,0.686387,-0.631625,-0.538109,0.158878,-0.648679,-0.892377,-1.020757,-0.238897,-0.792517,0.388868
"white",7,-0.709051,0.197235,-0.196560,0.987588,-0.080181,1.444433,-0.398840,2.360854,-0.822302,0.007174,-1.269497,0.413147
"white",5,-0.709051,0.197235,0.482630,0.443227,0.072461,-0.120590,0.413137,0.372768,-1.549970,1.290257,-0.434782,0.008676
"white",5,-0.709051,0.277747,0.414711,0.151977,-0.003860,-0.567739,-0.336380,0.237217,1.691458,-0.432238,-0.673272,0.461291
"white",4,-0.709051,0.304584,-1.487020,0.162379,-0.003860,-0.288271,-0.149001,-0.824601,-0.359241,0.692657,1.622194,0.142282
"white",5,-0.709051,0.895002,-0.739911,-0.683634,-0.843394,0.773709,-0.960979,-0.711642,-0.822302,0.270821,-1.031007,0.033366
"white",5,-0.709051,1.887978,1.229739,-0.832727,-1.072357,1.835688,-0.773599,-0.914969,-0.557696,1.114492,0.101820,0.452100
"white",5,-0.680986,0.250909,0.958063,-0.312637,-1.530285,0.606028,-0.211461,0.259809,-0.756151,1.272681,-0.732895,0.437650
"white",6,-0.624855,-0.661555,0.143035,0.183182,0.072461,-0.344164,-0.024081,0.350176,-0.491544,-0.045555,-0.136670,0.492549
"white",6,-0.624855,-0.661555,0.550549,0.616591,-0.003860,0.214772,-0.773599,1.479770,-0.160786,1.747246,0.161443,0.081895
"white",4,-0.624855,-0.607881,0.210954,-0.038723,-0.614430,-1.182569,-0.336380,0.124258,-0.226938,0.587198,0.042198,0.399350
"white",6,-0.624855,-0.607881,1.161820,-0.874334,-0.919715,-0.232377,-0.086541,-0.914969,-0.756151,-0.151014,-1.031007,0.718360
"white",6,-0.624855,-0.581043,-0.196560,1.067336,-0.309145,0.438347,0.787896,1.615322,-0.094635,2.133928,-0.673272,0.222482
"white",7,-0.624855,-0.581043,-0.060722,0.415489,-0.385466,0.661921,-0.898519,1.253852,-0.293090,0.499316,-0.971385,0.198626
"white",5,-0.624855,-0.554206,-1.079506,-0.111535,-0.919715,0.326559,-0.336380,0.282401,0.566881,1.342987,0.101820,0.610646
"white",6,-0.624855,-0.554206,-0.060722,-0.603887,-1.453963,-0.455952,1.162655,-0.327580,-0.226938,-0.414661,-0.852140,0.248782
"white",5,-0.624855,-0.500532,0.143035,0.304537,-0.538109,-0.008803,-0.711139,1.095708,-0.623848,0.323551,-0.375160,0.744147
"white",5,-0.624855,-0.473695,-0.400317,-0.111535,0.530389,-1.238463,-1.085898,-0.666458,1.360700,0.499316,-0.911762,0.526534
"white",7,-0.624855,-0.473695,-0.060722,1.188690,-0.461787,0.885496,1.162655,1.434587,-0.623848,0.885998,-0.792517,0.167848
"white",5,-0.624855,-0.473695,0.550549,0.210921,-0.614430,0.494240,-0.523760,0.304993,-0.094635,1.342987,-0.196292,0.079149
"white",5,-0.624855,-0.446857,-0.807830,-0.035255,-1.072357,0.661921,-0.461300,0.508320,-0.359241,0.534469,-0.434782,0.385239
"white",6,-0.624855,-0.446857,-0.536154,0.588853,-0.461787,1.332645,-0.523760,1.547546,0.037668,0.780539,0.519178,0.667602
"white",6,-0.624855,-0.446857,-0.264479,0.366948,0.683031,2.226944,-0.523760,0.553503,0.103820,2.028469,-0.017425,0.130337
"white",5,-0.624855,-0.420020,-1.283263,-0.874334,-0.385466,2.841774,-0.523760,-0.869785,-0.756151,1.044187,-0.554027,0.478854
"white",7,-0.624855,-0.420020,-0.671992,0.408555,-0.767072,-0.232377,1.350035,0.508320,0.699184,0.745386,-0.375160,0.321191
"white",6,-0.624855,-0.420020,-0.332398,-0.631625,0.148782,-0.176483,-0.211461,-0.869785,-1.351515,-0.274050,-0.792517,0.711808
"white",5,-0.624855,-0.420020,0.075116,0.717142,-0.309145,1.668007,-0.773599,1.750873,0.169971,0.938728,-0.255915,0.214628
"white",6,-0.624855,-0.420020,0.346792,-0.069928,-0.614430,0.494240,-0.773599,-0.045181,-0.226938,1.782399,0.161443,0.638333
"white",7,-0.624855,-0.420020,1.161820,-0.007517,1.522565,0.494240,-1.148358,-0.802009,-0.293090,0.270821,-0.971385,0.049248
"white",6,-0.624855,-0.393183,-0.400317,0.554180,-0.538109,-0.511845,1.287575,0.711647,0.699184,0.323551,-0.434782,0.690736
"white",5,-0.624855,-0.393183,0.007197,-0.354244,-0.843394,-0.400058,0.288218,-0.576091,0.434578,1.817552,-0.375160,0.463545
"white",6,-0.624855,-0.393183,0.346792,0.443227,-0.156502,0.326559,0.225758,0.485728,0.169971,0.921151,-0.792517,0.651941
"white",5,-0.624855,-0.393183,1.161820,0.096501,1.598886,0.214772,-0.711139,-0.847193,-0.491544,0.569622,-0.196292,0.563630
"white",4,-0.624855,-0.366346,-2.030372,-0.784185,-0.538109,0.102985,-0.523760,-0.937561,-0.425393,-0.274050,0.817290,0.237983
"white",5,-0.624855,-0.366346,-1.487020,-0.243291,-1.225000,0.214772,-0.523760,0.304993,-0.359241,0.481739,-0.255915,0.061451
"white",6,-0.624855,-0.339509,0.618468,0.304537,-0.385466,1.109071,-0.523760,0.914973,0.302275,0.903575,-0.852140,0.744310
"white",6,-0.624855,-0.312672,-0.468236,0.828094,-0.461787,0.829602,0.662977,1.479770,-0.689999,1.114492,-0.494405,0.456891
"white",7,-0.624855,-0.312672,-0.060722,-0.111535,-0.309145,-0.064696,1.162655,0.033890,-0.491544,0.095057,-1.329120,0.064807
"white",6,-0.624855,-0.285834,-0.943668,0.616591,0.454067,0.158878,-0.149001,0.372768,0.169971,0.798116,-0.613650,0.424380
"white",5,-0.624855,-0.285834,-0.536154,-0.596953,-0.538109,-0.847207,-0.211461,-0.779417,-0.954605,-0.959532,-0.613650,0.101565
"white",5,-0.624855,-0.285834,-0.060722,-0.062994,0.454067,-0.120590,0.038378,-0.666458,0.699184,1.641787,-0.375160,0.649931
"white",6,-0.624855,-0.285834,0.618468,0.304537,-0.461787,1.164964,-0.523760,0.869790,0.236123,0.956304,-0.911762,0.010598
"white",5,-0.624855,-0.258997,-0.604073,-0.319571,-0.690751,-0.958995,0.350678,-0.485723,-0.689999,-0.256473,-0.434782,0.501874
"white",7,-0.624855,-0.258997,0.550549,-0.458262,-0.080181,1.332645,0.475597,-0.869785,2.882186,0.341127,-1.269497,0.091000
"white",5,-0.624855,-0.232160,-1.487020,-0.631625,-0.614430,-0.623633,-0.086541,-0.892377,-1.020757,-0.537697,-0.017425,0.357401
"white",5,-0.624855,-0.232160,-1.079506,-0.083797,-0.003860,-0.903101,-0.836059,0.192033,-0.293090,0.182939,0.757668,0.021734
"white",5,-0.624855,-0.232160,-0.671992,-0.513738,-0.690751,1.276752,0.100838,-0.508315,-0.557696,1.026610,0.280688,0.513031
"white",6,-0.624855,-0.232160,-0.536154,1.275372,-0.614430,-0.344164,1.350035,2.021975,-0.028483,-0.027979,0.399933,0.446154
"white",6,-0.624855,-0.232160,-0.536154,1.275372,-0.538109,-0.344164,1.350035,2.021975,-0.028483,-0.027979,0.399933,0.706023
"white",5,-0.624855,-0.232160,1.229739,-0.596953,-0.919715,1.612114,-0.898519,-0.643866,0.500729,0.675080,-0.494405,0.483455
"white",6,-0.624855,-0.205323,-1.011587,-0.527607,-0.309145,-0.232377,-1.398197,0.011298,-1.020757,-0.572850,-1.031007,0.504536
"white",6,-0.624855,-0.205323,0.075116,-0.042190,1.369922,-1.126676,-0.523760,-0.350172,-1.153060,-1.311062,-0.852140,0.313075
"white",6,-0.624855,-0.205323,0.414711,0.443227,-0.232824,0.773709,0.475597,0.689055,0.037668,1.079339,-0.971385,0.210571
"white",6,-0.624855,-0.178486,-0.468236,1.344717,0.301425,0.829602,0.725436,1.999384,-0.226938,1.483599,-0.434782,0.701685
"white",6,-0.624855,-0.178486,-0.332398,0.484835,-1.148679,1.556220,-0.773599,1.299035,-0.226938,0.024751,-0.554027,0.350704
"white",7,-0.624855,-0.178486,0.278873,-0.319571,0.606710,-0.791314,-0.461300,-0.734234,-0.557696,-0.537697,-0.911762,0.461669
"white",6,-0.624855,-0.178486,1.161820,-0.492935,-0.767072,-0.567739,0.600517,-0.824601,-0.623848,-0.713462,-0.434782,0.674110
"white",5,-0.624855,-0.151648,0.143035,2.038170,-0.538109,1.444433,1.662334,2.541589,-0.756151,1.448446,-0.494405,0.159036
"white",7,-0.624855,-0.151648,0.550549,-0.458262,-0.080181,1.388539,0.475597,-0.869785,2.816035,0.376280,-1.209875,0.247490
"white",5,-0.624855,-0.124811,-0.060722,0.131173,-1.072357,1.388539,-0.211461,0.553503,-0.491544,2.028469,-0.196292,0.281532
"white",6,-0.624855,-0.124811,1.161820,-0.735643,-0.690751,0.214772,-1.460657,-0.802009,0.500729,0.341127,-0.494405,0.018142
"white",6,-0.624855,-0.097974,-0.400317,0.776085,-0.385466,0.773709,-0.149001,2.202710,-1.219212,-0.344355,-1.388742,0.267343
"white",5,-0.624855,-0.097974,-0.400317,0.855832,0.148782,1.388539,-0.711139,1.524954,0.434578,1.026610,-0.434782,0.305473
"white",6,-0.624855,-0.097974,-0.264479,1.240699,0.606710,2.953561,-0.523760,2.021975,-0.557696,1.448446,-0.732895,0.351104
"white",5,-0.624855,-0.071137,0.550549,-0.024854,0.301425,-0.064696,-0.211461,-0.643866,-0.028483,1.061763,-0.255915,0.655765
"white",6,-0.624855,-0.071137,2.859794,2.038170,-0.385466,0.773709,1.787253,3.241937,-0.557696,0.956304,-0.554027,0.685021
"white",6,-0.624855,-0.017462,0.075116,1.206026,-0.232824,0.773709,1.225115,1.750873,-0.756151,0.956304,-0.673272,0.173924
"white",5,-0.624855,0.063049,-0.196560,-0.430524,0.301425,0.382453,-0.836059,-0.576091,-1.086909,0.007174,-0.434782,0.606510
"white",6,-0.624855,0.063049,-0.060722,1.344717,-0.461787,1.220858,1.787253,1.660505,-0.425393,1.167222,-0.554027,0.671632
"white",5,-0.624855,0.250909,-0.468236,-0.215553,-0.767072,1.779795,0.163298,-0.146845,-0.094635,1.624210,0.698045,0.629696
"white",5,-0.624855,0.277747,0.210954,0.165846,-0.232824,0.102985,0.850356,-0.011294,-0.359241,0.622351,-0.911762,0.449432
"white",5,-0.624855,0.304584,-0.604073,-0.243291,0.377746,-0.120590,-0.711139,-0.689050,0.566881,0.411433,-0.255915,0.061423
"white",5,-0.624855,0.331421,-0.604073,-0.243291,0.377746,-0.064696,-0.711139,-0.689050,0.566881,0.341127,-0.196292,0.622284
"white",6,-0.624855,0.331421,-0.400317,0.304537,-0.156502,-0.120590,-0.586220,0.530912,-0.491544,0.798116,-0.196292,0.169065
"white",5,-0.624855,0.385095,-1.554939,0.151977,0.148782,-0.623633,-0.024081,-0.802009,-0.028483,0.042327,1.294270,0.107970
"white",5,-0.624855,0.438770,-0.400317,-0.250226,0.301425,0.550134,-0.773599,-0.756826,-0.491544,0.745386,-0.196292,0.703724
"white",3,-0.624855,0.465607,-0.739911,1.206026,0.988316,0.606028,-1.273278,2.518997,-0.226938,1.448446,-0.494405,0.442556
"white",5,-0.624855,0.814490,0.346792,-0.049124,0.301425,-0.176483,-0.836059,-0.779417,-0.226938,1.096916,-0.255915,0.431010
"white",5,-0.624855,0.948676,0.210954,-0.049124,0.301425,-0.344164,-0.211461,-0.779417,-0.623848,0.411433,-0.136670,0.170712
"white",6,-0.624855,0.948676,1.025982,-0.596953,-0.614430,0.550134,-0.086541,-0.779417,-1.153060,0.762963,-1.269497,0.319782
"white",6,-0.624855,2.558908,2.656037,-0.631625,-0.919715,-1.182569,-0.648679,-0.802009,-0.491544,-1.047415,-0.911762,0.528040
"white",5,-0.624855,5.752533,-0.807830,-0.333440,-0.080181,-0.344164,-0.711139,-0.779417,0.633033,0.446586,0.101820,0.391296
"white",5,-0.540658,-0.795741,0.075116,-0.284899,-0.003860,-0.791314,0.912816,-0.892377,-0.888454,-0.906803,-1.150252,0.438097
"white",5,-0.540658,-0.768904,-2.166210,-0.284899,-1.835570,0.214772,0.787896,0.327585,0.500729,0.850845,-0.077047,0.163880
"white",6,-0.540658,-0.768904,-2.166210,-0.215553,-1.835570,0.158878,0.850356,0.327585,0.500729,0.850845,-0.017425,0.291787
"white",5,-0.540658,-0.768904,1.161820,-0.666298,1.293601,-1.350250,-1.960336,-0.914969,-1.417666,-1.592286,-1.269497,0.390424
"white",6,-0.540658,-0.607881,-1.894534,0.651263,-1.148679,-0.455952,0.350678,1.705689,0.633033,0.007174,0.250877,0.722626
"white",6,-0.540658,-0.607881,-0.400317,-0.444393,-1.148679,-0.511845,-0.836059,0.101666,0.236123,-0.274050,-1.329120,0.738648
"white",6,-0.540658,-0.607881,1.161820,-0.007517,-0.385466,0.326559,-0.648679,-0.056477,-0.557696,0.762963,-0.255915,0.451837
"white",6,-0.540658,-0.554206,-1.894534,-0.777251,-0.843394,-0.400058,0.100838,-0.847193,0.500729,0.112633,0.399933,0.005102
"white",5,-0.540658,-0.554206,0.210954,-0.250226,-0.003860,-0.847207,1.474954,-0.869785,-0.954605,-0.731038,-1.209875,0.130490
"white",6,-0.540658,-0.554206,0.414711,-0.735643,-0.080181,-1.126676,-0.523760,-0.869785,-0.623848,0.165362,-0.196292,0.062994
"white",6,-0.540658,-0.527369,-1.079506,-0.042190,-0.843394,0.326559,-0.336380,0.304993,0.566881,1.466022,0.101820,0.085083
"white",5,-0.540658,-0.527369,-0.196560,-0.284899,-0.538109,-1.238463,-0.211461,-0.632570,0.566881,1.676940,-0.255915,0.248623
"white",6,-0.540658,-0.527369,-0.128641,-0.458262,-0.080181,0.829602,-0.586220,-0.824601,-1.351515,0.499316,-0.792517,0.105817
"white",6,-0.540658,-0.500532,-0.671992,-0.388917,-0.614430,0.438347,1.162655,-0.802009,0.103820,0.745386,-0.613650,0.301575
"white",6,-0.540658,-0.500532,-0.128641,-0.284899,-0.614430,-1.238463,-0.149001,-0.632570,0.566881,1.676940,-0.255915,0.322691
"white",6,-0.540658,-0.500532,0.278873,-0.666298,0.148782,0.773709,0.850356,-0.869785,-1.285363,-0.063132,-0.852140,0.273648
"white",6,-0.540658,-0.473695,-0.400317,0.512573,0.454067,0.661921,-0.273921,0.869790,-0.491544,1.184798,-0.911762,0.205155
"white",5,-0.540658,-0.473695,-0.128641,-0.056059,-0.156502,0.382453,-0.149001,0.372768,-0.954605,0.182939,-0.613650,0.217485
"white",6,-0.540658,-0.446857,-0.739911,0.373882,-0.614430,0.270666,1.037735,0.463136,0.302275,0.833269,-0.494405,0.524196
"white",6,-0.540658,-0.446857,0.618468,0.304537,-0.385466,1.053177,-0.648679,0.982749,0.500729,0.903575,-0.613650,0.634979
"white",6,-0.540658,-0.420020,-1.622858,0.859300,-1.530285,0.382453,1.474954,1.909016,-0.954605,0.481739,0.131632,0.706522
"white",6,-0.540658,-0.420020,-0.400317,-0.666298,-0.080181,-0.567739,-1.148358,-0.847193,1.360700,-0.766191,-0.971385,0.330784
"white",5,-0.540658,-0.420020,1.093901,0.443227,0.759352,-1.070782,-0.336380,-0.824601,0.236123,-0.274050,-0.792517,0.102138
"white",5,-0.540658,-0.420020,2.859794,0.027155,-0.461787,0.326559,-0.086541,-0.101661,-0.557696,0.780539,-0.255915,0.227988
"white",6,-0.540658,-0.393183,-1.147425,-0.312637,-1.072357,-0.176483,-1.023438,0.237217,0.434578,0.147786,-1.209875,0.463052
"white",6,-0.540658,-0.366346,-0.196560,-1.179454,-1.225000,-0.567739,0.350678,-0.960152,-0.359241,-0.836497,-1.001196,0.342011
"white",6,-0.540658,-0.366346,0.346792,0.623525,-0.385466,1.891582,-0.898519,1.411995,-0.028483,1.026610,-0.613650,0.677505
"white",5,-0.540658,-0.339509,-0.671992,-0.576149,0.072461,0.717815,-0.523760,-0.824601,-0.491544,1.079339,-0.017425,0.402834
"white",5,-0.540658,-0.339509,-0.400317,0.550713,-0.690751,-0.344164,-0.711139,1.637914,0.302275,1.589057,-0.136670,0.107334
"white",6,-0.540658,-0.339509,-0.332398,0.006352,-0.309145,0.829602,-0.149001,0.802014,-1.086909,-0.186167,-1.388742,0.066153
"white",5,-0.540658,-0.312672,-0.128641,0.269864,-0.309145,-0.120590,-0.648679,0.847198,0.368426,0.288398,0.399933,0.367368
"white",6,-0.540658,-0.312672,0.210954,-0.874334,-1.301321,-0.903101,0.725436,-0.892377,0.963790,0.921151,0.042198,0.707454
"white",6,-0.540658,-0.312672,1.229739,-0.128872,-0.843394,-0.008803,-0.024081,0.350176,-0.293090,0.130210,-0.732895,0.459156
"white",6,-0.540658,-0.285834,-2.166210,-0.180881,-1.682927,0.717815,0.475597,0.304993,0.633033,0.903575,-0.196292,0.005088
"white",6,-0.540658,-0.285834,-1.147425,-0.153142,-0.614430,-0.232377,-1.460657,0.350176,0.302275,-0.027979,-0.852140,0.052065
"white",6,-0.540658,-0.285834,-0.468236,0.533376,-0.614430,2.003369,-0.336380,1.276443,0.103820,1.132069,-0.494405,0.368294
"white",6,-0.540658,-0.258997,-0.671992,-0.388917,-1.606606,0.661921,-0.273921,0.146850,0.103820,0.552045,-1.060819,0.224589
"white",6,-0.540658,-0.258997,-0.332398,0.498704,-0.614430,-0.232377,0.725436,1.095708,-0.226938,-0.238897,-1.031007,0.365948
"white",6,-0.540658,-0.205323,-0.739911,-0.596953,-0.461787,0.494240,-0.273921,-0.802009,-0.822302,1.219951,0.101820,0.322671
"white",6,-0.540658,-0.205323,-0.400317,0.547245,-0.690751,1.835688,-0.523760,1.570138,0.103820,0.973881,-0.136670,0.392895
"white",5,-0.540658,-0.205323,-0.332398,0.928645,-0.538109,2.506412,-0.211461,2.293078,-0.954605,1.799975,-0.554027,0.518660
"white",6,-0.540658,-0.205323,-0.128641,0.699805,-0.309145,0.102985,-0.149001,1.773465,-1.219212,-0.467391,-1.329120,0.246753
"white",7,-0.540658,-0.205323,0.686387,0.269864,-0.385466,0.047091,-0.648679,0.914973,1.360700,0.622351,-0.792517,0.158647
"white",4,-0.540658,-0.205323,3.810660,0.789954,2.285777,-0.567739,-1.460657,0.259809,-0.160786,0.165362,0.578800,0.304907
"white",5,-0.540658,-0.178486,-0.536154,-0.576149,0.072461,-1.126676,-0.711139,-0.756826,-0.689999,-0.045555,-0.494405,0.676475
"white",6,-0.540658,-0.178486,-0.468236,-0.201684,-0.614430,-0.958995,-0.398840,0.621279,-0.888454,-0.818920,-1.150252,0.419081
"white",5,-0.540658,-0.178486,-0.196560,-0.180881,0.225104,0.158878,-0.523760,-0.056477,-0.756151,-0.484967,-0.732895,0.037307
"white",6,-0.540658,-0.151648,-0.264479,0.581918,-0.538109,3.121242,-0.398840,1.660505,-0.160786,1.729669,0.042198,0.533709
"white",4,-0.540658,-0.097974,-0.196560,-0.312637,-0.232824,-0.344164,0.413137,-0.847193,0.037668,1.307834,-0.255915,0.441950
"white",4,-0.540658,-0.097974,-0.128641,-0.316104,-0.232824,-0.344164,0.413137,-0.847193,0.037668,1.255104,-0.255915,0.212161
"white",6,-0.540658,-0.097974,0.143035,1.310044,-0.538109,1.388539,1.849713,1.570138,-0.623848,1.096916,-0.732895,0.506670
"white",6,-0.540658,-0.071137,-0.060722,0.859300,-0.003860,1.053177,1.100195,1.118300,-0.756151,0.885998,-0.852140,0.282515
"white",6,-0.540658,-0.044300,0.958063,0.789954,0.301425,1.556220,-0.523760,1.163484,-0.689999,0.358704,-0.971385,0.339066
"white",6,-0.540658,-0.017462,-0.196560,0.207453,-0.232824,-0.008803,-0.211461,1.095708,-1.351515,-0.414661,-1.209875,0.314313
"white",6,-0.540658,0.009375,-0.536154,0.131173,0.072461,0.606028,-0.149001,0.395360,-0.822302,0.850845,0.399933,0.280818
"white",6,-0.540658,0.036212,-0.536154,0.165846,0.072461,0.606028,-0.149001,0.372768,-0.822302,0.903575,0.340310,0.729113
"white",7,-0.540658,0.036212,-0.400317,-0.319571,0.148782,1.276752,-0.273921,-0.779417,-0.226938,0.622351,-0.613650,0.576413
"white",5,-0.540658,0.036212,0.414711,-0.180881,0.454067,-0.903101,-0.086541,-0.666458,0.103820,0.921151,-0.613650,0.469674
"white",5,-0.540658,0.063049,0.075116,-0.042190,0.301425,-0.623633,-0.024081,-0.689050,0.169971,1.061763,-0.434782,0.684866
"white",4,-0.540658,0.089886,-0.875749,0.470966,-0.461787,-0.847207,-0.586220,1.231260,-1.020757,-0.572850,0.042198,0.161530
"white",6,-0.540658,0.089886,-0.400317,1.150550,-0.385466,1.109071,1.037735,1.909016,-0.491544,0.727810,-0.554027,0.417450
"white",6,-0.540658,0.143561,0.754306,0.720609,0.377746,-0.567739,0.975276,-0.124253,-0.226938,0.007174,-0.554027,0.175675
"white",4,-0.540658,2.290536,-0.468236,-0.631625,-0.538109,-1.238463,-1.398197,-0.576091,-0.623848,-0.063132,-0.315537,0.581523
"white",6,-0.540658,3.095651,2.859794,-0.458262,-0.690751,-0.344164,0.288218,-0.824601,-0.954605,-0.115861,-0.613650,0.392495
"white",6,-0.456462,-1.064113,0.007197,-0.361178,-0.385466,0.102985,-0.648679,-0.304988,-0.623848,-0.274050,-1.269497,0.000615
"white",6,-0.456462,-0.634718,-1.147425,0.145042,-1.072357,-0.232377,0.163298,1.299035,-0.293090,0.095057,0.012386,0.095684
"white",6,-0.456462,-0.607881,0.007197,0.207453,-0.385466,-0.735420,0.413137,0.643871,-1.483818,-0.590426,-1.150252,0.087539
"white",6,-0.456462,-0.607881,0.482630,0.568049,-0.080181,-0.288271,-1.085898,1.366811,-0.094635,1.571481,0.280688,0.408706
"white",5,-0.456462,-0.607881,1.093901,0.443227,1.980492,-1.406144,-2.210175,1.084413,-1.616121,-0.080708,0.459555,0.268792
"white",6,-0.456462,-0.554206,-0.400317,1.414062,-0.003860,1.053177,1.162655,1.728281,-0.226938,1.747246,-0.494405,0.509482
"white",5,-0.456462,-0.554206,0.143035,-0.284899,-0.538109,0.214772,-0.523760,-0.372764,1.493003,1.501175,0.221065,0.211893
"white",5,-0.456462,-0.554206,0.550549,-0.458262,0.301425,-0.344164,-0.523760,-0.847193,1.493003,-0.045555,-1.150252,0.616731
"white",6,-0.456462,-0.554206,1.161820,0.720609,0.377746,-1.070782,0.662977,0.598687,1.493003,-0.080708,0.280688,0.533409
"white",5,-0.456462,-0.527369,-1.215344,0.512573,-0.843394,-0.679526,0.975276,1.208668,-0.557696,0.077480,0.399933,0.393497
"white",7,-0.456462,-0.527369,0.007197,-0.527607,-0.080181,-0.120590,-0.149001,-0.643866,0.236123,0.464163,-0.792517,0.662403
"white",6,-0.456462,-0.527369,0.550549,-0.666298,0.683031,2.394625,-1.023438,-0.937561,-1.285363,1.149645,-0.911762,0.169110
"white",5,-0.456462,-0.500532,-1.622858,-0.804989,-0.385466,1.556220,-0.273921,-0.847193,-0.491544,0.569622,-0.196292,0.066069
"white",6,-0.456462,-0.500532,0.482630,-0.180881,0.301425,-0.511845,-0.398840,-0.869785,0.897639,0.007174,-0.375160,0.211896
"white",7,-0.456462,-0.500532,0.482630,0.945981,-0.385466,1.668007,-0.336380,1.163484,0.037668,0.604774,-0.732895,0.533248
"white",5,-0.456462,-0.473695,-0.604073,-0.725242,-1.301321,-1.126676,0.350678,-0.485723,-0.226938,-0.115861,-1.031007,0.371445
"white",6,-0.456462,-0.473695,-0.604073,-0.042190,-0.614430,0.382453,-0.211461,0.282401,0.765336,0.499316,-0.017425,0.609837
"white",4,-0.456462,-0.473695,-0.536154,0.096501,-0.080181,1.668007,-0.211461,0.079074,1.625306,1.430869,-0.673272,0.356867
"white",5,-0.456462,-0.473695,0.210954,-0.354244,0.988316,-0.344164,-1.648036,-0.779417,-1.153060,0.569622,-1.090630,0.656506
"white",5,-0.456462,-0.446857,-1.351182,-0.874334,-0.309145,3.177136,-0.273921,-0.847193,-0.822302,0.938728,-0.434782,0.177037
"white",6,-0.456462,-0.446857,-0.671992,-0.423589,-0.614430,0.606028,1.662334,-0.824601,0.302275,0.604774,-1.090630,0.041461
"white",5,-0.456462,-0.446857,0.482630,0.079164,-0.614430,1.500326,0.600517,0.553503,-0.689999,1.729669,-0.196292,0.164531
"white",6,-0.456462,-0.420020,-1.351182,-0.839661,-0.385466,1.779795,-0.086541,-0.847193,-0.756151,0.411433,-0.434782,0.374694
"white",5,-0.456462,-0.420020,-1.351182,-0.042190,-0.919715,0.214772,-0.398840,0.192033,1.228397,1.325410,-0.136670,0.580604
"white",5,-0.456462,-0.420020,-0.739911,-0.146208,-0.767072,1.109071,-0.461300,0.282401,0.434578,1.817552,-0.196292,0.105732
"white",6,-0.456462,-0.420020,0.278873,1.275372,0.988316,0.941390,-0.898519,2.225302,-1.483818,1.325410,-0.136670,0.308381
"white",6,-0.456462,-0.420020,0.686387,0.595787,-0.080181,0.102985,-1.148358,1.524954,-0.293090,1.378140,0.221065,0.239705
"white",5,-0.456462,-0.366346,-1.215344,-0.874334,-0.385466,1.891582,-0.336380,-0.824601,-0.954605,0.780539,-0.375160,0.609625
"white",5,-0.456462,-0.366346,-0.875749,-0.049124,-1.682927,-0.735420,2.786610,-0.011294,0.236123,-0.238897,-0.613650,0.531638
"white",6,-0.456462,-0.366346,-0.400317,0.776085,0.683031,0.606028,-0.711139,1.344219,-0.293090,1.694516,-0.613650,0.416860
"white",5,-0.456462,-0.366346,-0.264479,0.304537,0.683031,1.500326,-0.648679,0.598687,0.103820,1.079339,-0.732895,0.561848
"white",5,-0.456462,-0.366346,0.482630,0.096501,-0.003860,-0.511845,1.849713,-0.734234,-0.425393,0.780539,-1.150252,0.127880
"white",7,-0.456462,-0.339509,-0.536154,0.949448,-0.080181,0.997283,-1.148358,1.705689,0.169971,0.059904,-0.434782,0.054595
"white",6,-0.456462,-0.339509,-0.332398,0.755281,-0.538109,2.171050,-0.336380,1.773465,-0.689999,1.764822,-0.494405,0.069601
"white",6,-0.456462,-0.339509,-0.196560,0.373882,-0.767072,1.444433,0.850356,0.508320,0.103820,2.274540,0.042198,0.051176
"white",6,-0.456462,-0.339509,0.278873,0.859300,0.683031,1.835688,-0.773599,1.050525,-0.491544,0.833269,-0.852140,0.310959
"white",6,-0.456462,-0.339509,1.161820,1.206026,0.606710,0.047091,0.725436,0.892382,-0.293090,1.237528,-0.554027,0.395336
"white",6,-0.456462,-0.312672,-0.400317,-0.388917,-0.461787,-0.791314,0.850356,-0.847193,0.434578,0.235668,-0.673272,0.580010
"white",7,-0.456462,-0.312672,0.822225,-0.735643,0.072461,-0.511845,-0.461300,-0.824601,-0.491544,-0.291626,-0.852140,0.047285
"white",6,-0.456462,-0.312672,0.822225,1.414062,0.301425,2.115157,1.599874,2.134935,-1.153060,1.712093,0.608612,0.633732
"white",5,-0.456462,-0.285834,-1.622858,-0.024854,-0.614430,0.214772,-0.773599,-0.033885,0.169971,0.516892,0.698045,0.520421
"white",5,-0.456462,-0.285834,-1.011587,-0.569215,0.301425,-0.120590,-0.898519,-0.779417,-0.689999,0.042327,-0.375160,0.618346
"white",6,-0.456462,-0.285834,-0.739911,0.047959,0.072461,0.270666,0.975276,-0.779417,-0.491544,0.323551,-0.792517,0.187876
"white",6,-0.456462,-0.285834,-0.264479,0.807291,-0.538109,2.785880,-0.273921,1.683097,-0.822302,1.940587,-0.494405,0.076685
"white",6,-0.456462,-0.285834,0.414711,-0.763381,-0.996036,-0.344164,-0.149001,-0.847193,-0.425393,-0.432238,-0.732895,0.346552
"white",6,-0.456462,-0.285834,0.822225,0.859300,0.225104,1.947476,-0.336380,1.411995,-0.557696,0.552045,-1.031007,0.224358
"white",5,-0.456462,-0.285834,0.890144,-0.791120,-1.301321,-0.455952,-0.024081,-0.756826,-0.359241,-0.027979,-0.613650,0.218274
"white",4,-0.456462,-0.258997,-1.011587,-0.458262,-0.538109,-1.406144,0.225758,-0.824601,-1.417666,-1.557133,1.055780,0.611581
"white",6,-0.456462,-0.258997,-0.468236,-0.700971,-0.843394,0.382453,0.787896,-0.847193,-0.491544,1.026610,-1.209875,0.636527
"white",6,-0.456462,-0.258997,-0.196560,0.339209,-0.767072,0.829602,0.787896,0.576095,0.566881,2.063622,-0.017425,0.243118
"white",6,-0.456462,-0.258997,0.278873,0.096501,0.606710,-0.735420,-0.149001,-0.802009,0.037668,0.253245,-0.613650,0.590500
"white",5,-0.456462,-0.258997,0.346792,1.275372,0.148782,0.661921,1.474954,0.982749,1.228397,0.569622,-0.494405,0.518153
"white",5,-0.456462,-0.232160,-1.690777,-0.804989,-0.461787,1.556220,-0.336380,-0.824601,-1.020757,0.516892,0.161443,0.724282
"white",5,-0.456462,-0.232160,-0.875749,-0.388917,-0.461787,-0.735420,0.725436,-0.960152,0.169971,1.571481,3.351247,0.393274
"white",5,-0.456462,-0.232160,-0.671992,1.698378,0.530389,0.885496,1.537414,1.863832,0.368426,1.712093,-0.196292,0.210703
"white",5,-0.456462,-0.232160,-0.604073,-0.243291,-0.690751,0.773709,-0.898519,0.146850,0.037668,0.569622,-1.031007,0.282377
"white",7,-0.456462,-0.232160,-0.332398,-0.250226,-0.919715,0.550134,2.599231,-0.711642,0.037668,0.973881,-0.613650,0.536642
"white",5,-0.456462,-0.232160,-0.128641,0.373882,-0.385466,0.550134,0.413137,0.304993,-0.094635,2.397576,-0.971385,0.700146
"white",7,-0.456462,-0.232160,1.161820,0.789954,0.683031,0.885496,-0.836059,1.524954,-0.491544,1.712093,-0.852140,0.461912
"white",6,-0.456462,-0.205323,-0.128641,0.304537,0.683031,0.494240,-1.460657,0.621279,0.302275,0.657504,-0.494405,0.450230
"white",5,-0.456462,-0.205323,0.618468,-0.146208,1.064637,-0.064696,-1.648036,-0.643866,-0.623848,-0.063132,-0.494405,0.042631
"white",5,-0.456462,-0.178486,-0.128641,-0.191282,0.759352,-0.400058,-1.523117,-0.621274,-0.226938,-0.151014,-0.613650,0.584987
"white",6,-0.456462,-0.178486,0.143035,1.046532,-0.690751,-0.288271,-0.086541,1.434587,-0.293090,-0.326779,-1.150252,0.601602
"white",6,-0.456462,-0.178486,0.822225,1.396726,0.377746,0.773709,-0.711139,1.999384,-0.359241,0.270821,-0.852140,0.358742
"white",5,-0.456462,-0.151648,0.143035,-0.479066,-0.461787,0.550134,-0.461300,-0.553499,0.500729,1.676940,-0.017425,0.680325
"white",5,-0.456462,-0.151648,0.346792,-0.146208,0.454067,-0.791314,0.600517,-0.847193,0.566881,-0.326779,-0.255915,0.176880
"white",6,-0.456462,-0.124811,-0.400317,-0.222488,-0.461787,0.829602,-0.398840,0.530912,-1.086909,0.235668,-1.031007,0.625417
"white",5,-0.456462,-0.124811,0.075116,-0.472131,-0.461787,0.550134,-0.461300,-0.576091,0.434578,1.835128,-0.136670,0.559181
"white",5,-0.456462,-0.124811,0.143035,0.422424,0.072461,-0.623633,-1.148358,0.960157,0.169971,-0.502544,-0.673272,0.601289
"white",6,-0.456462,-0.124811,0.210954,-0.527607,-0.232824,0.270666,1.412494,-0.914969,-0.623848,0.552045,-0.613650,0.128251
"white",6,-0.456462,-0.124811,0.618468,0.200519,-0.461787,-0.791314,1.225115,-0.847193,-0.425393,0.481739,-0.434782,0.096736
"white",4,-0.456462,-0.097974,-0.264479,0.651263,-0.996036,0.550134,3.098909,-0.101661,1.096094,1.483599,-0.792517,0.169089
"white",5,-0.456462,-0.097974,0.686387,-0.180881,1.140959,-0.176483,-1.460657,-0.621274,-0.689999,-0.010402,-0.732895,0.272813
"white",5,-0.456462,-0.097974,1.025982,-0.492935,-1.377642,0.885496,0.413137,-0.463131,1.493003,0.516892,-0.196292,0.362679
"white",6,-0.456462,-0.071137,-0.536154,0.651263,0.072461,0.214772,0.850356,0.282401,0.037668,2.046046,-0.911762,0.124524
"white",6,-0.456462,-0.071137,-0.264479,0.859300,0.454067,2.674093,-0.523760,1.163484,-0.491544,1.255104,-0.852140,0.264334
"white",5,-0.456462,-0.071137,0.414711,0.027155,0.225104,-0.623633,0.100838,-0.734234,-0.623848,-0.238897,-1.150252,0.246262
"white",5,-0.456462,-0.071137,0.890144,0.859300,0.301425,1.444433,-0.461300,1.389403,-0.425393,0.393857,-1.031007,0.464223
"white",4,-0.456462,-0.017462,0.686387,0.789954,2.133135,0.214772,-0.711139,-0.779417,-0.491544,1.167222,3.381058,0.639008
"white",4,-0.456462,-0.017462,2.859794,1.102008,1.980492,0.326559,-1.023438,1.118300,-0.689999,1.940587,-0.554027,0.595592
"white",6,-0.456462,0.009375,0.075116,0.835029,0.072461,0.997283,-0.773599,1.524954,0.103820,0.218092,-0.494405,0.012206
"white",7,-0.456462,0.036212,-0.060722,-0.492935,0.148782,0.438347,-0.398840,-0.824601,-0.028483,0.921151,-0.971385,0.601276
"white",6,-0.456462,0.063049,0.143035,1.490342,1.064637,0.661921,-0.336380,1.524954,-0.094635,2.204234,-0.077047,0.684152
"white",6,-0.456462,0.063049,0.414711,0.755281,0.454067,-0.120590,-0.648679,1.186076,-0.425393,-0.274050,-0.732895,0.532881
"white",6,-0.456462,0.116724,0.346792,0.165846,0.530389,-0.288271,-0.024081,-0.463131,-0.160786,1.114492,-0.971385,0.659875
"white",5,-0.456462,0.116724,1.161820,-0.111535,0.606710,-1.126676,0.038378,-0.734234,-0.359241,0.534469,-0.971385,0.620778
"white",5,-0.456462,0.170398,-0.807830,0.027155,-0.080181,0.941390,-0.336380,0.237217,-0.756151,0.868422,-0.017425,0.490362
"white",5,-0.456462,0.170398,-0.264479,0.651263,-0.919715,0.047091,2.911530,-0.056477,1.162245,1.518751,-0.434782,0.427644
"white",5,-0.456462,2.424722,-0.400317,-0.062994,-0.309145,1.053177,-0.523760,0.282401,-0.425393,0.780539,0.698045,0.568169
"white",6,-0.456462,3.954441,1.773091,-0.492935,-0.690751,-0.847207,-0.398840,-0.824601,-0.689999,-0.309203,-0.852140,0.465627
"white",6,-0.456462,4.061790,1.705172,-0.458262,-0.690751,-0.903101,-0.398840,-0.824601,-0.689999,-0.326779,-0.732895,0.234031
"white",6,-0.372265,-0.742067,0.890144,0.512573,0.225104,-0.567739,-0.648679,0.914973,-1.153060,0.182939,0.459555,0.693326
"white",5,-0.372265,-0.607881,-0.604073,-0.111535,-0.309145,2.282837,0.038378,0.011298,1.029942,1.571481,-0.911762,0.353411
"white",6,-0.372265,-0.607881,-0.400317,0.165846,-0.996036,0.158878,1.662334,0.530912,-0.756151,0.147786,-0.911762,0.726547
"white",7,-0.372265,-0.581043,-0.739911,-0.111535,-0.690751,-0.064696,0.850356,0.011298,-1.351515,0.481739,-0.673272,0.223178
"white",7,-0.372265,-0.581043,-0.264479,0.235191,0.759352,0.606028,-1.148358,0.779422,-1.086909,0.446586,-0.971385,0.266743
"white",6,-0.372265,-0.554206,-0.739911,-0.194750,0.683031,-0.344164,-0.273921,-0.779417,-0.094635,0.077480,-1.031007,0.385300
"white",6,-0.372265,-0.554206,-0.196560,-0.142741,-0.003860,-0.735420,0.850356,-0.463131,0.963790,0.042327,-0.613650,0.041124
"white",6,-0.372265,-0.527369,-0.196560,-0.666298,0.072461,0.382453,-0.211461,-0.869785,1.096094,-0.309203,-0.613650,0.111888
"white",6,-0.372265,-0.527369,-0.128641,-0.874334,-1.606606,-0.120590,1.974633,-0.937561,0.169971,0.657504,-0.196292,0.083738
"white",5,-0.372265,-0.500532,-0.468236,-0.839661,-0.843394,0.214772,0.100838,-0.869785,-0.623848,0.235668,-0.852140,0.293999
"white",4,-0.372265,-0.500532,0.958063,0.373882,1.980492,-1.462038,-2.085255,1.231260,-1.549970,-0.555273,0.101820,0.104164
"white",6,-0.372265,-0.500532,1.161820,-0.215553,0.835674,0.438347,-1.085898,-0.756826,-1.086909,0.921151,-0.852140,0.581177
"white",4,-0.372265,-0.446857,-0.196560,-1.130912,-1.225000,-1.406144,-0.960979,-0.621274,-0.557696,-1.188027,-0.971385,0.495171
"white",6,-0.372265,-0.420020,-0.128641,0.165846,-0.461787,1.891582,-0.960979,1.095708,-0.226938,1.044187,-0.792517,0.685791
"white",3,-0.372265,-0.420020,0.143035,0.165846,-0.843394,0.438347,-0.523760,1.005341,-0.623848,1.518751,-0.852140,0.386430
"white",4,-0.372265,-0.393183,-0.943668,-0.631625,-0.461787,-0.567739,-0.024081,-0.869785,-0.557696,-0.537697,0.221065,0.484844
"white",4,-0.372265,-0.393183,1.161820,1.206026,1.522565,-0.064696,-0.773599,1.524954,-1.285363,0.393857,-0.375160,0.599887
"white",6,-0.372265,-0.366346,-0.264479,-0.395851,0.072461,-0.623633,0.975276,-0.802009,0.169971,-0.027979,-0.554027,0.590501
"white",6,-0.372265,-0.366346,-0.060722,-0.284899,0.377746,0.941390,1.225115,-0.847193,-0.226938,0.710233,-0.494405,0.573120
"white",4,-0.372265,-0.366346,0.143035,-0.354244,-0.232824,-0.288271,0.538057,-0.711642,0.434578,0.376280,-0.852140,0.187294
"white",6,-0.372265,-0.366346,0.210954,-0.208619,-0.538109,0.941390,0.100838,0.146850,-0.226938,1.448446,-0.792517,0.354439
"white",6,-0.372265,-0.339509,-1.554939,0.096501,-0.614430,0.214772,0.225758,0.576095,-1.020757,0.516892,2.069363,0.726325
"white",6,-0.372265,-0.339509,-0.332398,-0.943679,-1.225000,1.276752,0.350678,-0.824601,-1.086909,0.938728,-1.090630,0.169615
"white",6,-0.372265,-0.339509,1.161820,-0.250226,0.988316,-0.064696,-0.523760,-0.350172,-0.160786,0.042327,-0.911762,0.400989
"white",6,-0.372265,-0.312672,-0.875749,-0.305702,-0.538109,3.791966,-0.398840,0.350176,-1.285363,1.061763,-0.434782,0.749018
"white",6,-0.372265,-0.312672,0.007197,0.314939,0.606710,1.723901,-0.773599,0.576095,0.103820,1.571481,-0.375160,0.145261
"white",7,-0.372265,-0.285834,-0.264479,-0.631625,-0.385466,0.270666,0.662977,-0.869785,-1.351515,0.446586,-1.269497,0.434396
"white",6,-0.372265,-0.285834,-0.196560,0.235191,-0.690751,-0.064696,0.413137,0.259809,-0.028483,1.975740,-0.017425,0.151426
"white",5,-0.372265,-0.285834,2.859794,1.136681,-0.614430,1.332645,2.224472,1.547546,0.963790,0.938728,-0.971385,0.388662
"white",6,-0.372265,-0.258997,-0.536154,0.165846,-1.148679,1.668007,2.661691,-0.621274,1.228397,1.307834,-0.792517,0.109485
"white",6,-0.372265,-0.258997,-0.400317,0.588853,-0.156502,-0.008803,0.975276,0.406656,0.302275,1.852705,-1.090630,0.114739
"white",7,-0.372265,-0.258997,-0.332398,-0.752980,-1.530285,-0.791314,1.350035,-0.417947,-0.028483,-0.379508,-0.852140,0.182784
"white",6,-0.372265,-0.258997,-0.060722,-0.388917,0.301425,0.606028,1.287575,-0.824601,-0.028483,0.481739,-0.852140,0.242864
"white",5,-0.372265,-0.232160,-0.671992,0.408555,-0.919715,0.661921,-0.149001,1.604026,-0.491544,0.850845,-0.375160,0.230517
"white",6,-0.372265,-0.232160,-0.536154,-0.111535,-0.461787,-0.232377,0.912816,-0.756826,0.434578,0.165362,-0.554027,0.105776
"white",7,-0.372265,-0.232160,-0.128641,-0.347309,-0.385466,0.438347,0.662977,0.033890,-0.623848,-0.027979,-1.329120,0.417107
"white",6,-0.372265,-0.232160,0.075116,0.997990,0.225104,0.661921,0.912816,0.598687,0.368426,1.149645,-0.375160,0.348517
"white",6,-0.372265,-0.205323,-0.671992,0.412022,-1.148679,1.109071,-0.149001,1.073117,-0.557696,0.182939,-0.554027,0.387116
"white",5,-0.372265,-0.205323,0.346792,-0.284899,0.835674,-1.350250,-0.273921,-0.869785,-0.094635,-0.361932,-0.971385,0.458810
"white",6,-0.372265,-0.178486,-0.264479,0.703272,-0.232824,0.941390,0.725436,1.863832,-0.756151,0.305974,-1.269497,0.658591
"white",6,-0.372265,-0.178486,0.143035,0.942514,0.683031,-0.008803,-0.336380,1.140892,-0.293090,0.112633,-0.554027,0.119104
"white",6,-0.372265,-0.178486,0.550549,0.200519,0.683031,-0.008803,0.225758,0.417952,-0.623848,-0.309203,-0.375160,0.388631
"white",6,-0.372265,-0.151648,-0.264479,-0.596953,-0.690751,0.885496,0.038378,-0.802009,-0.756151,0.481739,-0.792517,0.236487
"white",5,-0.372265,-0.097974,0.007197,0.294135,-0.843394,-1.126676,0.787896,0.259809,-0.425393,-0.361932,0.698045,0.486628
"white",5,-0.372265,-0.071137,-0.400317,0.720609,-0.003860,0.606028,0.975276,0.463136,0.103820,1.923011,-1.090630,0.352119
"white",6,-0.372265,-0.017462,-0.671992,0.061828,0.072461,0.773709,-0.586220,0.304993,-1.219212,0.938728,-0.255915,0.680267
"white",5,-0.372265,0.009375,-1.487020,-0.735643,-0.996036,0.494240,0.100838,-0.779417,-0.359241,0.235668,0.161443,0.030372
"white",5,-0.372265,0.063049,-0.536154,1.112410,-1.148679,-0.400058,0.475597,2.880467,-0.226938,0.165362,-0.494405,0.738095
"white",6,-0.372265,0.197235,-0.332398,1.122812,-0.538109,-0.064696,-0.149001,2.790099,-0.293090,0.446586,-0.554027,0.025881
"white",6,-0.372265,0.277747,0.550549,0.408555,1.140959,-0.735420,0.288218,-0.802009,0.236123,-0.256473,0.638423,0.449324
"white",5,-0.372265,0.304584,0.143035,-1.089305,-1.759248,0.102985,0.100838,-0.914969,-0.888454,0.499316,0.012386,0.519705
"white",5,-0.372265,0.519281,-0.332398,-0.375048,-0.156502,-0.344164,-0.773599,-0.802009,-0.094635,0.534469,-0.255915,0.214480
"white",4,-0.372265,2.290536,1.433496,-0.666298,-0.538109,-1.406144,-0.523760,-0.824601,-0.094635,-0.801344,0.221065,0.370414
"white",5,-0.372265,2.397884,1.025982,-0.791120,-0.767072,-0.120590,0.038378,-0.869785,-0.160786,-0.168591,-0.434782,0.700761
"white",7,-0.330167,-0.607881,0.143035,-0.302235,-0.843394,0.047091,0.600517,0.237217,0.302275,-0.010402,-1.090630,0.079885
"white",5,-0.288069,-0.742067,0.007197,0.096501,-0.614430,0.214772,1.100195,0.643871,-0.954605,0.165362,-0.732895,0.332406
"white",6,-0.288069,-0.715229,0.346792,-0.458262,-0.156502,-0.232377,0.350678,-0.689050,0.500729,0.376280,-0.852140,0.219537
"white",6,-0.288069,-0.688392,-1.147425,0.408555,-0.843394,-0.623633,0.850356,1.073117,-0.425393,0.182939,1.234648,0.677789
"white",5,-0.288069,-0.581043,0.075116,-0.888203,-0.461787,0.661921,-0.461300,-0.734234,-1.153060,0.587198,-0.911762,0.118164
"white",6,-0.288069,-0.581043,2.859794,-0.423589,0.225104,-0.511845,0.225758,-0.779417,-0.557696,0.200515,-1.209875,0.271180
"white",5,-0.288069,-0.554206,-0.671992,-0.666298,0.301425,-0.623633,-1.210818,-0.508315,-1.616121,-0.027979,0.280688,0.615954
"white",6,-0.288069,-0.554206,-0.332398,0.096501,-0.614430,3.233030,0.350678,0.372768,-1.219212,1.905434,-1.031007,0.594723
"white",6,-0.288069,-0.554206,0.075116,0.238659,-0.843394,-0.176483,0.725436,1.276443,-0.094635,-0.291626,-0.136670,0.382211
"white",6,-0.288069,-0.554206,0.210954,-0.381982,0.072461,-0.064696,0.288218,-0.802009,-0.160786,-0.115861,-1.090630,0.426390
"white",6,-0.288069,-0.554206,1.229739,0.651263,-0.232824,2.674093,-0.461300,1.118300,0.103820,0.921151,-0.852140,0.325137
"white",6,-0.288069,-0.527369,0.007197,-1.092772,-1.072357,-0.903101,-0.211461,-0.869785,-0.226938,0.077480,-1.150252,0.515265
"white",6,-0.288069,-0.527369,0.075116,-0.770316,0.072461,2.003369,-0.711139,-0.914969,-0.094635,0.516892,-0.792517,0.461343
"white",6,-0.288069,-0.500532,-0.196560,0.037557,-0.080181,0.158878,0.288218,-0.237212,0.699184,0.973881,-0.136670,0.181168
"white",6,-0.288069,-0.500532,0.007197,-0.267562,-0.156502,-0.176483,-0.149001,-0.756826,0.566881,0.235668,-0.375160,0.101879
"white",6,-0.288069,-0.500532,0.007197,0.418957,-0.614430,2.171050,-0.523760,1.411995,-0.226938,1.360563,-0.554027,0.557981
"white",6,-0.288069,-0.473695,-1.894534,1.379390,-1.682927,0.438347,0.912816,3.061202,0.236123,0.235668,0.578800,0.165975
"white",7,-0.288069,-0.473695,0.007197,-0.666298,-0.461787,-0.288271,1.037735,-0.892377,0.037668,-0.643156,-0.852140,0.287731
"white",6,-0.288069,-0.446857,-0.400317,-0.298768,-0.538109,-0.679526,-0.336380,0.440544,-1.020757,-0.027979,-0.315537,0.580958
"white",6,-0.288069,-0.446857,-0.400317,0.373882,-0.538109,0.773709,0.600517,0.847198,-1.086909,0.429010,-0.375160,0.446313
"white",5,-0.288069,-0.446857,-0.196560,-0.250226,-0.309145,-0.847207,0.600517,-0.643866,1.360700,-0.660732,1.353893,0.359837
"white",6,-0.288069,-0.446857,0.414711,-0.458262,1.064637,0.606028,-1.710496,-0.372764,-0.954605,0.499316,-1.090630,0.587872
"white",6,-0.288069,-0.446857,0.414711,-0.111535,1.217280,0.494240,-0.398840,-0.734234,0.897639,0.587198,-1.031007,0.740406
"white",7,-0.288069,-0.446857,0.550549,-0.770316,1.064637,-0.567739,-1.772956,-0.892377,-1.417666,-0.133438,-0.971385,0.277489
"white",5,-0.288069,-0.420020,-0.739911,-0.787652,-0.614430,0.270666,-0.461300,-0.869785,-0.491544,0.376280,0.280688,0.003414
"white",6,-0.288069,-0.420020,-0.264479,-0.850063,-0.461787,1.276752,-0.586220,-0.756826,-0.557696,0.815692,-0.971385,0.474774
"white",6,-0.288069,-0.420020,-0.128641,0.658198,-0.080181,1.835688,-0.648679,1.095708,-0.293090,1.360563,-0.136670,0.658669
"white",5,-0.288069,-0.420020,2.044766,-0.326506,-0.309145,-1.294357,-1.648036,0.304993,0.368426,-0.027979,-0.792517,0.178427
"white",5,-0.288069,-0.393183,-1.758696,-0.069928,-1.148679,-1.182569,1.350035,0.395360,-0.623848,-0.537697,2.099174,0.363981
"white",6,-0.288069,-0.393183,-0.196560,0.235191,-0.309145,-0.623633,1.474954,-0.689050,0.037668,1.307834,-0.554027,0.119806
"white",6,-0.288069,-0.393183,0.143035,-0.388917,0.835674,-1.294357,1.537414,-0.892377,-0.888454,-1.188027,-1.209875,0.090266
"white",6,-0.288069,-0.393183,0.686387,0.228257,-0.156502,0.382453,1.724793,0.011298,0.368426,0.516892,-0.673272,0.727246
"white",6,-0.288069,-0.393183,0.822225,-0.527607,-0.461787,0.941390,0.600517,-0.779417,-0.160786,0.446586,-1.209875,0.744961
"white",7,-0.288069,-0.393183,1.229739,-0.284899,0.148782,0.270666,1.412494,-0.734234,-0.226938,0.218092,-0.315537,0.339699
"white",6,-0.288069,-0.393183,2.044766,-0.326506,-0.232824,-1.294357,-1.648036,0.282401,0.368426,-0.098285,-0.792517,0.397898
"white",5,-0.288069,-0.366346,-0.671992,-0.742578,-0.690751,0.829602,-0.211461,-0.802009,-0.359241,0.710233,-0.971385,0.271632
"white",7,-0.288069,-0.366346,0.618468,0.027155,-0.461787,-0.064696,-0.461300,0.530912,0.434578,0.639927,-0.554027,0.694815
"white",6,-0.288069,-0.339509,-1.147425,-0.492935,-0.461787,-0.288271,-0.711139,-0.101661,-1.020757,-0.643156,0.221065,0.065546
"white",6,-0.288069,-0.339509,-0.536154,-0.361178,-0.385466,-0.120590,-0.648679,0.327585,-1.351515,-0.256473,-0.852140,0.141298
"white",6,-0.288069,-0.339509,-0.264479,0.096501,0.606710,0.047091,-0.398840,0.146850,-0.160786,0.165362,-0.255915,0.573147
"white",5,-0.288069,-0.339509,-0.196560,-0.992221,-0.614430,-0.511845,-0.773599,-0.734234,-1.020757,0.007174,-1.150252,0.189515
"white",7,-0.288069,-0.339509,-0.060722,-0.596953,-0.538109,-0.008803,1.662334,-0.756826,-0.226938,0.218092,-0.971385,0.598060
"white",6,-0.288069,-0.339509,0.618468,1.004925,-0.309145,2.729987,0.100838,1.773465,1.625306,1.184798,-1.150252,0.061314
"white",6,-0.288069,-0.339509,0.618468,1.004925,-0.309145,2.729987,0.100838,1.773465,1.625306,1.202375,-1.150252,0.263713
"white",4,-0.288069,-0.339509,1.161820,0.214388,1.522565,-0.679526,-0.773599,-0.689050,-0.028483,-0.133438,-1.090630,0.238031
"white",5,-0.288069,-0.339509,2.859794,-0.874334,-0.232824,-0.679526,-0.586220,-0.914969,0.103820,0.305974,0.042198,0.445441
"white",5,-0.288069,-0.339509,2.859794,-0.492935,-0.156502,-0.623633,1.474954,-0.960152,-0.028483,0.850845,-0.852140,0.153697
"white",5,-0.288069,-0.312672,-0.060722,0.325340,-0.614430,1.388539,-1.273278,1.773465,0.368426,0.815692,-0.196292,0.268495
"white",5,-0.288069,-0.312672,0.143035,-0.631625,-0.690751,-0.567739,0.475597,-0.643866,-0.689999,-0.660732,-0.196292,0.267924
"white",5,-0.288069,-0.312672,1.161820,-0.111535,-0.080181,0.047091,1.100195,-0.779417,0.368426,-0.256473,-0.255915,0.456007
"white",7,-0.288069,-0.285834,-0.060722,-0.215553,-0.003860,0.382453,0.725436,-0.824601,0.236123,0.358704,-0.911762,0.663888
"white",6,-0.288069,-0.285834,0.414711,0.373882,-0.309145,-0.344164,0.662977,0.689055,0.368426,0.710233,-0.554027,0.397899
"white",4,-0.288069,-0.285834,0.822225,-0.042190,0.759352,-1.294357,-0.523760,-0.847193,0.566881,-0.801344,-0.494405,0.532201
"white",5,-0.288069,-0.285834,1.161820,-0.319571,0.454067,-0.176483,-0.836059,-0.847193,0.368426,0.481739,-0.375160,0.404631
"white",6,-0.288069,-0.258997,0.007197,0.789954,-0.614430,1.332645,0.350678,2.225302,-0.226938,0.833269,-0.613650,0.514327
"white",5,-0.288069,-0.232160,-0.671992,0.339209,-0.385466,1.332645,0.163298,0.802014,-0.822302,1.466022,-0.464594,0.114567
"white",6,-0.288069,-0.232160,0.210954,-0.215553,-0.232824,0.326559,0.600517,0.079074,-0.756151,-0.115861,-1.358931,0.503358
"white",7,-0.288069,-0.205323,-0.468236,-0.388917,0.148782,0.717815,1.225115,-0.824601,0.037668,0.464163,-0.673272,0.254378
"white",6,-0.288069,-0.205323,0.075116,-0.444393,-0.309145,2.115157,-0.773599,-0.417947,1.029942,0.815692,-0.613650,0.693079
"white",7,-0.288069,-0.205323,0.210954,-0.388917,-0.461787,1.053177,1.287575,-0.802009,2.088367,0.464163,-0.971385,0.239736
"white",7,-0.288069,-0.205323,1.161820,0.893972,0.683031,1.109071,-0.836059,1.637914,0.236123,0.516892,-0.255915,0.223041
"white",5,-0.288069,-0.178486,-0.739911,-0.319571,0.072461,-0.903101,0.163298,-0.417947,-0.623848,0.376280,-0.017425,0.513888
"white",5,-0.288069,-0.151648,-0.604073,-0.180881,-0.614430,1.109071,-0.461300,0.214625,-0.094635,0.833269,-0.375160,0.371350
"white",5,-0.288069,-0.151648,-0.196560,-0.215553,0.377746,-0.288271,-0.398840,-0.169437,-0.954605,0.481739,-0.375160,0.725261
"white",7,-0.288069,-0.124811,0.075116,1.067336,0.683031,1.220858,-1.210818,1.366811,-0.293090,0.762963,-0.494405,0.126285
"white",5,-0.288069,-0.124811,1.161820,1.206026,1.598886,-0.008803,-0.336380,0.508320,0.500729,0.552045,-0.017425,0.396880
"white",5,-0.288069,-0.097974,-2.166210,-0.090732,-1.988212,-1.070782,3.536128,-0.824601,0.103820,1.114492,0.608612,0.640499
"white",6,-0.288069,-0.097974,0.007197,0.928645,0.759352,1.276752,-0.336380,1.265148,-0.359241,0.534469,-0.792517,0.175633
"white",4,-0.288069,-0.097974,0.210954,-0.735643,-1.072357,0.326559,0.350678,-0.621274,-0.226938,-0.010402,-0.375160,0.385916
"white",6,-0.288069,-0.097974,0.482630,1.483408,-0.309145,2.282837,-0.273921,2.496405,0.699184,1.395716,-0.673272,0.425366
"white",6,-0.288069,-0.071137,-0.536154,0.321873,-1.225000,1.612114,-0.336380,1.073117,-0.954605,0.446586,-0.703084,0.147302
"white",6,-0.288069,-0.071137,0.278873,0.436293,0.377746,-0.288271,0.163298,0.192033,0.037668,0.587198,-1.090630,0.503715
"white",6,-0.288069,-0.044300,-0.332398,0.283733,-0.843394,2.450518,-0.398840,1.073117,-0.888454,0.341127,-0.673272,0.283616
"white",6,-0.288069,-0.044300,0.210954,0.429358,0.377746,-0.288271,0.100838,0.169441,0.037668,0.516892,-0.971385,0.196186
"white",6,-0.288069,-0.044300,0.278873,0.928645,-0.080181,0.773709,1.662334,0.395360,0.699184,2.098775,-0.255915,0.191047
"white",6,-0.288069,-0.044300,0.482630,0.200519,-0.156502,0.494240,1.849713,-0.666458,0.037668,1.466022,-0.732895,0.275516
"white",6,-0.288069,-0.017462,-0.332398,-0.735643,-0.843394,0.829602,-0.149001,-0.802009,-0.689999,0.358704,-1.031007,0.237939
"white",7,-0.288069,-0.017462,0.007197,-0.205151,0.225104,0.494240,-0.711139,-0.056477,-0.094635,-0.027979,-0.792517,0.672972
"white",5,-0.288069,-0.017462,0.143035,0.997990,0.377746,0.270666,0.225758,1.118300,0.434578,1.114492,0.280688,0.587950
"white",6,-0.288069,0.009375,-0.196560,1.053466,-0.461787,-0.064696,0.662977,2.123639,0.037668,0.516892,-0.673272,0.617404
"white",5,-0.288069,0.009375,0.143035,1.036130,0.072461,0.885496,-0.523760,2.202710,0.236123,1.026610,0.101820,0.681741
"white",5,-0.288069,0.009375,0.346792,0.963318,-0.309145,0.270666,2.162012,0.440544,0.103820,1.641787,-0.375160,0.112276
"white",4,-0.288069,0.036212,-1.894534,-0.628158,-0.309145,-0.288271,-0.336380,-0.847193,-0.954605,0.323551,1.711628,0.545127
"white",6,-0.288069,1.673280,0.143035,-0.839661,-0.919715,0.158878,-0.211461,-0.779417,-1.020757,-0.186167,-0.375160,0.225197
"white",6,-0.288069,5.323138,0.822225,0.443227,0.301425,-0.120590,-0.648679,0.734238,-0.689999,0.481739,0.101820,0.080463
"white",6,-0.203872,-0.715229,1.161820,-0.943679,-1.225000,-0.120590,2.037092,-0.892377,-0.557696,0.042327,-0.941574,0.225827
"white",5,-0.203872,-0.688392,0.075116,-0.739111,1.064637,0.438347,-2.460014,-0.869785,-1.483818,-0.344355,-0.732895,0.433087
"white",7,-0.203872,-0.661555,-0.468236,-0.409720,-0.003860,-0.400058,-1.835416,0.124258,0.831487,0.095057,0.042198,0.575219
"white",7,-0.203872,-0.634718,-0.536154,-0.409720,-0.003860,-0.400058,-1.897876,0.124258,0.831487,0.095057,-0.136670,0.614768
"white",5,-0.203872,-0.634718,0.278873,0.824627,0.530389,0.717815,-0.523760,1.366811,-0.491544,1.641787,-0.315537,0.015520
"white",6,-0.203872,-0.581043,0.278873,0.235191,0.759352,1.668007,-1.085898,0.689055,-1.549970,0.850845,-0.852140,0.149382
"white",5,-0.203872,-0.554206,-0.128641,-0.728709,0.683031,-1.294357,-1.460657,-0.847193,1.294548,-1.152874,-0.852140,0.523160
"white",6,-0.203872,-0.527369,-0.128641,-0.527607,-0.767072,-0.903101,1.724793,-0.892377,0.037668,-0.625579,-1.031007,0.566192
"white",6,-0.203872,-0.500532,-0.332398,-0.631625,-0.003860,0.047091,-0.461300,-0.824601,-0.491544,0.130210,-0.613650,0.629112
"white",7,-0.203872,-0.500532,0.210954,0.131173,0.148782,-0.008803,1.662334,-0.666458,1.559155,0.024751,-0.852140,0.496792
"white",7,-0.203872,-0.473695,-0.400317,1.160952,-0.156502,0.382453,1.537414,1.299035,0.302275,1.219951,-0.494405,0.732184
"white",6,-0.203872,-0.473695,0.143035,0.477900,0.454067,1.388539,-1.273278,1.547546,-1.483818,0.446586,-0.792517,0.307375
"white",7,-0.203872,-0.473695,0.618468,0.783020,-0.538109,0.941390,0.350678,2.067159,1.228397,0.253245,-0.971385,0.613984
"white",6,-0.203872,-0.446857,0.278873,-0.735643,-0.309145,-0.288271,0.038378,-0.779417,0.831487,-0.484967,-0.375160,0.226069
"white",5,-0.203872,-0.393183,-0.875749,0.803823,-0.996036,0.382453,-0.398840,2.134935,-0.689999,0.007174,-0.136670,0.396888
"white",6,-0.203872,-0.393183,-0.468236,0.117304,-1.148679,-0.791314,1.350035,0.655167,0.500729,-0.115861,-0.673272,0.023066
"white",6,-0.203872,-0.393183,-0.196560,-0.513738,-0.690751,0.773709,-0.211461,0.101666,-0.425393,1.307834,-0.911762,0.175628
"white",7,-0.203872,-0.393183,0.482630,0.165846,0.148782,0.326559,0.850356,-0.079069,0.169971,0.393857,-1.269497,0.146299
"white",6,-0.203872,-0.366346,0.482630,-0.943679,-1.225000,-0.735420,0.038378,-0.892377,-0.028483,-0.836497,-0.911762,0.673669
"white",6,-0.203872,-0.339509,-0.128641,0.741412,-0.919715,-0.847207,-0.648679,2.180119,-0.028483,0.516892,-0.434782,0.547828
"white",6,-0.203872,-0.339509,0.482630,-0.874334,-0.690751,-0.232377,0.225758,-0.869785,-0.028483,0.024751,-1.209875,0.029955
"white",5,-0.203872,-0.339509,0.618468,-0.551878,0.225104,-1.070782,0.350678,-0.847193,-0.557696,0.200515,-0.375160,0.150190
"white",5,-0.203872,-0.312672,-0.468236,-0.427057,0.072461,0.102985,-0.273921,-0.576091,0.037668,0.130210,-0.255915,0.609113
"white",5,-0.203872,-0.312672,1.161820,-0.492935,0.454067,-0.511845,-0.398840,-0.440539,-1.219212,0.024751,-0.494405,0.570202
"white",5,-0.203872,-0.285834,-1.215344,-0.284899,-1.225000,0.997283,0.475597,-0.011294,1.162245,1.466022,0.042198,0.427097
"white",5,-0.203872,-0.285834,-1.215344,-0.284899,-1.072357,1.053177,0.475597,0.169441,1.162245,1.448446,-0.047236,0.260048
"white",6,-0.203872,-0.285834,-0.671992,-0.503336,-0.690751,-0.679526,2.411851,-0.847193,0.103820,-0.854073,-1.090630,0.130086
"white",6,-0.203872,-0.285834,-0.196560,0.339209,-0.309145,2.897668,0.475597,0.869790,-0.623848,1.290257,-0.732895,0.749580
"white",5,-0.203872,-0.258997,-0.671992,0.259462,0.683031,-0.344164,-0.024081,0.033890,-0.425393,0.639927,-0.077047,0.160391
"white",6,-0.203872,-0.258997,1.161820,0.304537,-0.385466,1.332645,0.038378,0.734238,-0.888454,1.342987,-0.494405,0.491338
"white",4,-0.203872,-0.232160,0.890144,-0.042190,0.835674,-1.238463,-0.898519,-0.847193,0.500729,-0.748615,-0.434782,0.590426
"white",6,-0.203872,-0.205323,-0.332398,-0.791120,-1.377642,-0.120590,1.474954,-0.530907,0.103820,-0.186167,-1.031007,0.251418
"white",5,-0.203872,-0.205323,-0.264479,0.779552,0.148782,0.047091,-0.024081,1.592730,-0.293090,0.604774,-0.017425,0.265845
"white",5,-0.203872,-0.205323,0.278873,0.512573,0.301425,0.438347,2.349392,-0.598682,-0.491544,0.147786,-0.971385,0.068910
"white",5,-0.203872,-0.178486,-0.943668,-0.850063,-1.377642,-0.455952,0.100838,-0.621274,-0.491544,0.534469,-0.613650,0.120120
"white",6,-0.203872,-0.178486,-0.807830,0.741412,-0.996036,-0.064696,0.100838,2.112343,-0.822302,0.516892,-0.136670,0.706505
"white",4,-0.203872,-0.178486,1.569334,0.581918,1.675207,-0.735420,-0.648679,-0.643866,1.029942,0.077480,-0.315537,0.144995
"white",5,-0.203872,-0.151648,-0.264479,-0.631625,-0.232824,0.382453,0.288218,-0.847193,0.434578,1.272681,-0.077047,0.192940
"white",7,-0.203872,-0.124811,0.822225,0.817692,-0.538109,1.947476,0.225758,1.705689,1.096094,0.762963,-1.150252,0.106909
"white",6,-0.203872,-0.097974,-0.128641,-0.146208,0.148782,0.829602,-0.648679,0.033890,-0.557696,0.850845,-0.255915,0.603850
"white",5,-0.203872,-0.071137,-0.332398,-0.257160,-0.690751,0.550134,-0.149001,0.350176,-0.359241,0.762963,-0.554027,0.103386
"white",6,-0.203872,-0.071137,-0.128641,-0.146208,0.148782,0.773709,-0.648679,0.056482,-0.359241,0.815692,-0.375160,0.419000
"white",5,-0.203872,-0.071137,0.210954,0.075697,-0.003860,0.382453,-0.898519,0.101666,-0.226938,1.202375,-0.732895,0.342270
"white",5,-0.203872,-0.044300,0.482630,0.692871,-0.156502,0.661921,0.912816,0.553503,0.037668,1.817552,-0.196292,0.225217
"white",6,-0.203872,-0.017462,0.075116,-0.250226,-0.232824,0.270666,2.536771,-0.824601,1.625306,0.376280,-0.792517,0.479610
"white",6,-0.203872,0.009375,0.143035,0.477900,-0.614430,-0.064696,3.661048,-0.734234,0.236123,-0.186167,-0.732895,0.422452
"white",6,-0.203872,0.009375,1.093901,-0.076863,0.835674,0.047091,-0.461300,-0.756826,-0.822302,-0.291626,-1.090630,0.345182
"white",6,-0.203872,0.036212,-0.128641,0.027155,-0.461787,0.941390,1.787253,-0.033885,-0.557696,0.288398,-1.269497,0.713969
"white",5,-0.203872,0.036212,0.482630,0.339209,0.835674,-0.791314,0.350678,-0.598682,0.368426,-0.133438,-0.434782,0.097017
"white",5,-0.203872,0.063049,-0.196560,0.547245,-0.156502,-0.120590,1.974633,-0.259804,0.368426,1.483599,-0.434782,0.313917
"white",7,-0.203872,0.063049,0.346792,-0.527607,-0.461787,0.829602,0.912816,-0.869785,0.103820,1.483599,-0.732895,0.615571
"white",6,-0.203872,0.089886,-0.196560,0.415489,0.377746,-0.176483,1.662334,-0.056477,0.368426,0.727810,-0.315537,0.335111
"white",6,-0.203872,0.170398,1.161820,0.408555,-0.232824,1.109071,1.974633,0.440544,-0.226938,0.938728,-0.732895,0.202547
"white",6,-0.203872,0.519281,0.550549,-0.926343,-1.072357,0.941390,-0.586220,-0.869785,-0.557696,0.270821,-0.434782,0.489597
"white",5,-0.119676,-1.037276,-0.264479,-0.666298,1.217280,-0.679526,-1.585577,-0.892377,-1.219212,-0.748615,-0.852140,0.718862
"white",6,-0.119676,-0.876252,-0.468236,-0.756447,-1.072357,-0.511845,0.912816,-0.802009,0.302275,-0.098285,-0.732895,0.667996
"white",5,-0.119676,-0.715229,0.007197,0.027155,-0.919715,0.214772,1.849713,0.282401,-0.822302,0.253245,-0.613650,0.118590
"white",8,-0.119676,-0.715229,0.210954,-0.683634,0.683031,0.438347,-0.024081,-0.756826,0.633033,-0.203744,-0.434782,0.295718
"white",5,-0.119676,-0.688392,-0.400317,-0.042190,0.377746,-0.400058,-0.586220,0.621279,-0.226938,-0.432238,-0.196292,0.673750
"white",6,-0.119676,-0.688392,0.822225,0.027155,-0.309145,0.270666,-0.398840,0.960157,-1.153060,0.393857,-0.375160,0.086091
"white",6,-0.119676,-0.661555,0.278873,-0.839661,0.606710,-0.511845,-0.898519,-0.869785,-1.086909,-0.643156,-0.852140,0.020910
"white",4,-0.119676,-0.661555,0.278873,-0.527607,0.301425,-1.350250,-0.461300,-0.779417,-0.888454,-0.151014,-0.494405,0.004163
"white",6,-0.119676,-0.634718,-0.807830,-0.250226,-0.843394,-0.288271,0.475597,0.350176,1.029942,0.393857,0.221065,0.712567
"white",6,-0.119676,-0.634718,0.346792,0.949448,0.301425,1.220858,-0.273921,1.818649,1.691458,0.639927,-0.911762,0.635811
"white",7,-0.119676,-0.634718,1.161820,-0.770316,0.759352,-0.120590,-1.398197,-0.892377,0.963790,-0.590426,-0.971385,0.049349
"white",5,-0.119676,-0.607881,0.550549,-0.042190,-0.080181,-0.958995,1.225115,-0.802009,0.434578,-0.537697,-0.136670,0.022331
"white",6,-0.119676,-0.607881,1.365577,-0.794587,-0.538109,0.606028,0.163298,-0.756826,0.368426,1.378140,-0.315537,0.561148
"white",5,-0.119676,-0.581043,-0.671992,0.436293,0.148782,0.773709,-0.773599,1.502362,-0.557696,0.622351,-0.136670,0.635900
"white",6,-0.119676,-0.581043,-0.264479,0.117304,-0.767072,-0.120590,1.100195,0.779422,-0.756151,-0.115861,-0.554027,0.143596
"white",9,-0.119676,-0.581043,0.890144,0.859300,1.446243,-0.120590,-0.149001,1.253852,-0.491544,0.165362,-0.434782,0.703752
"white",7,-0.119676,-0.554206,-0.332398,-0.631625,-0.767072,-0.008803,-0.149001,-0.033885,-0.756151,0.341127,-0.077047,0.332963
"white",7,-0.119676,-0.527369,-0.264479,-0.909007,-0.614430,-1.014888,0.600517,-0.802009,-0.160786,0.077480,-0.196292,0.709486
"white",6,-0.119676,-0.527369,-0.128641,0.852365,0.148782,2.226944,0.163298,2.225302,-1.086909,0.956304,-0.017425,0.143797
"white",4,-0.119676,-0.527369,1.908928,-0.683634,-0.232824,-1.350250,-1.897876,-0.237212,0.368426,0.130210,-0.911762,0.704819
"white",6,-0.119676,-0.500532,-0.196560,0.093033,-0.385466,0.550134,0.038378,0.598687,0.169971,1.132069,-0.494405,0.574052
"white",6,-0.119676,-0.500532,0.075116,0.304537,-0.232824,0.158878,-1.148358,1.728281,0.765336,0.024751,-0.196292,0.267027
"white",6,-0.119676,-0.500532,0.550549,0.401620,-0.003860,0.829602,-0.149001,0.824606,-0.425393,0.692657,-0.136670,0.744513
"white",5,-0.119676,-0.473695,-0.536154,-0.388917,-0.385466,-1.350250,1.162655,-0.892377,-1.417666,-0.924379,1.652005,0.260267
"white",5,-0.119676,-0.473695,0.210954,-0.832727,-0.080181,-0.344164,-1.585577,-0.824601,0.963790,0.235668,-1.209875,0.057422
"white",6,-0.119676,-0.446857,-0.468236,0.346144,-0.232824,-0.064696,-1.085898,1.615322,0.765336,0.376280,-0.315537,0.724431
"white",5,-0.119676,-0.446857,-0.332398,-0.458262,0.454067,-0.288271,-1.335737,-0.869785,0.103820,-0.151014,-0.017425,0.358026
"white",7,-0.119676,-0.446857,1.433496,-0.804989,-0.538109,0.606028,0.225758,-0.756826,0.368426,1.360563,-0.315537,0.386666
"white",7,-0.119676,-0.420020,0.007197,0.249061,-1.148679,0.717815,0.038378,1.615322,-0.028483,0.218092,-0.554027,0.570068
"white",6,-0.119676,-0.420020,0.075116,-0.596953,-0.690751,2.059263,0.600517,-0.756826,0.169971,0.868422,-0.732895,0.166642
"white",6,-0.119676,-0.393183,-0.264479,0.242126,-0.232824,1.220858,-1.210818,1.615322,0.169971,0.429010,-0.375160,0.178964
"white",5,-0.119676,-0.393183,0.075116,0.325340,-0.461787,-0.064696,0.350678,0.779422,0.434578,0.464163,-0.554027,0.670282
"white",6,-0.119676,-0.393183,0.075116,0.841963,-0.538109,-0.288271,0.787896,1.976792,0.169971,0.429010,-0.673272,0.007100
"white",4,-0.119676,-0.393183,0.482630,-0.735643,1.522565,-0.847207,-1.648036,-0.937561,-1.682273,-0.941956,0.042198,0.700824
"white",6,-0.119676,-0.393183,1.161820,-0.007517,-0.614430,1.053177,0.725436,0.304993,-0.623848,0.815692,-1.329120,0.182702
"white",6,-0.119676,-0.366346,-0.468236,-0.080330,-1.225000,0.047091,-0.211461,0.666463,-0.756151,-0.238897,-0.673272,0.559774
"white",6,-0.119676,-0.366346,-0.128641,0.249061,-0.309145,1.276752,-1.210818,1.524954,0.302275,0.323551,-0.554027,0.405061
"white",5,-0.119676,-0.366346,0.143035,-0.510271,0.301425,-0.344164,-0.648679,-0.779417,1.096094,0.253245,-0.673272,0.101106
"white",7,-0.119676,-0.366346,2.316442,-0.007517,-1.225000,2.674093,-1.523117,1.163484,-0.689999,1.061763,-0.852140,0.597184
"white",6,-0.119676,-0.339509,-0.875749,-0.843129,-1.301321,0.494240,-0.211461,-0.643866,-0.689999,0.815692,-0.673272,0.606113
"white",6,-0.119676,-0.312672,-0.807830,-0.042190,-0.767072,0.661921,0.850356,0.350176,-0.557696,0.973881,-0.255915,0.579627
"white",6,-0.119676,-0.312672,-0.264479,0.304537,-0.156502,0.382453,0.163298,0.802014,0.037668,1.870281,-0.792517,0.116917
"white",6,-0.119676,-0.312672,-0.264479,0.304537,-0.156502,0.382453,0.163298,0.824606,0.037668,1.887858,-0.792517,0.384492
"white",5,-0.119676,-0.312672,-0.128641,-0.874334,-0.843394,-0.455952,0.538057,-0.802009,0.037668,-0.941956,-0.613650,0.378240
"white",6,-0.119676,-0.312672,0.686387,-0.874334,0.148782,1.053177,-1.398197,-0.756826,0.434578,0.692657,-1.150252,0.045449
"white",6,-0.119676,-0.312672,0.754306,1.039597,-0.461787,1.276752,1.849713,1.321627,1.559155,0.692657,-0.911762,0.698727
"white",7,-0.119676,-0.285834,-0.671992,-0.596953,0.148782,-0.791314,-0.898519,-0.824601,1.559155,0.358704,-0.255915,0.406599
"white",6,-0.119676,-0.285834,-0.671992,-0.562280,-0.690751,0.047091,1.037735,-0.734234,0.037668,0.446586,0.906724,0.642033
"white",6,-0.119676,-0.285834,-0.671992,1.171354,-0.461787,0.438347,-0.024081,2.631956,0.897639,0.323551,-0.136670,0.278918
"white",6,-0.119676,-0.285834,0.007197,0.339209,-0.156502,1.444433,0.163298,0.892382,-0.226938,2.292117,-0.554027,0.511905
"white",6,-0.119676,-0.285834,0.075116,0.893972,-0.690751,2.115157,0.850356,1.999384,-0.226938,1.132069,-0.792517,0.657294
"white",5,-0.119676,-0.285834,0.143035,-0.735643,-0.919715,-1.350250,0.413137,-0.847193,0.633033,-1.504403,-0.494405,0.129873
"white",5,-0.119676,-0.285834,1.501415,0.006352,-0.767072,1.556220,-0.211461,0.440544,1.096094,1.079339,-0.554027,0.293008
"white",6,-0.119676,-0.258997,-0.196560,-0.215553,0.148782,-0.400058,1.849713,-0.824601,0.765336,-0.133438,-1.031007,0.359178
"white",6,-0.119676,-0.258997,0.007197,0.158912,-0.309145,-0.735420,1.225115,0.485728,-0.623848,-0.098285,-0.971385,0.025424
"white",8,-0.119676,-0.258997,0.414711,-0.596953,-0.156502,0.158878,-0.586220,-0.643866,-0.954605,-0.326779,-1.150252,0.717794
"white",5,-0.119676,-0.258997,0.550549,-0.007517,-0.996036,-1.014888,1.412494,-0.847193,-0.028483,0.429010,-0.494405,0.525370
"white",6,-0.119676,-0.232160,-0.671992,-0.007517,-0.156502,0.438347,0.725436,0.011298,-0.293090,0.938728,-0.792517,0.396405
"white",6,-0.119676,-0.205323,-0.875749,-0.874334,-1.225000,0.661921,0.163298,-0.598682,-0.689999,0.903575,-0.554027,0.133925
"white",6,-0.119676,-0.205323,-0.536154,-0.527607,-0.843394,-0.791314,0.600517,-0.779417,-0.226938,0.393857,0.399933,0.202767
"white",4,-0.119676,-0.178486,-1.351182,-0.638560,-0.843394,-1.070782,1.225115,-0.734234,-0.359241,-0.678309,1.532760,0.064570
"white",5,-0.119676,-0.178486,-0.400317,0.540311,0.148782,0.158878,-0.586220,1.027933,-0.491544,0.341127,0.161443,0.078158
"white",6,-0.119676,-0.178486,-0.128641,-0.860465,-0.690751,-0.400058,0.100838,-0.689050,-0.425393,0.095057,-0.732895,0.748822
"white",6,-0.119676,-0.178486,-0.128641,0.446695,0.072461,0.270666,-0.086541,0.960157,-0.226938,0.692657,-0.494405,0.374146
"white",6,-0.119676,-0.151648,-0.400317,-0.666298,-0.843394,-0.120590,0.912816,-0.643866,-0.425393,0.921151,-0.196292,0.006429
"white",6,-0.119676,-0.151648,0.007197,-0.340375,-0.080181,-0.064696,0.475597,-0.689050,-0.226938,0.270821,-0.017425,0.198539
"white",6,-0.119676,-0.124811,-0.264479,-0.069928,-1.377642,-0.176483,-0.211461,0.621279,-1.020757,-0.414661,-0.464594,0.622180
"white",6,-0.119676,-0.124811,-0.196560,0.318406,-0.309145,1.164964,-1.273278,1.547546,0.302275,0.604774,-0.375160,0.176815
"white",6,-0.119676,-0.124811,-0.196560,0.325340,-0.309145,1.332645,-1.210818,1.547546,0.302275,0.798116,-0.494405,0.098926
"white",6,-0.119676,-0.124811,0.075116,-0.250226,-0.690751,-0.400058,0.038378,0.417952,-0.491544,0.059904,-0.673272,0.715640
"white",7,-0.119676,-0.124811,0.210954,-0.146208,-0.156502,1.164964,1.162655,-0.802009,0.368426,0.235668,-0.613650,0.173273
"white",6,-0.119676,-0.124811,0.482630,-0.146208,0.301425,-0.400058,0.163298,-0.711642,-0.888454,0.024751,-0.375160,0.672409
"white",6,-0.119676,-0.097974,-0.536154,-0.735643,-0.919715,2.003369,-0.086541,-0.847193,0.566881,0.622351,-0.494405,0.606566
"white",5,-0.119676,-0.097974,-0.400317,1.816265,0.377746,0.326559,-0.149001,3.140273,-0.226938,1.044187,-0.255915,0.269627
"white",6,-0.119676,-0.097974,-0.060722,0.467498,-0.080181,0.102985,0.538057,0.530912,0.368426,1.694516,-0.852140,0.495435
"white",6,-0.119676,-0.071137,-0.807830,-0.874334,-0.232824,-1.406144,-0.773599,-0.937561,-0.756151,0.200515,0.698045,0.608166
"white",5,-0.119676,-0.071137,0.007197,0.977187,-0.461787,1.779795,0.163298,2.383446,0.169971,1.975740,-0.077047,0.680908
"white",6,-0.119676,-0.071137,0.143035,-0.395851,-0.461787,-0.455952,0.225758,-0.463131,-0.425393,0.464163,-0.554027,0.460398
"white",5,-0.119676,-0.071137,0.143035,0.127706,-0.309145,-0.232377,1.225115,-0.350172,0.302275,1.307834,-0.315537,0.437573
"white",4,-0.119676,-0.071137,0.278873,0.210921,-0.232824,0.047091,1.100195,-0.124253,0.236123,1.553904,-0.255915,0.384974
"white",6,-0.119676,-0.017462,0.278873,-0.527607,0.454067,-0.511845,-0.149001,-0.824601,-0.028483,0.675080,-0.732895,0.241681
"white",5,-0.119676,0.116724,0.414711,-0.902072,-0.003860,-1.014888,-0.273921,-0.802009,-0.491544,0.095057,-0.494405,0.100541
"white",8,-0.119676,1.726955,-0.536154,0.193584,0.072461,0.102985,-0.336380,0.689055,-1.020757,0.833269,-1.031007,0.051897
"white",5,-0.063545,-0.554206,-1.215344,-0.832727,-1.759248,2.171050,1.537414,-0.847193,-0.491544,0.938728,-0.047236,0.574420
"white",6,-0.035479,-0.849415,-0.128641,-0.596953,-0.461787,-0.903101,0.413137,-0.711642,0.566881,0.675080,-0.434782,0.242943
"white",6,-0.035479,-0.822578,1.093901,-0.929810,0.988316,-0.400058,-2.022795,-0.892377,-0.226938,-0.994685,-0.911762,0.544772
"white",6,-0.035479,-0.795741,-0.400317,-1.054632,-0.996036,-0.400058,0.475597,-0.824601,-1.153060,-0.098285,0.608612,0.140384
"white",6,-0.035479,-0.742067,1.229739,-0.083797,-1.225000,-0.288271,0.038378,1.434587,-0.293090,-0.379508,-0.494405,0.032664
"white",5,-0.035479,-0.715229,-0.128641,-0.902072,0.225104,-0.176483,-1.085898,-0.869785,0.963790,-0.608003,-0.673272,0.197188
"white",6,-0.035479,-0.715229,0.075116,-0.867399,-0.156502,-0.288271,-2.147715,-0.079069,0.037668,-0.678309,-0.852140,0.589369
"white",5,-0.035479,-0.661555,-0.468236,-0.180881,-1.225000,-1.014888,0.538057,1.050525,-1.285363,-0.818920,-0.583839,0.321746
"white",5,-0.035479,-0.661555,-0.332398,-0.687102,-0.385466,0.494240,1.100195,-0.824601,-0.094635,0.604774,-1.031007,0.558247
"white",5,-0.035479,-0.661555,0.007197,-1.033828,0.225104,0.047091,-1.710496,-0.824601,-0.756151,0.815692,-0.255915,0.118463
"white",7,-0.035479,-0.607881,-0.604073,0.235191,-1.453963,0.997283,3.723507,0.022594,-0.160786,0.798116,-0.494405,0.162288
"white",6,-0.035479,-0.607881,0.075116,-1.068501,-0.385466,-1.182569,-0.898519,-0.327580,-0.888454,-1.223179,-0.434782,0.719286
"white",6,-0.035479,-0.607881,0.278873,-0.995688,-0.461787,0.997283,0.100838,-0.960152,0.963790,-0.027979,-0.792517,0.328197
"white",5,-0.035479,-0.581043,-1.690777,-1.221061,-0.156502,-0.735420,-1.273278,-0.892377,-1.285363,0.639927,0.757668,0.688754
"white",6,-0.035479,-0.581043,-0.196560,-0.631625,-0.538109,0.494240,1.662334,-0.756826,-0.226938,0.516892,-0.971385,0.418501
"white",8,-0.035479,-0.581043,1.025982,0.013286,-1.148679,1.053177,-1.210818,1.434587,-1.285363,0.235668,-1.150252,0.173899
"white",8,-0.035479,-0.554206,-0.196560,0.131173,-0.996036,0.047091,0.787896,1.434587,-0.359241,0.007174,-0.434782,0.646709
"white",6,-0.035479,-0.554206,0.007197,0.581918,0.225104,-0.288271,-0.461300,1.366811,-1.285363,0.077480,-0.077047,0.352569
"white",6,-0.035479,-0.554206,0.075116,-1.013025,-1.072357,-0.400058,-0.273921,-0.869785,0.434578,-0.274050,-0.196292,0.041033
"white",6,-0.035479,-0.554206,0.414711,-1.075436,-1.301321,-0.735420,0.413137,-0.756826,-0.954605,-0.291626,0.191254,0.526952
"white",5,-0.035479,-0.554206,0.482630,-0.943679,-0.003860,0.102985,-0.398840,-0.869785,-0.226938,-0.520120,-0.911762,0.241098
"white",6,-0.035479,-0.554206,0.550549,0.200519,0.988316,-0.344164,-1.273278,1.095708,-0.756151,-0.467391,-0.673272,0.747597
"white",4,-0.035479,-0.554206,1.161820,-0.874334,1.217280,-0.903101,-1.648036,-0.914969,-1.351515,-1.029838,0.042198,0.435762
"white",7,-0.035479,-0.527369,-0.332398,-0.028321,-0.080181,-0.623633,-1.148358,1.027933,-1.086909,-0.168591,-0.852140,0.027193
"white",7,-0.035479,-0.500532,-0.400317,0.245593,-0.309145,1.723901,-1.273278,1.502362,0.169971,0.657504,-0.792517,0.543869
"white",7,-0.035479,-0.500532,-0.332398,-0.423589,-0.767072,0.606028,1.662334,-0.756826,1.162245,0.622351,-0.792517,0.225865
"white",6,-0.035479,-0.500532,-0.060722,-0.770316,-1.225000,-1.238463,0.475597,0.056482,-0.954605,-0.625579,-1.150252,0.377809
"white",7,-0.035479,-0.473695,-0.536154,0.203986,-0.690751,-0.288271,2.286932,0.214625,-0.293090,-0.133438,-1.448365,0.135210
"white",5,-0.035479,-0.473695,0.414711,-0.076863,-0.232824,-0.567739,-0.773599,0.327585,-0.756151,-0.080708,-0.971385,0.264684
"white",6,-0.035479,-0.473695,1.161820,-0.666298,0.072461,0.214772,-0.523760,-0.847193,1.559155,0.376280,-1.120441,0.706774
"white",7,-0.035479,-0.473695,1.161820,-0.527607,1.369922,0.885496,-0.836059,-0.914969,-0.160786,0.288398,-1.031007,0.297076
"white",5,-0.035479,-0.446857,-1.283263,-0.804989,-1.072357,-1.070782,0.413137,-0.824601,-0.094635,-0.889226,0.429744,0.137389
"white",5,-0.035479,-0.446857,-1.283263,-0.804989,-0.996036,-1.070782,0.413137,-0.824601,-0.094635,-0.889226,0.429744,0.707294
"white",6,-0.035479,-0.446857,-0.264479,-0.978352,-0.767072,-0.344164,-0.211461,-0.643866,-0.359241,0.182939,-0.732895,0.374486
"white",4,-0.035479,-0.446857,0.143035,-0.943679,0.988316,-1.406144,-1.148358,-0.982744,-1.086909,-1.574709,-0.732895,0.106505
"white",6,-0.035479,-0.420020,-0.536154,0.193584,-0.156502,2.506412,-1.523117,1.344219,0.169971,0.921151,-0.732895,0.255943
"white",6,-0.035479,-0.420020,-0.196560,0.235191,0.377746,-0.064696,1.350035,0.417952,0.434578,0.850845,-0.375160,0.508731
"white",6,-0.035479,-0.420020,-0.060722,-0.007517,-0.996036,1.276752,1.849713,0.169441,-0.491544,0.710233,-1.150252,0.427252
"white",7,-0.035479,-0.393183,-0.196560,-0.236357,0.148782,0.214772,1.974633,-0.824601,0.434578,-0.238897,-0.971385,0.737614
"white",6,-0.035479,-0.393183,-0.128641,-0.180881,-0.080181,-0.288271,1.287575,-0.598682,0.500729,0.130210,-0.554027,0.329830
"white",5,-0.035479,-0.393183,-0.060722,-0.891670,-0.461787,-0.679526,-0.586220,-0.779417,-0.822302,-0.238897,0.399933,0.342332
"white",6,-0.035479,-0.393183,0.618468,-0.804989,1.522565,-0.903101,-1.648036,-0.914969,-1.880728,-0.977109,-0.375160,0.720967
"white",5,-0.035479,-0.393183,1.161820,-0.527607,0.530389,-0.232377,-0.773599,-0.282396,-0.954605,-0.168591,-0.732895,0.387030
"white",5,-0.035479,-0.366346,-0.060722,0.009819,-0.614430,0.661921,0.787896,0.056482,-0.425393,0.745386,-1.090630,0.577686
"white",6,-0.035479,-0.366346,1.161820,0.269864,1.064637,-1.182569,-0.586220,0.508320,0.368426,-0.906803,-1.090630,0.392545
"white",5,-0.035479,-0.339509,-0.536154,0.172781,-0.538109,-0.288271,-0.024081,0.937565,-0.623848,0.622351,-0.852140,0.639352
"white",6,-0.035479,-0.339509,-0.400317,-0.770316,-0.156502,-1.014888,-0.898519,-0.779417,-0.491544,-0.484967,-0.315537,0.296674
"white",6,-0.035479,-0.339509,-0.400317,-0.458262,0.530389,-0.400058,-0.211461,-0.869785,0.037668,-0.203744,-0.077047,0.151739
"white",6,-0.035479,-0.339509,-0.400317,0.200519,-0.767072,1.444433,1.849713,0.146850,-1.086909,0.762963,-1.329120,0.444207
"white",6,-0.035479,-0.312672,-0.196560,-0.319571,0.148782,1.276752,0.725436,-0.779417,0.963790,1.149645,-0.315537,0.379211
"white",6,-0.035479,-0.312672,0.007197,-1.082370,-0.156502,0.550134,-1.523117,-0.779417,-0.623848,0.095057,-0.732895,0.141117
"white",6,-0.035479,-0.312672,0.278873,-0.583084,-0.385466,-0.344164,0.475597,-0.689050,0.368426,0.288398,-1.090630,0.027777
"white",5,-0.035479,-0.285834,-0.875749,-0.929810,-0.843394,1.164964,-0.024081,-0.824601,-0.954605,0.288398,-0.792517,0.034540
"white",6,-0.035479,-0.285834,-0.875749,0.027155,-0.385466,1.500326,0.600517,-0.079069,0.831487,0.815692,-0.971385,0.625880
"white",7,-0.035479,-0.285834,-0.332398,-0.735643,-0.919715,0.102985,1.162655,-0.779417,-0.160786,-0.027979,-0.434782,0.321558
"white",6,-0.035479,-0.285834,0.007197,-0.000583,-0.309145,0.941390,-0.898519,0.802014,-0.094635,0.780539,-0.673272,0.412073
"white",6,-0.035479,-0.285834,0.143035,-0.631625,0.454067,-0.176483,-1.085898,-0.779417,-0.557696,0.692657,-0.434782,0.557854
"white",6,-0.035479,-0.285834,1.637253,-0.770316,-0.080181,-0.288271,0.100838,-0.847193,-1.351515,-0.221320,0.101820,0.238225
"white",7,-0.035479,-0.258997,-0.536154,-0.239824,0.148782,-0.511845,1.849713,-0.824601,0.699184,-0.151014,-0.971385,0.213780
"white",3,-0.035479,-0.258997,-0.468236,-0.479066,-0.843394,14.467655,1.350035,-0.485723,0.699184,5.719530,-0.494405,0.070669
"white",6,-0.035479,-0.258997,-0.264479,0.235191,-0.309145,1.220858,-0.024081,0.779422,-0.028483,2.239387,-0.971385,0.308586
"white",6,-0.035479,-0.258997,-0.264479,0.235191,-0.309145,1.220858,-0.024081,0.824606,-0.028483,2.239387,-0.971385,0.403901
"white",6,-0.035479,-0.258997,-0.128641,-0.146208,0.148782,-0.958995,-0.648679,0.689055,-1.219212,-0.010402,-0.792517,0.213418
"white",5,-0.035479,-0.258997,0.007197,-0.423589,-0.003860,-0.176483,0.225758,-0.802009,-0.623848,0.305974,-0.554027,0.726783
"white",4,-0.035479,-0.258997,0.346792,-0.250226,-0.309145,0.885496,-0.898519,0.011298,0.765336,1.518751,0.578800,0.435188
"white",7,-0.035479,-0.258997,0.414711,0.304537,-0.232824,0.941390,0.725436,0.734238,-0.094635,0.833269,-0.673272,0.066360
"white",6,-0.035479,-0.232160,-0.671992,-0.680167,-0.690751,0.606028,-0.398840,-0.395356,-0.226938,0.815692,-0.554027,0.353158
"white",5,-0.035479,-0.232160,-0.128641,-0.423589,-0.003860,-0.176483,0.163298,-0.779417,-0.557696,0.288398,-0.613650,0.290823
"white",4,-0.035479,-0.232160,1.161820,0.061828,0.988316,-0.400058,-2.147715,0.847198,-1.285363,-0.115861,-1.031007,0.403231
"white",7,-0.035479,-0.232160,1.161820,0.581918,0.225104,1.109071,-0.336380,0.982749,0.368426,0.604774,-0.613650,0.186456
"white",6,-0.035479,-0.232160,1.297658,-0.076863,-0.690751,0.270666,-0.773599,0.282401,3.146793,0.552045,0.161443,0.317209
"white",6,-0.035479,-0.205323,-0.400317,0.498704,-0.232824,1.612114,0.225758,1.728281,0.037668,1.413293,1.175025,0.657550
"white",6,-0.035479,-0.178486,-0.264479,-0.562280,0.148782,0.158878,0.538057,-0.779417,0.169971,0.393857,-0.196292,0.625736
"white",6,-0.035479,-0.178486,0.210954,-0.874334,0.835674,-1.014888,-0.586220,-0.937561,-1.020757,-0.713462,-0.852140,0.130909
"white",6,-0.035479,-0.178486,0.346792,0.325340,0.225104,-0.511845,-0.149001,0.259809,0.103820,0.411433,-0.971385,0.405818
"white",5,-0.035479,-0.178486,0.550549,-0.458262,0.072461,-0.344164,-0.523760,-0.689050,-0.557696,-0.397085,-1.150252,0.700954
"white",4,-0.035479,-0.151648,0.346792,-0.007517,-0.843394,-0.958995,1.662334,-0.734234,-0.623848,1.501175,-0.136670,0.653234
"white",7,-0.035479,-0.151648,0.414711,-0.666298,-0.690751,-1.294357,1.412494,-0.937561,-0.226938,0.446586,-0.434782,0.067525
"white",6,-0.035479,-0.151648,0.482630,0.547245,-0.156502,0.102985,0.975276,0.824606,-0.028483,0.464163,-0.375160,0.451723
"white",7,-0.035479,-0.124811,-0.196560,-0.562280,-0.614430,0.214772,1.599874,-0.779417,0.169971,0.218092,-0.375160,0.116929
"white",5,-0.035479,-0.097974,1.161820,-0.527607,0.530389,-0.847207,-0.398840,-0.779417,-0.425393,0.516892,-0.852140,0.022805
"white",6,-0.035479,-0.097974,1.161820,-0.111535,-0.614430,-0.288271,-1.335737,0.169441,2.948338,0.095057,-0.613650,0.049964
"white",6,-0.035479,-0.097974,2.859794,0.269864,-0.309145,1.723901,2.536771,-0.598682,1.493003,1.184798,-1.031007,0.011648
"white",6,-0.035479,-0.071137,-0.060722,0.096501,-0.385466,-0.176483,1.474954,-0.530907,0.236123,1.536328,0.280688,0.474682
"white",5,-0.035479,-0.071137,0.075116,-0.666298,-0.232824,-0.344164,1.225115,-0.914969,-0.160786,0.868422,-0.971385,0.387578
"white",6,-0.035479,-0.071137,0.618468,0.096501,-0.080181,-0.344164,1.599874,-0.666458,0.566881,0.903575,-0.852140,0.667404
"white",6,-0.035479,-0.044300,0.550549,0.276799,-0.309145,0.606028,-1.523117,1.084413,0.169971,-0.203744,-0.911762,0.451384
"white",5,-0.035479,0.009375,-0.536154,-0.596953,-0.003860,-0.735420,-0.398840,-0.824601,-1.219212,0.042327,-0.196292,0.519891
"white",5,-0.035479,0.009375,-0.060722,0.027155,0.225104,5.636457,-0.273921,0.169441,0.368426,3.487317,-0.434782,0.646507
"white",5,-0.035479,0.063049,-0.264479,0.737945,-0.843394,1.332645,-0.149001,2.598068,-1.020757,0.358704,-0.732895,0.557164
"white",6,-0.035479,0.089886,0.414711,0.581918,0.301425,0.997283,-0.586220,1.253852,-1.020757,1.044187,-0.911762,0.207472
"white",5,-0.035479,0.143561,0.007197,0.720609,-0.003860,-0.400058,0.038378,1.208668,-0.293090,-0.010402,-0.494405,0.077780
"white",6,-0.035479,0.411933,-0.536154,1.154017,0.530389,0.773709,-1.210818,2.383446,0.368426,2.010893,0.042198,0.688184
"white",5,0.020652,-0.232160,-0.468236,-0.832727,-0.538109,0.494240,0.350678,-0.756826,0.236123,1.096916,0.996158,0.619818
"white",5,0.048717,-0.983601,-0.468236,-0.180881,-1.148679,-1.294357,1.037735,1.208668,-1.086909,-1.012262,-0.494405,0.295698
"white",6,0.048717,-0.849415,-0.128641,-0.874334,-0.614430,0.158878,-0.086541,-0.643866,-0.425393,0.341127,-0.494405,0.334674
"white",5,0.048717,-0.795741,0.007197,0.093033,1.675207,-0.567739,-0.898519,0.327585,-0.689999,0.921151,0.459555,0.370039
"white",6,0.048717,-0.768904,0.278873,-0.250226,-0.003860,-0.455952,1.599874,-0.576091,-0.293090,0.745386,-0.852140,0.315440
"white",6,0.048717,-0.742067,-0.196560,-0.492935,0.072461,-0.176483,-0.960979,-0.101661,-1.814576,0.710233,-0.315537,0.002645
"white",5,0.048717,-0.742067,0.007197,0.443227,1.675207,-0.903101,-2.335094,1.276443,-0.756151,-0.063132,-0.255915,0.075095
"white",6,0.048717,-0.742067,0.143035,0.155444,1.369922,-0.511845,-0.898519,0.372768,-0.226938,0.833269,-0.494405,0.185905
"white",5,0.048717,-0.742067,0.143035,0.751814,1.293601,-0.623633,-0.586220,1.276443,-0.359241,0.903575,-0.434782,0.318745
"white",5,0.048717,-0.715229,0.143035,0.880103,1.369922,0.214772,-0.586220,1.592730,-0.425393,1.096916,-0.315537,0.151482
"white",5,0.048717,-0.688392,0.007197,-1.013025,-0.538109,-0.958995,-0.773599,-0.892377,-0.491544,-0.854073,0.101820,0.508666
"white",6,0.048717,-0.688392,0.143035,-0.631625,-0.309145,0.214772,-0.086541,-0.079069,-1.020757,0.341127,-0.554027,0.020366
"white",6,0.048717,-0.661555,-0.807830,0.221322,-0.843394,1.332645,-1.960336,1.705689,-0.689999,0.376280,0.399933,0.704697
"white",5,0.048717,-0.661555,0.143035,-0.631625,-0.309145,0.382453,-0.149001,-0.101661,-0.954605,0.358704,-0.613650,0.252833
"white",6,0.048717,-0.634718,-0.128641,-0.638560,0.148782,-0.288271,1.912173,-0.847193,-0.954605,-0.414661,-1.209875,0.138879
"white",6,0.048717,-0.634718,2.044766,0.068763,0.072461,0.997283,-0.523760,0.463136,0.566881,1.237528,0.101820,0.677693
"white",6,0.048717,-0.607881,-0.264479,-0.714840,-0.003860,-0.232377,0.350678,-0.824601,0.236123,-0.098285,-0.077047,0.078452
"white",7,0.048717,-0.607881,0.075116,-0.388917,-0.156502,-0.735420,-0.211461,-0.237212,-0.954605,0.218092,-1.031007,0.136299
"white",6,0.048717,-0.607881,1.161820,-0.943679,0.148782,-0.567739,-1.523117,-0.802009,-0.954605,0.200515,-0.375160,0.147605
"white",6,0.048717,-0.581043,-0.400317,-1.033828,-1.225000,0.550134,1.537414,-0.892377,0.169971,-0.221320,-0.285726,0.025375
"white",7,0.048717,-0.581043,1.161820,-0.596953,0.606710,0.661921,0.225758,-0.802009,-0.888454,0.095057,-1.209875,0.401173
"white",6,0.048717,-0.554206,-0.671992,-0.024854,-0.690751,-0.176483,-1.398197,1.457179,-1.351515,0.622351,-0.375160,0.336168
"white",5,0.048717,-0.554206,-0.128641,-0.291833,-0.919715,0.941390,-0.273921,0.824606,-0.954605,0.218092,-0.792517,0.631988
"white",7,0.048717,-0.554206,0.686387,-0.250226,0.148782,0.158878,1.100195,-0.666458,-0.822302,1.272681,-0.971385,0.355688
"white",6,0.048717,-0.527369,-1.079506,-0.988754,-0.461787,-0.120590,-1.710496,-0.824601,-0.557696,0.798116,0.399933,0.733507
"white",6,0.048717,-0.527369,0.075116,-0.999156,-0.614430,0.270666,0.038378,-0.756826,0.831487,-0.027979,-0.554027,0.402438
"white",5,0.048717,-0.527369,0.210954,-0.423589,-0.919715,-0.791314,-0.398840,-0.711642,1.029942,0.095057,-0.375160,0.718406
"white",6,0.048717,-0.527369,0.278873,0.484835,0.683031,0.326559,-0.211461,0.530912,0.037668,0.727810,-0.077047,0.024939
"white",6,0.048717,-0.527369,1.161820,-0.735643,-0.003860,-0.176483,0.038378,-0.847193,0.236123,-0.186167,-1.090630,0.075581
"white",6,0.048717,-0.527369,1.161820,0.200519,0.759352,1.276752,-1.273278,1.027933,-1.351515,0.692657,-0.732895,0.741609
"white",5,0.048717,-0.500532,-0.264479,-0.666298,1.827850,-1.014888,-2.647393,-0.869785,-0.491544,-1.082568,-0.792517,0.572470
"white",6,0.048717,-0.500532,-0.128641,-0.596953,-0.385466,-0.679526,0.850356,-0.666458,0.633033,0.270821,-0.196292,0.472188
"white",7,0.048717,-0.500532,-0.060722,-0.007517,0.911995,-0.064696,-0.773599,0.372768,-1.417666,0.305974,-1.031007,0.263411
"white",6,0.048717,-0.500532,0.210954,-1.151715,-0.767072,-0.455952,-0.773599,-0.869785,-0.359241,0.921151,-0.613650,0.407252
"white",6,0.048717,-0.500532,1.161820,-0.596953,0.072461,-0.120590,-0.149001,-0.892377,1.228397,-0.274050,-1.209875,0.414750
"white",6,0.048717,-0.473695,-0.264479,0.301070,-0.614430,-0.623633,-0.149001,1.705689,-0.689999,0.165362,0.042198,0.308301
"white",5,0.048717,-0.446857,-0.807830,0.581918,-0.614430,-0.567739,-0.773599,2.383446,0.037668,0.481739,-0.315537,0.698409
"white",7,0.048717,-0.446857,-0.060722,0.027155,-0.232824,0.941390,0.413137,0.485728,0.236123,0.938728,-0.375160,0.064392
"white",6,0.048717,-0.446857,0.143035,-0.354244,-0.232824,0.717815,-0.149001,-0.079069,0.368426,0.815692,-0.613650,0.672188
"white",5,0.048717,-0.446857,0.143035,0.783020,-0.614430,1.444433,-0.711139,2.485109,-1.020757,0.481739,-0.792517,0.150490
"white",6,0.048717,-0.446857,0.346792,-0.416655,-1.148679,1.556220,0.413137,-0.124253,0.566881,0.446586,-0.792517,0.632217
"white",6,0.048717,-0.420020,0.890144,-0.631625,0.225104,2.059263,-1.335737,-0.101661,-1.020757,0.762963,-0.971385,0.606809
"white",5,0.048717,-0.393183,-1.283263,-1.172519,-0.919715,1.668007,-1.023438,-0.869785,-0.094635,1.009034,0.280688,0.129689
"white",7,0.048717,-0.393183,-1.215344,-0.492935,-0.996036,-0.176483,1.474954,-0.530907,-0.160786,0.798116,0.698045,0.529553
"white",5,0.048717,-0.393183,0.143035,-0.298768,0.759352,-0.679526,0.100838,-0.869785,-0.954605,0.921151,1.055780,0.235735
"white",5,0.048717,-0.393183,0.210954,-0.666298,1.140959,-1.070782,-0.898519,-1.005336,-1.020757,-0.766191,-0.613650,0.462057
"white",5,0.048717,-0.393183,0.210954,0.658198,-0.843394,1.388539,0.100838,2.428629,-1.086909,0.762963,-1.150252,0.003275
"white",5,0.048717,-0.393183,0.550549,-1.047697,0.377746,-1.182569,-2.085255,-0.892377,-0.226938,-0.959532,-0.494405,0.020186
"white",5,0.048717,-0.366346,-0.128641,0.200519,-0.919715,0.717815,2.536771,0.372768,-0.491544,0.675080,-1.090630,0.504500
"white",6,0.048717,-0.339509,-0.536154,-0.486000,0.377746,-0.064696,0.288218,-0.598682,0.169971,0.745386,-0.375160,0.511028
"white",5,0.048717,-0.339509,-0.536154,-0.312637,-1.072357,0.438347,3.411208,-0.847193,0.434578,0.235668,-0.911762,0.185491
"white",6,0.048717,-0.339509,-0.128641,0.027155,-0.309145,0.661921,0.163298,0.429248,0.169971,1.132069,-0.673272,0.386252
"white",6,0.048717,-0.339509,-0.128641,0.131173,-0.614430,0.717815,2.349392,0.124258,-0.822302,0.798116,-0.792517,0.506039
"white",6,0.048717,-0.339509,0.754306,-0.250226,0.148782,-0.455952,-0.024081,-0.824601,0.566881,-0.027979,-0.673272,0.662949
"white",6,0.048717,-0.312672,-0.128641,0.873169,-0.461787,1.109071,-0.523760,2.180119,-1.086909,0.376280,-0.732895,0.286600
"white",6,0.048717,-0.285834,-0.264479,-0.069928,-0.996036,0.382453,0.038378,0.802014,-0.028483,0.481739,-0.673272,0.143050
"white",6,0.048717,-0.285834,-0.196560,0.065295,-0.843394,0.494240,2.349392,0.259809,-0.623848,0.639927,-1.150252,0.630813
"white",6,0.048717,-0.258997,-0.196560,-0.725242,0.148782,-0.791314,0.350678,-0.756826,-0.557696,-0.256473,-0.852140,0.433540
"white",6,0.048717,-0.258997,0.618468,-0.978352,-0.996036,0.829602,0.662977,-0.847193,-0.160786,-0.186167,0.101820,0.118287
"white",6,0.048717,-0.258997,1.161820,-0.694036,0.377746,0.047091,-0.960979,-0.576091,0.236123,0.956304,-0.554027,0.109446
"white",5,0.048717,-0.232160,-0.468236,-0.832727,-0.538109,0.494240,0.350678,-0.756826,0.236123,1.096916,0.996158,0.078193
"white",6,0.048717,-0.232160,-0.332398,-0.180881,0.148782,-0.232377,1.849713,-0.847193,0.831487,-0.168591,-0.971385,0.042893
"white",5,0.048717,-0.232160,0.278873,0.789954,0.148782,0.270666,-0.523760,2.157527,0.169971,0.815692,-0.375160,0.651033
"white",6,0.048717,-0.232160,1.161820,0.027155,0.530389,-0.176483,0.100838,-0.124253,-0.756151,0.323551,-1.388742,0.280326
"white",5,0.048717,-0.205323,-0.128641,-0.458262,-0.690751,-0.903101,0.350678,-0.056477,-0.954605,-0.520120,0.101820,0.707104
"white",6,0.048717,-0.205323,1.093901,-0.492935,0.377746,0.326559,-0.336380,-0.621274,0.699184,1.114492,-0.315537,0.491017
"white",6,0.048717,-0.205323,1.161820,0.235191,0.530389,0.158878,-0.273921,0.033890,-0.425393,0.657504,-1.329120,0.534929
"white",4,0.048717,-0.178486,1.161820,0.027155,-0.080181,-0.735420,0.538057,-0.734234,0.302275,0.235668,1.771251,0.057971
"white",6,0.048717,-0.151648,1.161820,0.269864,0.530389,0.326559,-0.273921,0.033890,-0.359241,0.745386,-0.971385,0.134545
"white",6,0.048717,-0.124811,0.075116,-0.527607,-0.156502,-0.847207,-0.149001,-0.666458,-0.822302,-0.678309,-0.732895,0.318059
"white",6,0.048717,-0.097974,-0.060722,-0.562280,-0.309145,0.214772,1.037735,-0.824601,1.559155,-0.010402,-0.732895,0.287616
"white",7,0.048717,-0.044300,0.550549,0.269864,0.606710,0.606028,-0.273921,0.033890,-0.888454,0.921151,-0.852140,0.128642
"white",5,0.048717,-0.017462,-0.332398,0.117304,-0.767072,0.438347,0.538057,1.140892,0.169971,1.272681,0.012386,0.351918
"white",6,0.048717,0.009375,-0.536154,0.231724,-0.385466,1.891582,-0.648679,1.186076,-0.226938,1.237528,-0.971385,0.269481
"white",6,0.048717,0.036212,-0.536154,0.235191,-0.309145,1.891582,-0.586220,1.073117,-0.160786,1.290257,-0.971385,0.163040
"white",5,0.048717,0.143561,-0.264479,0.186650,-0.232824,-0.455952,-0.398840,0.734238,1.228397,0.903575,0.221065,0.401288
"white",6,0.048717,0.519281,0.075116,-0.839661,0.988316,-0.735420,-0.523760,-0.914969,-0.491544,-1.012262,-1.090630,0.087186
"white",7,0.090815,-0.527369,-0.264479,-1.241864,-0.996036,-0.344164,0.413137,-0.914969,0.103820,-0.467391,-0.971385,0.184462
"white",7,0.132913,-0.768904,1.297658,-0.957548,-0.385466,1.500326,-1.960336,-0.169437,0.037668,0.165362,-1.209875,0.035194
"white",7,0.132913,-0.742067,-0.604073,-0.624691,0.454067,0.494240,0.912816,-0.756826,-0.822302,0.235668,-1.031007,0.657918
"white",6,0.132913,-0.715229,-0.739911,-1.047697,-0.690751,-0.344164,-1.023438,-0.237212,-1.285363,0.182939,-0.494405,0.372498
"white",7,0.132913,-0.715229,-0.332398,0.061828,-1.225000,-0.176483,1.100195,1.253852,-1.285363,0.077480,-0.494405,0.671180
"white",6,0.132913,-0.715229,-0.196560,0.075697,-0.843394,-0.064696,2.849070,0.214625,-0.491544,0.516892,-1.090630,0.624290
"white",5,0.132913,-0.661555,-0.943668,0.391218,-0.538109,-0.288271,0.038378,1.829945,-0.160786,0.288398,0.519178,0.737852
"white",4,0.132913,-0.634718,0.686387,-0.856998,0.072461,-0.064696,-0.336380,-0.869785,-0.689999,0.481739,-0.375160,0.649131
"white",5,0.132913,-0.581043,-0.468236,0.099968,-0.843394,1.332645,-0.086541,1.592730,-0.888454,0.358704,-0.732895,0.009574
"white",6,0.132913,-0.581043,-0.264479,-1.013025,-0.461787,0.102985,-0.773599,-0.847193,-0.756151,-0.432238,-0.017425,0.313247
"white",5,0.132913,-0.581043,0.075116,0.581918,0.454067,0.158878,-0.711139,0.835902,-0.491544,1.167222,-0.315537,0.084917
"white",6,0.132913,-0.554206,0.143035,-0.191282,-0.080181,1.053177,-0.086541,0.621279,-0.888454,0.235668,-0.315537,0.578514
"white",5,0.132913,-0.554206,0.482630,-0.250226,0.530389,-1.350250,-0.648679,0.372768,-0.756151,0.042327,-0.315537,0.375944
"white",6,0.132913,-0.554206,0.754306,-0.042190,0.835674,0.102985,0.038378,-0.576091,-0.425393,0.024751,0.876913,0.162511
"white",5,0.132913,-0.527369,-1.283263,-0.929810,-1.301321,0.829602,0.225758,-0.847193,-1.020757,0.727810,-0.136670,0.041296
"white",7,0.132913,-0.527369,0.075116,0.200519,0.377746,0.102985,1.037735,0.372768,0.566881,0.710233,-0.375160,0.115987
"white",5,0.132913,-0.473695,-0.807830,-1.019959,-0.690751,0.214772,-1.398197,-0.304988,-1.020757,0.305974,-0.255915,0.323486
"white",6,0.132913,-0.473695,-0.671992,-0.631625,-0.690751,0.382453,0.038378,-0.293692,-0.226938,0.024751,-0.673272,0.122106
"white",6,0.132913,-0.473695,-0.671992,0.287200,-0.614430,1.164964,0.038378,1.750873,-0.689999,0.622351,-0.375160,0.073048
"white",5,0.132913,-0.473695,-0.128641,-0.874334,0.377746,-0.623633,-1.335737,-0.914969,0.169971,-0.695885,-0.404971,0.496671
"white",5,0.132913,-0.473695,0.210954,-0.312637,0.530389,-0.455952,-1.835416,0.372768,-0.293090,-0.889226,-0.554027,0.740235
"white",7,0.132913,-0.446857,-0.400317,-0.603887,-0.690751,4.350903,-0.960979,-0.079069,1.426852,0.938728,-0.852140,0.000683
"white",7,0.132913,-0.446857,0.007197,0.443227,-0.232824,-0.455952,0.725436,0.960157,0.037668,-0.080708,-0.732895,0.194805
"white",8,0.132913,-0.393183,-0.400317,-0.700971,-0.156502,0.214772,1.287575,-0.756826,-0.226938,0.270821,-0.375160,0.155236
"white",5,0.132913,-0.393183,-0.400317,-0.042190,0.301425,0.102985,-0.523760,0.327585,-0.425393,0.798116,-0.315537,0.205512
"white",5,0.132913,-0.393183,0.075116,-0.822325,-0.461787,-0.344164,0.413137,-0.824601,-0.491544,1.202375,-0.434782,0.611842
"white",6,0.132913,-0.393183,0.346792,0.446695,-0.156502,0.326559,-1.085898,1.762169,0.103820,-0.168591,-1.269497,0.000230
"white",4,0.132913,-0.366346,0.007197,0.235191,0.072461,-0.679526,0.100838,0.033890,-0.557696,-0.186167,0.876913,0.159462
"white",7,0.132913,-0.339509,-0.264479,-0.874334,-1.225000,1.220858,0.787896,-0.192029,-0.623848,0.762963,-0.375160,0.628906
"white",8,0.132913,-0.339509,0.618468,-0.388917,0.530389,1.109071,1.412494,-0.689050,-0.293090,0.657504,-0.375160,0.164675
"white",7,0.132913,-0.312672,0.210954,-0.423589,-0.232824,1.164964,-0.773599,0.417952,-0.623848,0.182939,-0.911762,0.494891
"white",5,0.132913,-0.285834,-1.215344,0.477900,0.225104,-0.679526,-0.024081,1.276443,-1.351515,-0.344355,0.459555,0.689060
"white",6,0.132913,-0.285834,1.161820,0.512573,0.759352,1.388539,-0.898519,0.666463,-0.094635,1.905434,-0.017425,0.720242
"white",5,0.132913,-0.258997,0.550549,-0.284899,0.148782,-0.455952,0.350678,-0.779417,-0.623848,-0.221320,-0.971385,0.539057
"white",6,0.132913,-0.258997,1.161820,-0.458262,0.225104,0.661921,1.100195,-0.779417,-0.425393,0.446586,-0.911762,0.279620
"white",6,0.132913,-0.258997,2.859794,-1.013025,-0.309145,-0.288271,-0.586220,-0.869785,-0.822302,-0.063132,-0.792517,0.537161
"white",6,0.132913,-0.205323,-1.079506,-0.978352,-1.682927,-1.126676,1.599874,-0.802009,-0.623848,-0.309203,-0.077047,0.515542
"white",7,0.132913,-0.205323,0.007197,-0.416655,-0.309145,0.382453,-0.648679,0.576095,-0.623848,-0.133438,-0.911762,0.117451
"white",5,0.132913,-0.178486,0.210954,-0.721774,0.072461,-1.238463,0.100838,-0.824601,-0.756151,0.850845,-0.136670,0.426601
"white",5,0.132913,-0.178486,0.754306,-0.368113,-0.309145,-1.462038,0.288218,-0.779417,-0.425393,-0.871650,-0.136670,0.639140
"white",5,0.132913,-0.151648,-0.604073,-0.076863,-0.538109,-0.567739,-1.210818,0.779422,-0.756151,0.411433,-0.136670,0.112244
"white",6,0.132913,-0.151648,-0.332398,-0.146208,-0.996036,0.717815,0.163298,0.892382,-0.028483,0.376280,-0.434782,0.107150
"white",5,0.132913,-0.071137,0.210954,-0.950614,0.072461,0.047091,-0.273921,-0.779417,-0.425393,0.587198,-0.375160,0.521177
"white",6,0.132913,-0.017462,1.161820,0.096501,0.377746,-0.567739,0.600517,-0.689050,-0.293090,0.165362,-1.090630,0.371464
"white",5,0.132913,0.009375,-0.400317,-0.978352,-0.996036,-0.735420,0.100838,-0.802009,-1.153060,0.464163,-0.136670,0.546522
"white",6,0.132913,0.089886,0.143035,-0.492935,0.225104,-0.232377,1.787253,-0.869785,-0.425393,-0.063132,-0.792517,0.673033
"white",5,0.132913,0.170398,0.210954,-0.929810,-0.156502,-0.958995,-0.024081,-0.779417,-0.226938,0.077480,-0.196292,0.544574
"white",7,0.217110,-0.956764,-0.060722,-0.822325,-0.080181,0.550134,-0.336380,-0.282396,-0.954605,0.481739,-0.792517,0.234315
"white",6,0.217110,-0.876252,-0.807830,-1.013025,-0.538109,-0.064696,0.100838,-0.824601,0.037668,-0.238897,-0.554027,0.491142
"white",6,0.217110,-0.849415,0.346792,-0.250226,-0.156502,-0.064696,-0.149001,0.146850,-0.293090,-0.063132,-1.031007,0.075087
"white",7,0.217110,-0.822578,1.637253,-1.359751,-1.682927,-0.344164,1.599874,-0.802009,-0.954605,0.007174,-1.031007,0.033539
"white",6,0.217110,-0.795741,-0.468236,-0.388917,-0.996036,0.214772,1.662334,-0.124253,-0.160786,0.446586,-1.209875,0.732247
"white",6,0.217110,-0.795741,-0.400317,-0.638560,-0.690751,0.326559,1.912173,-0.779417,0.169971,0.464163,-0.852140,0.099195
"white",5,0.217110,-0.795741,0.346792,-1.671805,-0.996036,-1.517931,-0.836059,-0.960152,-1.483818,-1.645015,-0.911762,0.435217
"white",7,0.217110,-0.768904,0.346792,-0.804989,-0.156502,-0.232377,0.475597,-0.802009,-0.491544,-0.695885,-1.031007,0.511244
"white",6,0.217110,-0.768904,0.482630,-0.180881,-0.232824,-0.455952,-0.711139,0.666463,0.831487,-0.537697,-0.911762,0.008584
"white",6,0.217110,-0.742067,-0.060722,-0.437458,-0.232824,0.606028,-0.898519,0.282401,-0.293090,0.288398,-0.732895,0.604624
"white",5,0.217110,-0.715229,-1.758696,-1.429097,-0.614430,-1.182569,-1.585577,-0.914969,-1.616121,0.288398,0.787479,0.513270
"white",5,0.217110,-0.715229,-1.690777,-1.394424,-0.614430,-1.126676,-1.585577,-0.892377,-1.682273,0.288398,0.638423,0.576494
"white",6,0.217110,-0.715229,0.278873,-0.870867,-0.996036,-1.014888,-0.024081,-0.576091,-0.359241,-0.731038,0.578800,0.460885
"white",5,0.217110,-0.688392,-0.468236,0.668600,1.064637,-0.958995,-0.711139,1.411995,-0.888454,-0.326779,-0.673272,0.481857
"white",4,0.217110,-0.661555,0.550549,0.613124,0.148782,-0.958995,-1.335737,1.547546,-0.491544,-0.397085,-0.375160,0.335674
"white",6,0.217110,-0.634718,-0.332398,0.477900,0.911995,0.382453,-1.460657,1.604026,-0.954605,0.024751,1.413515,0.414628
"white",6,0.217110,-0.634718,0.890144,-0.666298,1.904171,-1.070782,-3.022152,-0.869785,-0.425393,-0.977109,-0.613650,0.281437
"white",7,0.217110,-0.607881,-0.468236,-0.874334,-0.843394,0.382453,1.537414,-0.756826,-0.226938,0.376280,-0.136670,0.033286
"white",5,0.217110,-0.607881,-0.060722,-0.250226,0.530389,0.382453,-1.023438,0.519616,-1.483818,0.692657,-0.315537,0.550938
"white",7,0.217110,-0.607881,0.007197,-1.172519,-0.614430,0.550134,0.538057,-0.937561,0.302275,-0.010402,-0.554027,0.106810
"white",6,0.217110,-0.607881,0.346792,-0.596953,-0.156502,-0.232377,-0.336380,-0.033885,-0.623848,0.218092,-0.315537,0.309132
"white",6,0.217110,-0.581043,0.007197,-0.822325,-0.919715,0.326559,0.038378,-0.327580,-0.491544,0.323551,-0.434782,0.652887
"white",7,0.217110,-0.581043,0.278873,-0.978352,-0.309145,-0.008803,-0.461300,-0.711642,0.037668,-0.326779,-0.911762,0.659289
"white",7,0.217110,-0.554206,-0.332398,-0.666298,-0.232824,0.661921,1.225115,-0.666458,-0.293090,0.112633,-0.375160,0.060249
"white",7,0.217110,-0.554206,-0.264479,-0.531075,-1.148679,0.885496,0.850356,0.417952,-0.623848,0.622351,-0.464594,0.225530
"white",7,0.217110,-0.554206,0.210954,-1.151715,-0.156502,0.047091,-0.398840,-0.824601,-0.359241,-0.027979,-0.673272,0.205428
"white",7,0.217110,-0.554206,0.210954,-0.475598,-0.232824,0.158878,-0.086541,-0.756826,0.037668,-0.238897,-0.911762,0.327642
"white",7,0.217110,-0.527369,-0.196560,-0.825792,-0.996036,2.171050,-0.586220,-0.192029,1.360700,0.516892,-0.732895,0.447621
"white",6,0.217110,-0.500532,-0.400317,-0.440926,-0.919715,0.494240,1.162655,-0.530907,-0.226938,1.272681,0.280688,0.608672
"white",7,0.217110,-0.500532,-0.128641,-0.950614,0.911995,0.829602,-0.586220,-0.847193,0.037668,0.130210,-0.732895,0.066287
"white",6,0.217110,-0.500532,1.161820,-0.250226,-0.156502,0.494240,-0.086541,0.192033,-0.359241,0.235668,-0.852140,0.218002
"white",5,0.217110,-0.473695,0.346792,-0.881269,0.072461,-0.232377,-1.335737,-0.869785,0.566881,-0.274050,-0.375160,0.449046
"white",6,0.217110,-0.473695,0.550549,-0.874334,0.530389,0.438347,-0.086541,-0.869785,0.037668,-0.133438,-0.792517,0.014019
"white",5,0.217110,-0.473695,2.316442,0.685936,-1.072357,-0.232377,2.724150,0.914973,0.103820,0.780539,-0.375160,0.489603
"white",4,0.217110,-0.446857,-0.671992,-0.395851,-0.690751,-0.008803,-1.085898,1.005341,-1.483818,-0.063132,-0.375160,0.694442
"white",6,0.217110,-0.446857,-0.332398,-0.142741,-1.148679,-0.344164,0.662977,1.457179,-1.483818,0.095057,-0.554027,0.499092
"white",7,0.217110,-0.446857,0.007197,-0.804989,-0.538109,0.047091,0.850356,-0.824601,0.037668,0.305974,-0.911762,0.084477
"white",5,0.217110,-0.446857,0.346792,-0.874334,0.530389,-0.791314,-0.273921,-0.869785,0.633033,-0.695885,-0.971385,0.009514
"white",5,0.217110,-0.446857,1.637253,-0.250226,0.454067,-1.238463,0.163298,-0.914969,-0.689999,-0.537697,0.608612,0.337376
"white",7,0.217110,-0.446857,2.859794,-1.013025,0.301425,-0.176483,-0.960979,-0.779417,-0.888454,-0.203744,-1.209875,0.614321
"white",6,0.217110,-0.393183,-0.264479,0.138108,-0.461787,1.332645,-0.273921,1.524954,-1.086909,0.393857,-0.911762,0.038811
"white",6,0.217110,-0.393183,0.143035,-0.947147,-0.843394,1.612114,0.288218,-0.508315,-0.425393,0.833269,-0.196292,0.201966
"white",6,0.217110,-0.393183,0.143035,-0.603887,-0.003860,-0.791314,-1.460657,0.304993,-0.888454,-0.063132,-1.031007,0.507284
"white",6,0.217110,-0.393183,0.278873,-1.071968,-0.919715,-0.958995,-0.024081,-0.779417,0.037668,-0.941956,-1.090630,0.287096
"white",6,0.217110,-0.393183,0.278873,-1.068501,-0.919715,-0.903101,-0.024081,-0.756826,0.037668,-0.941956,-1.031007,0.405396
"white",6,0.217110,-0.393183,0.754306,-0.551878,-0.232824,0.214772,-1.085898,0.304993,-0.160786,0.007174,-0.732895,0.255957
"white",5,0.217110,-0.393183,0.890144,-0.042190,1.980492,-1.070782,-1.835416,-0.779417,-0.491544,0.165362,0.101820,0.717633
"white",7,0.217110,-0.366346,-0.128641,-0.666298,-1.072357,0.606028,0.662977,0.079074,-0.756151,0.604774,-0.404971,0.686649
"white",5,0.217110,-0.366346,0.075116,-0.700971,-0.232824,1.835688,1.350035,-0.779417,-0.094635,0.604774,-0.911762,0.633808
"white",5,0.217110,-0.366346,0.346792,-0.818858,-0.156502,-0.791314,-0.273921,-0.802009,-0.226938,-0.186167,-0.971385,0.587669
"white",6,0.217110,-0.366346,0.618468,-0.465197,-0.767072,1.109071,0.038378,-0.011294,0.699184,1.290257,-0.375160,0.407740
"white",6,0.217110,-0.339509,-0.264479,-0.527607,-0.461787,-0.679526,1.225115,-0.395356,0.699184,-0.414661,-0.971385,0.134747
"white",5,0.217110,-0.312672,-0.536154,-0.173946,-0.309145,0.494240,1.912173,-0.779417,0.302275,0.868422,-0.554027,0.458972
"white",6,0.217110,-0.312672,-0.128641,-1.082370,-0.156502,0.773709,-1.460657,-0.734234,-0.557696,0.481739,-0.017425,0.303283
"white",7,0.217110,-0.312672,-0.060722,-0.700971,-0.003860,-0.567739,0.600517,-0.892377,-0.888454,-0.731038,-0.971385,0.366043
"white",5,0.217110,-0.312672,0.346792,0.231724,-0.690751,1.556220,-0.149001,1.524954,-1.219212,0.270821,-0.852140,0.063424
"white",6,0.217110,-0.312672,0.550549,-1.082370,-0.003860,0.047091,-2.147715,-0.824601,-1.020757,-0.151014,-0.613650,0.209278
"white",6,0.217110,-0.285834,-0.943668,-0.784185,-0.309145,0.047091,0.288218,-0.734234,0.103820,-0.010402,-1.090630,0.524201
"white",6,0.217110,-0.285834,-0.400317,0.255995,-0.690751,1.668007,0.225758,1.728281,-1.219212,0.499316,-0.852140,0.169664
"white",5,0.217110,-0.285834,-0.128641,0.093033,-0.614430,1.276752,-0.086541,1.389403,-1.285363,0.604774,-0.732895,0.728892
"white",6,0.217110,-0.285834,-0.060722,-0.444393,-1.072357,0.661921,0.538057,-0.124253,0.699184,0.165362,-0.673272,0.387297
"white",6,0.217110,-0.285834,-0.060722,-0.215553,-0.156502,-0.064696,0.225758,0.214625,-0.226938,-0.115861,-0.792517,0.627267
"white",4,0.217110,-0.285834,1.841009,-0.274497,1.140959,-1.126676,-1.023438,-0.756826,0.169971,-0.783767,-0.255915,0.274507
"white",6,0.217110,-0.258997,-0.264479,-0.302235,1.064637,0.438347,-0.773599,-0.530907,0.169971,0.622351,-1.031007,0.412026
"white",7,0.217110,-0.258997,1.161820,-1.082370,-0.385466,-0.008803,-1.897876,-0.824601,-0.756151,-0.010402,-0.792517,0.516122
"white",5,0.217110,-0.232160,-0.196560,0.103435,-0.690751,1.053177,-0.024081,1.502362,-1.020757,0.569622,-0.792517,0.561415
"white",6,0.217110,-0.232160,1.161820,0.027155,-0.614430,1.332645,2.099552,0.079074,-0.623848,0.868422,-1.180064,0.286448
"white",5,0.217110,-0.205323,0.346792,-0.784185,-0.080181,-0.120590,-0.461300,-0.802009,-0.094635,0.253245,-0.852140,0.066698
"white",6,0.217110,-0.178486,-0.332398,0.082632,-0.843394,1.164964,-0.024081,1.457179,-1.086909,0.323551,-0.613650,0.612811
"white",5,0.217110,-0.178486,0.143035,0.255995,-0.461787,1.612114,-0.024081,1.479770,-0.888454,0.446586,-0.732895,0.199935
"white",6,0.217110,-0.151648,-1.079506,0.387751,-1.377642,0.047091,1.100195,1.694393,-1.020757,0.007174,-0.822329,0.711057
"white",6,0.217110,-0.124811,-0.536154,-0.271030,-0.690751,0.326559,3.598588,-0.756826,0.831487,0.358704,-0.852140,0.388491
"white",5,0.217110,-0.124811,-0.468236,-0.354244,-0.309145,-0.455952,-0.836059,0.259809,0.037668,-0.151014,-0.852140,0.128720
"white",5,0.217110,-0.097974,0.278873,-0.836194,-0.614430,-0.120590,0.538057,-0.847193,-0.557696,1.255104,-0.375160,0.212380
"white",6,0.217110,-0.071137,-0.264479,-0.735643,-0.232824,0.158878,-0.398840,-0.463131,-0.888454,-0.274050,-0.911762,0.240352
"white",6,0.217110,-0.071137,0.007197,-0.250226,-0.309145,0.550134,-0.149001,0.192033,0.236123,0.657504,-0.732895,0.198114
"white",6,0.217110,-0.044300,-0.739911,-0.236357,-0.461787,0.717815,-0.461300,0.372768,-0.094635,0.745386,-1.090630,0.658963
"white",6,0.217110,0.170398,-2.166210,-1.082370,-0.843394,0.326559,0.288218,-0.779417,0.897639,-0.484967,0.399933,0.126193
"white",6,0.217110,0.707142,0.278873,-0.111535,-0.156502,-1.126676,0.662977,-0.033885,-1.086909,0.323551,-0.613650,0.495788
"white",6,0.217110,0.868165,-0.332398,-0.770316,-0.919715,0.550134,1.662334,-0.802009,0.566881,0.499316,-0.971385,0.477640
"white",5,0.301306,-0.849415,0.210954,-0.721774,0.148782,-1.126676,-2.709853,0.237217,-0.094635,-1.311062,-0.852140,0.497308
"white",7,0.301306,-0.768904,-0.196560,-0.489467,-0.538109,-0.791314,-0.461300,0.530912,0.169971,-0.484967,-0.732895,0.238462
"white",6,0.301306,-0.742067,-0.060722,-0.610822,0.225104,1.276752,-1.210818,0.327585,-1.020757,0.798116,-0.971385,0.250967
"white",7,0.301306,-0.715229,-0.400317,-1.394424,-1.225000,-1.014888,0.163298,-0.824601,-1.086909,-0.678309,-0.911762,0.597554
"white",5,0.301306,-0.715229,0.007197,-0.562280,0.148782,-0.400058,-0.336380,-0.756826,0.831487,0.235668,-0.255915,0.421911
"white",7,0.301306,-0.688392,-0.332398,-1.394424,-1.072357,-1.014888,0.163298,-0.824601,-1.153060,-0.660732,-0.852140,0.622967
"white",6,0.301306,-0.688392,-0.264479,-1.130912,-1.225000,0.158878,1.662334,-0.869785,0.302275,-0.309203,-0.077047,0.740890
"white",6,0.301306,-0.688392,-0.196560,-0.895138,0.225104,-0.344164,-1.398197,-0.553499,0.037668,-0.291626,-0.673272,0.424610
"white",5,0.301306,-0.661555,0.958063,-0.527607,1.064637,-0.958995,-2.085255,0.237217,-1.285363,-1.293485,-0.434782,0.336305
"white",6,0.301306,-0.634718,-0.604073,-0.042190,-0.996036,-0.455952,0.975276,0.643871,0.368426,0.270821,-0.792517,0.424265
"white",6,0.301306,-0.634718,-0.264479,-0.423589,-0.843394,0.885496,1.287575,-0.124253,-0.293090,0.622351,-1.031007,0.335023
"white",6,0.301306,-0.607881,-0.060722,-0.811923,-0.843394,0.661921,0.100838,-0.259804,-0.491544,0.393857,-0.434782,0.702147
"white",5,0.301306,-0.581043,-0.060722,-0.666298,0.148782,-0.400058,-0.960979,-0.756826,-1.020757,-0.080708,-0.315537,0.411309
"white",5,0.301306,-0.554206,0.958063,-0.652429,-0.385466,-0.847207,0.912816,-0.779417,-0.293090,-0.397085,-1.209875,0.158457
"white",4,0.301306,-0.527369,-2.166210,-1.456835,-0.919715,-0.008803,-0.773599,-0.960152,-0.888454,-0.344355,1.473138,0.326241
"white",7,0.301306,-0.527369,-0.264479,-1.311210,-0.996036,0.326559,0.662977,-0.824601,-0.756151,-0.555273,-1.329120,0.700849
"white",6,0.301306,-0.527369,-0.128641,-0.132339,-0.080181,-0.064696,-0.960979,1.095708,-0.756151,0.165362,0.280688,0.553798
"white",6,0.301306,-0.473695,-0.196560,-1.047697,-0.461787,-0.958995,-1.085898,-0.824601,-0.293090,-0.836497,-0.494405,0.315945
"white",6,0.301306,-0.446857,0.346792,-1.394424,-0.690751,0.382453,-1.398197,-0.892377,-0.954605,-0.010402,-0.524216,0.594327
"white",6,0.301306,-0.420020,-0.264479,-0.118470,-0.538109,-0.064696,-1.523117,1.445883,-1.549970,-0.098285,-0.255915,0.257623
"white",6,0.301306,-0.420020,0.346792,-1.037296,-0.843394,-0.344164,-0.273921,-0.553499,-0.226938,-0.274050,-0.911762,0.677365
"white",6,0.301306,-0.393183,-0.332398,-1.241864,-0.614430,0.270666,-1.210818,-0.666458,0.633033,-0.256473,-0.673272,0.402535
"white",6,0.301306,-0.393183,-0.264479,-0.232890,0.225104,-0.511845,0.850356,-0.033885,0.236123,0.710233,-0.077047,0.573868
"white",6,0.301306,-0.393183,0.278873,0.072230,-0.385466,0.661921,0.725436,0.756830,-0.094635,0.147786,-0.613650,0.145747
"white",5,0.301306,-0.339509,-0.536154,-0.562280,0.606710,-0.567739,0.350678,-0.869785,-0.756151,-0.221320,-0.434782,0.327269
"white",6,0.301306,-0.339509,-0.468236,-0.839661,-0.843394,-0.344164,1.037735,-0.779417,0.368426,0.007174,-0.613650,0.186244
"white",7,0.301306,-0.339509,0.278873,0.477900,-0.080181,-0.567739,-0.398840,1.276443,-0.623848,-0.432238,-1.090630,0.016662
"white",4,0.301306,-0.339509,1.161820,-0.596953,0.759352,-0.064696,0.100838,-0.914969,-1.153060,0.059904,-0.315537,0.539299
"white",6,0.301306,-0.312672,0.075116,-0.111535,0.225104,-0.008803,0.600517,-0.011294,-0.623848,0.288398,0.221065,0.740740
"white",6,0.301306,-0.312672,0.210954,-1.186388,-0.614430,0.494240,0.538057,-0.914969,-1.219212,-0.115861,-0.971385,0.666441
"white",6,0.301306,-0.312672,0.686387,-0.756447,-0.309145,-0.344164,-0.836059,-0.869785,2.220670,0.200515,-0.792517,0.402197
"white",6,0.301306,-0.285834,-0.264479,0.737945,-0.003860,-1.350250,-0.336380,2.293078,-0.954605,-1.293485,-0.434782,0.490004
"white",6,0.301306,-0.285834,1.637253,-0.735643,-0.843394,0.885496,0.538057,-0.530907,0.236123,1.219951,-0.255915,0.744449
"white",5,0.301306,-0.205323,-0.060722,-0.527607,0.606710,-0.344164,-0.773599,0.124258,-0.756151,-0.309203,-0.732895,0.543305
"white",7,0.301306,-0.205323,0.346792,-0.735643,-0.003860,-0.400058,-0.398840,-0.779417,-0.359241,-0.361932,-0.792517,0.309835
"white",5,0.301306,-0.097974,2.384361,0.477900,0.072461,-1.126676,-0.211461,0.734238,-0.226938,-0.256473,0.042198,0.223845
"white",6,0.301306,-0.044300,-0.264479,-0.180881,-0.843394,1.444433,-0.024081,1.118300,-1.219212,0.288398,-0.554027,0.742292
"white",7,0.301306,0.009375,0.075116,-1.221061,-0.767072,-0.511845,0.600517,-0.892377,-0.491544,-0.572850,-1.090630,0.300157
"white",6,0.301306,0.063049,-0.400317,0.339209,0.454067,0.102985,-1.148358,1.005341,-0.689999,1.114492,0.340310,0.102309
"white",7,0.357438,-0.232160,0.618468,-0.284899,-0.919715,1.388539,-0.836059,1.299035,0.368426,0.604774,-0.315537,0.441037
"white",5,0.368664,-0.366346,-0.875749,-0.066461,-0.614430,-0.120590,0.038378,0.960157,-0.028483,0.534469,0.459555,0.633356
"white",6,0.385503,-1.117787,0.007197,-0.603887,0.454067,0.941390,-1.460657,0.530912,-0.954605,0.165362,-0.911762,0.526158
"white",6,0.385503,-1.037276,-0.128641,-0.250226,0.301425,-0.400058,-0.898519,0.937565,-1.616121,-0.326779,-0.434782,0.553165
"white",7,0.385503,-0.956764,-0.332398,-0.035255,0.301425,1.500326,-0.898519,0.847198,-1.020757,0.727810,-0.196292,0.376816
"white",7,0.385503,-0.929927,-0.332398,-0.801521,-1.606606,0.773709,0.850356,0.372768,-0.954605,0.253245,-0.077047,0.021846
"white",6,0.385503,-0.849415,-0.196560,-0.562280,-0.385466,-0.232377,0.350678,0.169441,-0.028483,-0.713462,-0.494405,0.702094
"white",6,0.385503,-0.849415,-0.128641,-1.207192,-0.385466,-0.735420,-0.711139,-0.824601,-0.623848,-0.678309,-0.852140,0.518796
"white",6,0.385503,-0.822578,-0.264479,-0.499869,-1.606606,-0.176483,0.850356,0.734238,-1.086909,-0.133438,-0.315537,0.455531
"white",6,0.385503,-0.822578,0.278873,-1.151715,-0.385466,1.835688,0.288218,-0.892377,-0.359241,0.499316,-0.911762,0.189597
"white",7,0.385503,-0.795741,-0.332398,-0.707905,0.072461,0.270666,0.975276,-0.779417,0.037668,0.376280,-0.911762,0.132077
"white",6,0.385503,-0.742067,-0.943668,-1.359751,-1.148679,-0.232377,1.350035,-0.824601,-1.086909,-0.186167,-0.136670,0.235208
"white",6,0.385503,-0.715229,0.143035,-0.874334,0.148782,-0.008803,-1.585577,-0.530907,-0.028483,-0.133438,-0.971385,0.146274
"white",6,0.385503,-0.715229,0.618468,-0.291833,-0.232824,-0.008803,-0.024081,0.666463,0.037668,-0.010402,-0.673272,0.604965
"white",7,0.385503,-0.715229,1.161820,-0.180881,0.148782,-0.232377,-1.460657,0.960157,-1.417666,0.305974,-0.911762,0.584495
"white",7,0.385503,-0.688392,-0.943668,-1.290406,-1.072357,0.550134,1.225115,-0.869785,-0.888454,-0.010402,-0.494405,0.116737
"white",6,0.385503,-0.688392,-0.807830,-0.909007,-0.919715,1.053177,1.162655,-0.734234,-0.028483,0.780539,-0.077047,0.706895
"white",6,0.385503,-0.688392,-0.128641,-1.238397,-0.461787,-0.958995,-0.336380,-0.892377,0.302275,-0.731038,-1.031007,0.668581
"white",6,0.385503,-0.688392,-0.128641,-1.169052,-1.072357,-0.511845,1.350035,-0.802009,0.103820,-1.012262,-0.852140,0.122663
"white",6,0.385503,-0.688392,-0.128641,-0.541476,-0.843394,0.158878,-0.024081,0.609983,-0.491544,0.429010,-0.375160,0.383682
"white",6,0.385503,-0.688392,0.278873,-0.492935,-0.232824,0.438347,0.787896,-0.802009,0.169971,0.569622,-0.852140,0.502463
"white",6,0.385503,-0.688392,0.278873,1.032663,-0.232824,0.550134,-0.149001,3.558223,-1.351515,0.429010,-0.613650,0.460318
"white",4,0.385503,-0.661555,-1.894534,-1.442966,-0.919715,-1.238463,-0.523760,-0.960152,-0.888454,-1.135297,1.622194,0.051276
"white",6,0.385503,-0.661555,-0.943668,-1.172519,-1.682927,0.550134,-0.273921,-0.101661,-0.888454,0.165362,-0.077047,0.080504
"white",6,0.385503,-0.661555,-0.671992,-0.167012,-0.614430,1.276752,0.100838,0.530912,0.302275,1.009034,-0.852140,0.681652
"white",6,0.385503,-0.634718,-0.128641,-1.189855,0.835674,-0.567739,-1.273278,-0.892377,-0.160786,-1.012262,-0.971385,0.004775
"white",8,0.385503,-0.634718,0.075116,-1.359751,-1.453963,-0.288271,2.286932,-0.847193,-1.020757,-0.309203,-0.613650,0.605764
"white",6,0.385503,-0.607881,0.278873,-1.311210,-0.690751,-0.232377,-0.398840,-0.869785,-0.160786,-0.063132,-0.971385,0.624362
"white",7,0.385503,-0.607881,0.346792,-1.117043,-0.385466,0.270666,0.163298,-0.576091,-0.226938,-0.449814,-0.792517,0.717075
"white",7,0.385503,-0.607881,1.161820,-0.215553,0.072461,-0.064696,-1.460657,0.982749,-1.417666,0.341127,-0.732895,0.132509
"white",7,0.385503,-0.581043,-0.128641,-0.631625,-0.690751,-1.238463,0.288218,0.146850,-0.822302,-0.309203,0.042198,0.244787
"white",6,0.385503,-0.581043,1.637253,-0.943679,-0.156502,-0.567739,0.038378,-0.689050,-0.028483,-0.344355,-0.554027,0.304822
"white",6,0.385503,-0.554206,-0.332398,-0.184348,0.301425,-0.400058,0.725436,0.169441,0.037668,-0.098285,-0.196292,0.732548
"white",6,0.385503,-0.554206,0.007197,-1.234930,-0.767072,2.450518,-0.024081,-0.892377,-0.822302,1.219951,-1.090630,0.475670
"white",6,0.385503,-0.554206,0.075116,-0.596953,-0.003860,0.270666,0.163298,-0.463131,-0.888454,0.305974,-0.792517,0.349531
"white",5,0.385503,-0.554206,0.278873,-0.250226,0.225104,0.717815,-1.148358,0.440544,-1.417666,0.815692,-0.673272,0.478028
"white",6,0.385503,-0.554206,0.686387,-1.290406,-0.614430,-0.064696,-0.273921,-0.914969,-0.094635,-0.027979,-1.090630,0.555779
"white",7,0.385503,-0.527369,-0.332398,-1.013025,-0.614430,-0.567739,1.474954,-0.802009,-0.756151,-0.291626,-1.031007,0.073882
"white",7,0.385503,-0.527369,-0.196560,-0.874334,-0.003860,0.382453,0.288218,-0.643866,0.699184,-0.221320,-0.613650,0.622214
"white",6,0.385503,-0.527369,-0.128641,-0.076863,0.377746,-0.064696,0.975276,0.033890,-0.623848,0.288398,0.280688,0.633989
"white",6,0.385503,-0.527369,0.210954,-0.222488,-0.156502,0.047091,-0.586220,0.847198,-0.293090,-0.203744,-0.852140,0.474293
"white",5,0.385503,-0.527369,0.414711,-0.943679,-0.003860,-0.511845,-0.086541,-0.914969,-1.086909,-0.713462,-0.852140,0.160811
"white",7,0.385503,-0.527369,1.161820,-0.250226,0.148782,-0.847207,-0.149001,0.372768,-1.020757,-0.080708,-0.911762,0.186368
"white",5,0.385503,-0.500532,-0.604073,-0.735643,-0.996036,0.661921,-0.461300,-0.192029,-0.226938,0.077480,-0.255915,0.676582
"white",7,0.385503,-0.500532,0.414711,-1.151715,-0.614430,-0.623633,-0.336380,-0.485723,-1.219212,-0.221320,-0.196292,0.452691
"white",7,0.385503,-0.473695,-0.332398,-0.950614,-0.538109,0.326559,0.975276,-0.779417,0.236123,0.024751,-0.732895,0.686929
"white",6,0.385503,-0.473695,0.210954,-1.290406,-0.232824,-0.064696,-0.586220,-0.847193,-0.094635,1.342987,-0.554027,0.151694
"white",7,0.385503,-0.473695,0.210954,-0.818858,-0.614430,0.717815,-0.273921,-0.101661,-0.888454,0.569622,-0.673272,0.510505
"white",5,0.385503,-0.446857,-0.536154,-0.770316,-0.156502,-0.511845,0.787896,-0.711642,-1.020757,0.516892,0.042198,0.565401
"white",7,0.385503,-0.446857,0.143035,0.630460,0.377746,0.606028,-0.960979,2.033271,0.368426,-0.010402,-1.388742,0.076175
"white",6,0.385503,-0.446857,0.143035,1.067336,-0.156502,-1.014888,-0.960979,3.332304,-1.020757,-0.836497,0.638423,0.460187
"white",6,0.385503,-0.446857,0.414711,0.304537,-0.919715,-0.064696,1.537414,1.050525,-0.359241,0.165362,-0.077047,0.238607
"white",6,0.385503,-0.420020,0.550549,-0.638560,-0.538109,1.053177,-0.086541,0.508320,-0.689999,0.007174,-0.792517,0.070076
"white",5,0.385503,-0.420020,1.161820,-0.631625,-0.232824,-0.847207,0.163298,-0.824601,0.633033,0.868422,-0.792517,0.472472
"white",6,0.385503,-0.393183,3.131470,-0.059526,-0.156502,-0.511845,-1.335737,1.095708,0.103820,2.397576,-0.077047,0.135538
"white",6,0.385503,-0.366346,-0.060722,-1.019959,-0.690751,-0.008803,1.662334,-0.869785,0.963790,0.042327,-0.792517,0.404190
"white",5,0.385503,-0.366346,0.414711,-0.541476,0.301425,-1.126676,-0.336380,-0.666458,0.765336,-0.291626,-0.255915,0.440718
"white",6,0.385503,-0.366346,1.025982,-0.957548,-0.156502,-0.679526,-0.211461,-0.847193,-0.557696,0.288398,-0.613650,0.127113
"white",6,0.385503,-0.339509,-0.739911,-1.089305,-1.072357,-0.511845,0.475597,-0.802009,0.236123,-0.080708,-0.673272,0.160514
"white",6,0.385503,-0.339509,-0.739911,-1.075436,-1.148679,-0.511845,0.475597,-0.802009,0.368426,-0.115861,-0.554027,0.289927
"white",7,0.385503,-0.339509,0.007197,-0.926343,-0.538109,0.214772,0.912816,-0.689050,0.963790,-0.432238,-0.255915,0.200403
"white",7,0.385503,-0.312672,-0.196560,-0.950614,-1.377642,2.171050,3.348748,-0.869785,0.633033,0.657504,-0.732895,0.259672
"white",6,0.385503,-0.312672,0.075116,-1.082370,0.606710,2.282837,-0.960979,-0.869785,-0.425393,0.833269,-1.209875,0.082288
"white",6,0.385503,-0.312672,0.890144,-0.978352,0.530389,-0.735420,-0.586220,-0.802009,-0.954605,-0.326779,-0.911762,0.347176
"white",6,0.385503,-0.312672,1.161820,0.304537,0.530389,0.997283,-1.148358,0.598687,0.103820,1.413293,-0.375160,0.427086
"white",6,0.385503,-0.285834,0.075116,-0.791120,-0.919715,-0.344164,-1.148358,0.598687,-1.020757,0.077480,1.055780,0.296383
"white",5,0.385503,-0.285834,0.143035,-0.531075,-0.461787,-0.008803,-0.024081,0.124258,-1.020757,0.446586,-0.792517,0.405800
"white",3,0.385503,-0.258997,-0.671992,-0.735643,-0.080181,6.474862,0.100838,-0.689050,-1.086909,3.381858,0.876913,0.742499
"white",7,0.385503,-0.258997,-0.400317,-1.019959,-0.767072,0.661921,1.599874,-0.892377,0.434578,0.077480,-0.852140,0.095926
"white",7,0.385503,-0.258997,-0.196560,-1.221061,-1.225000,0.158878,0.725436,-0.869785,-0.226938,0.218092,-0.643461,0.036698
"white",6,0.385503,-0.258997,0.075116,-0.586551,-0.309145,0.661921,-0.648679,-0.033885,0.169971,0.270821,-0.911762,0.392145
"white",6,0.385503,-0.232160,0.007197,-0.950614,0.911995,1.612114,-0.773599,-0.847193,0.103820,-0.027979,-0.673272,0.186110
"white",6,0.385503,-0.232160,0.007197,-0.593485,-0.843394,0.941390,-0.024081,0.259809,0.434578,0.815692,-0.434782,0.105467
"white",6,0.385503,-0.232160,0.007197,-0.590018,-0.767072,0.941390,-0.086541,0.282401,0.434578,0.780539,-0.434782,0.372802
"white",7,0.385503,-0.232160,0.143035,0.009819,-0.385466,0.102985,0.163298,0.869790,0.037668,-0.063132,-0.375160,0.089460
"white",7,0.385503,-0.232160,0.618468,-0.284899,-0.919715,1.388539,-0.836059,1.299035,0.368426,0.604774,-0.315537,0.167161
"white",6,0.385503,-0.205323,-0.400317,-0.596953,-0.919715,-0.455952,-0.461300,0.395360,-0.756151,-0.379508,-0.852140,0.545329
"white",6,0.385503,-0.205323,0.143035,-1.252266,-0.385466,0.326559,-1.273278,-0.824601,-0.226938,-0.045555,-0.792517,0.160928
"white",5,0.385503,-0.151648,-0.536154,-0.506804,-0.767072,0.214772,0.850356,-0.214620,-0.094635,0.604774,-0.136670,0.160465
"white",6,0.385503,-0.151648,-0.400317,-0.402786,-1.225000,1.164964,1.537414,0.112962,-0.226938,0.429010,-1.150252,0.618134
"white",6,0.385503,-0.151648,-0.196560,-0.271030,-0.690751,0.550134,1.287575,0.395360,0.368426,0.499316,-0.375160,0.457929
"white",3,0.385503,-0.151648,0.210954,-1.013025,-0.767072,-0.344164,0.912816,-0.982744,-0.689999,-0.063132,-0.673272,0.406579
"white",6,0.385503,-0.151648,1.161820,-0.943679,0.835674,-1.070782,-1.023438,-0.869785,-0.491544,0.393857,-0.911762,0.665378
"white",6,0.385503,-0.151648,1.161820,0.304537,0.683031,1.164964,-0.773599,0.689055,-0.094635,1.589057,-0.852140,0.406487
"white",7,0.385503,-0.124811,0.414711,0.061828,-0.461787,-0.008803,0.600517,0.643871,0.169971,0.534469,-0.852140,0.275575
"white",6,0.385503,-0.097974,0.075116,-0.874334,0.454067,0.326559,-0.149001,-0.598682,0.103820,1.061763,-0.434782,0.736882
"white",6,0.385503,-0.097974,0.550549,-1.179454,-0.614430,1.723901,-0.336380,-0.847193,0.963790,0.552045,-1.150252,0.255939
"white",7,0.385503,-0.071137,0.210954,-0.572682,-0.309145,1.276752,-0.773599,0.079074,0.037668,0.499316,-0.971385,0.125706
"white",8,0.385503,-0.044300,0.278873,-0.465197,-0.156502,0.661921,-0.711139,0.304993,-0.226938,0.147786,-1.031007,0.605306
"white",3,0.385503,0.009375,0.210954,1.934152,1.064637,0.270666,-1.148358,2.372150,0.633033,4.418871,1.234648,0.586585
"white",7,0.385503,0.063049,-0.128641,0.564582,-0.385466,-0.344164,1.474954,0.779422,0.699184,0.657504,-0.017425,0.636010
"white",7,0.385503,0.063049,0.346792,-0.451327,-0.003860,0.941390,-0.898519,0.417952,-0.491544,0.235668,-1.031007,0.346038
"white",5,0.385503,0.975514,-0.400317,-0.735643,-0.767072,0.550134,1.350035,-0.756826,0.831487,0.815692,-0.852140,0.374467
"white",5,0.427601,-0.822578,0.278873,0.373882,0.835674,-0.958995,-0.586220,0.847198,-1.219212,-0.959532,-1.209875,0.127086
"white",8,0.469699,-1.010438,0.007197,-0.354244,-0.309145,1.332645,0.163298,0.451840,-1.086909,1.290257,-0.911762,0.134255
"white",6,0.469699,-0.956764,0.414711,-0.395851,0.225104,-0.400058,-0.586220,0.146850,0.566881,0.182939,-0.494405,0.231906
"white",6,0.469699,-0.929927,0.143035,-1.151715,-0.385466,-0.455952,0.038378,-0.914969,0.236123,-0.361932,-0.911762,0.725908
"white",7,0.469699,-0.929927,0.890144,-0.388917,1.217280,-0.903101,-1.335737,0.214625,-1.351515,-1.152874,-0.375160,0.177007
"white",6,0.469699,-0.903090,-0.264479,-1.352817,0.683031,1.053177,-1.897876,-0.937561,-1.153060,-0.484967,-0.852140,0.503487
"white",5,0.469699,-0.822578,-0.739911,-0.721774,0.225104,0.158878,-1.897876,0.338881,-1.219212,0.499316,-0.255915,0.502951
"white",8,0.469699,-0.822578,0.414711,-1.082370,-0.461787,0.550134,0.163298,-0.643866,-0.888454,-0.186167,-0.792517,0.513202
"white",8,0.469699,-0.795741,0.822225,-0.527607,-0.003860,-0.288271,-1.273278,0.463136,-1.285363,0.200515,-0.494405,0.473210
"white",7,0.469699,-0.768904,-0.264479,-1.318144,-0.843394,-0.455952,-0.398840,-0.576091,-1.086909,-0.291626,-1.031007,0.351107
"white",7,0.469699,-0.715229,-0.468236,-1.151715,-0.767072,0.270666,0.475597,-0.824601,-0.623848,-0.168591,-0.554027,0.384084
"white",5,0.469699,-0.688392,1.161820,-0.943679,0.225104,-1.238463,-1.023438,-0.847193,0.566881,-0.309203,-0.852140,0.073573
"white",5,0.469699,-0.661555,-0.468236,-0.721774,0.072461,-0.008803,-2.022795,0.361472,-1.086909,0.411433,-0.196292,0.011249
"white",5,0.469699,-0.661555,-0.264479,-1.207192,1.064637,-0.288271,-1.460657,-0.960152,-1.020757,-0.643156,-0.971385,0.164311
"white",7,0.469699,-0.607881,-0.196560,-1.789693,-1.072357,0.214772,-0.523760,-0.937561,-1.153060,-0.449814,-0.732895,0.245633
"white",4,0.469699,-0.554206,-1.283263,-0.486000,-0.232824,-0.623633,-0.836059,0.282401,-1.880728,-1.135297,2.427098,0.338373
"white",8,0.469699,-0.554206,-0.060722,-1.273070,-0.919715,-0.903101,0.725436,-0.824601,0.302275,-0.695885,-0.971385,0.403775
"white",7,0.469699,-0.527369,-0.060722,-1.151715,-0.843394,1.388539,1.162655,-0.847193,-0.822302,0.534469,-1.418554,0.106699
"white",7,0.469699,-0.527369,0.143035,-0.770316,0.225104,0.158878,-0.773599,-0.553499,-0.293090,0.182939,-0.911762,0.737020
"white",5,0.469699,-0.527369,0.346792,0.096501,-0.232824,-0.791314,-1.085898,0.914973,0.037668,-0.678309,-0.375160,0.483874
"white",6,0.469699,-0.527369,1.161820,-0.874334,0.148782,0.158878,-0.461300,-0.892377,0.037668,0.727810,-0.434782,0.254264
"white",7,0.469699,-0.527369,1.841009,-0.943679,-0.156502,0.550134,0.725436,-0.824601,-0.822302,0.095057,-0.494405,0.126223
"white",6,0.469699,-0.500532,-0.400317,-1.134379,-0.919715,0.102985,1.474954,-0.847193,-0.689999,0.411433,-0.434782,0.723290
"white",6,0.469699,-0.500532,0.414711,-0.978352,-0.003860,-0.679526,-0.211461,-0.869785,-0.689999,-0.080708,-1.150252,0.447565
"white",5,0.469699,-0.473695,-0.264479,-0.967950,-0.156502,-1.014888,-0.273921,-0.824601,0.765336,-0.555273,-0.375160,0.121415
"white",7,0.469699,-0.473695,0.346792,-0.839661,-0.614430,0.606028,-0.273921,-0.124253,-0.888454,0.569622,-0.554027,0.100213
"white",7,0.469699,-0.473695,0.890144,-1.363219,-0.232824,0.326559,-0.960979,-0.824601,-0.425393,0.130210,-0.255915,0.360640
"white",6,0.469699,-0.420020,-0.128641,-0.420122,-0.614430,0.661921,-0.024081,0.485728,-0.293090,0.938728,-0.077047,0.056698
"white",6,0.469699,-0.420020,-0.060722,-1.082370,0.683031,1.053177,-1.460657,-0.892377,-0.557696,0.147786,-0.255915,0.038806
"white",6,0.469699,-0.420020,0.143035,-0.406253,0.301425,0.661921,0.787896,-0.734234,0.831487,0.587198,-0.852140,0.280212
"white",6,0.469699,-0.393183,-0.264479,-1.082370,-0.614430,0.158878,0.538057,-0.643866,-0.689999,-0.379508,-1.090630,0.639365
"white",8,0.469699,-0.339509,-0.196560,-0.180881,0.148782,0.047091,0.475597,0.079074,-0.226938,0.130210,0.340310,0.015936
"white",6,0.469699,-0.285834,-0.264479,-0.877801,-0.538109,-0.232377,1.287575,-0.824601,-0.359241,-0.854073,-0.792517,0.277322
"white",7,0.469699,-0.258997,-0.128641,-0.943679,-0.232824,0.885496,0.787896,-0.779417,-1.020757,0.305974,-0.375160,0.290386
"white",6,0.469699,-0.258997,0.075116,-1.082370,-0.309145,-0.567739,-0.773599,-0.711642,-0.491544,-0.238897,-0.673272,0.701613
"white",6,0.469699,-0.258997,0.210954,-1.182921,-0.309145,0.550134,-0.960979,-0.802009,1.228397,0.042327,-1.209875,0.264640
"white",6,0.469699,-0.258997,0.210954,-0.388917,0.301425,0.717815,0.850356,-0.779417,1.029942,0.692657,-1.031007,0.449350
"white",5,0.469699,-0.258997,1.161820,-0.950614,0.301425,-0.567739,-0.461300,-0.576091,-0.359241,0.270821,-0.792517,0.482441
"white",6,0.469699,-0.232160,0.007197,-1.047697,-0.156502,-0.288271,-0.711139,-0.734234,-0.425393,-0.027979,-0.673272,0.165671
"white",7,0.469699,-0.205323,1.161820,-0.146208,0.225104,1.723901,-0.523760,0.598687,-1.549970,1.659363,-0.673272,0.492131
"white",6,0.469699,-0.178486,-0.468236,-1.224528,-1.148679,3.736073,1.350035,-0.892377,0.566881,1.061763,-0.732895,0.074412
"white",5,0.469699,-0.178486,0.618468,-1.106641,0.225104,-0.232377,-0.211461,-0.869785,-0.094635,0.288398,-0.852140,0.124643
"white",7,0.469699,-0.178486,0.686387,-1.165584,-0.576269,1.164964,0.288218,-0.869785,1.029942,0.253245,-1.209875,0.668768
"white",5,0.469699,-0.124811,0.414711,-1.151715,-0.003860,-0.400058,-0.586220,-0.689050,-0.094635,0.727810,-0.375160,0.738556
"white",6,0.469699,-0.097974,0.482630,-0.992221,-0.003860,-0.232377,-0.273921,-0.802009,-0.425393,-0.151014,-0.673272,0.527439
"white",4,0.469699,-0.071137,-0.807830,-0.444393,-0.309145,-0.288271,-0.648679,0.350176,-1.682273,-0.871650,2.307853,0.731125
"white",6,0.469699,-0.044300,-0.739911,-1.082370,-0.919715,0.661921,0.600517,-0.847193,-0.689999,0.938728,-0.315537,0.373486
"white",5,0.469699,0.063049,0.007197,-0.687102,-0.538109,0.214772,-0.273921,0.361472,-0.756151,-0.186167,-0.494405,0.320934
"white",7,0.469699,0.063049,0.143035,0.616591,-0.232824,0.326559,1.474954,0.530912,0.566881,1.044187,-0.196292,0.116885
"white",6,0.469699,0.143561,-0.332398,-1.089305,-1.072357,-0.735420,0.038378,-0.779417,-1.219212,0.446586,-0.315537,0.017109
"white",5,0.469699,0.197235,0.958063,-0.735643,-0.309145,0.382453,0.912816,-0.824601,-0.557696,0.798116,-0.971385,0.164496
"white",7,0.469699,0.626630,-0.332398,-0.250226,0.072461,0.214772,0.038378,-0.101661,-0.954605,1.009034,-1.269497,0.634491
"white",7,0.553896,-1.037276,0.143035,0.075697,1.140959,-0.400058,-0.648679,-0.056477,-0.293090,0.218092,-0.255915,0.303212
"white",6,0.553896,-0.903090,-0.196560,-1.332013,-1.225000,-0.623633,0.163298,-0.440539,-0.160786,-0.449814,-0.673272,0.501243
"white",6,0.553896,-0.849415,0.075116,-1.047697,0.148782,-0.176483,-0.086541,-0.824601,-1.351515,-1.047415,0.101820,0.567464
"white",6,0.553896,-0.822578,-0.196560,-0.933278,-0.461787,0.270666,0.912816,-0.734234,-0.359241,0.235668,-0.792517,0.285233
"white",6,0.553896,-0.795741,-0.196560,-1.335481,-1.301321,-0.791314,0.038378,-0.463131,0.169971,-0.221320,-0.196292,0.485241
"white",8,0.553896,-0.795741,0.890144,-0.874334,-1.530285,-0.511845,2.037092,-0.282396,-0.293090,0.235668,-0.613650,0.021551
"white",6,0.553896,-0.768904,-0.196560,-0.333440,-0.614430,-0.735420,-0.273921,1.299035,-1.086909,0.059904,-0.434782,0.730575
"white",4,0.553896,-0.742067,-1.419101,-1.304275,-1.453963,-1.350250,1.787253,-0.892377,-0.359241,-1.117721,0.519178,0.377524
"white",7,0.553896,-0.742067,0.278873,-1.130912,-0.156502,-0.120590,-0.711139,-0.553499,-1.086909,-0.291626,-1.090630,0.716091
"white",5,0.553896,-0.715229,-0.400317,-0.173946,-0.538109,-1.573825,-0.960979,1.344219,-1.153060,-0.572850,-0.434782,0.501943
"white",6,0.553896,-0.715229,-0.332398,-0.832727,0.683031,0.717815,-0.398840,-0.169437,-1.351515,0.147786,-0.494405,0.643226
"white",6,0.553896,-0.715229,1.025982,-0.804989,-1.225000,-0.623633,2.099552,-0.124253,-0.557696,-0.045555,-0.911762,0.110022
"white",7,0.553896,-0.688392,-1.487020,-1.359751,-1.225000,-0.567739,0.850356,-0.847193,-0.160786,-0.818920,-0.017425,0.174227
"white",6,0.553896,-0.688392,1.161820,-0.284899,0.072461,0.997283,-1.335737,1.095708,-1.682273,0.815692,-0.732895,0.209480
"white",7,0.553896,-0.661555,0.007197,-1.186388,-0.767072,-0.008803,0.350678,-0.756826,-0.822302,0.270821,-0.255915,0.161488
"white",5,0.553896,-0.661555,0.346792,-0.926343,-0.919715,1.835688,0.600517,-0.869785,-0.623848,0.587198,-1.209875,0.259188
"white",8,0.553896,-0.634718,-0.468236,-1.415228,0.606710,-0.847207,-1.523117,-0.892377,-0.954605,-0.502544,-1.269497,0.469686
"white",7,0.553896,-0.634718,-0.196560,-1.110108,-0.232824,-0.903101,-0.773599,-0.621274,0.302275,-0.572850,-1.150252,0.447306
"white",6,0.553896,-0.634718,0.007197,-1.637133,-1.072357,-0.455952,-1.210818,-0.756826,-1.020757,-0.326779,0.101820,0.201542
"white",5,0.553896,-0.607881,-0.604073,-0.375048,0.835674,-1.350250,-1.085898,0.361472,-0.359241,0.762963,0.876913,0.433293
"white",6,0.553896,-0.607881,-0.264479,-1.248799,-1.072357,-1.182569,-0.086541,-0.847193,-0.094635,-0.361932,-0.971385,0.268083
"white",6,0.553896,-0.607881,-0.128641,-0.874334,-0.461787,-0.847207,0.975276,-0.779417,-0.623848,-0.643156,-1.090630,0.554929
"white",4,0.553896,-0.554206,-1.487020,-1.283472,-1.453963,-1.070782,1.599874,-0.847193,0.037668,-0.713462,0.757668,0.113808
"white",6,0.553896,-0.554206,0.007197,-0.888203,0.148782,-0.176483,-0.461300,-0.711642,-0.293090,0.077480,0.101820,0.641131
"white",6,0.553896,-0.554206,0.075116,-1.221061,-0.690751,-0.847207,0.600517,-0.802009,-0.756151,-0.168591,-0.673272,0.007468
"white",7,0.553896,-0.527369,-0.536154,-0.964483,-0.767072,0.829602,0.038378,-0.056477,-0.689999,0.411433,0.280688,0.636263
"white",8,0.553896,-0.527369,0.007197,-0.874334,-0.156502,0.494240,-0.336380,-0.847193,-0.756151,0.147786,-0.613650,0.122961
"white",6,0.553896,-0.527369,0.550549,-0.839661,0.683031,-0.623633,-0.648679,-0.689050,0.037668,-0.484967,-0.852140,0.438256
"white",6,0.553896,-0.500532,-0.875749,-1.044230,-0.614430,0.326559,-0.960979,-0.124253,-0.756151,0.077480,0.221065,0.709276
"white",4,0.553896,-0.500532,-0.671992,-1.227995,-0.385466,-1.406144,-0.773599,-0.869785,-1.086909,0.165362,-0.732895,0.503530
"white",7,0.553896,-0.473695,-0.468236,-1.172519,-0.461787,-0.511845,-0.149001,-0.824601,-0.557696,0.288398,-1.329120,0.627662
"white",6,0.553896,-0.473695,-0.400317,-1.290406,-0.080181,1.109071,-1.023438,-0.508315,0.368426,0.059904,-0.375160,0.262537
"white",6,0.553896,-0.446857,-0.400317,-0.895138,0.072461,0.102985,0.288218,-0.802009,-0.359241,1.009034,-0.732895,0.046808
"white",5,0.553896,-0.446857,-0.332398,-1.477638,-1.301321,1.220858,1.724793,-0.937561,-0.954605,-0.203744,-0.911762,0.492403
"white",5,0.553896,-0.446857,0.007197,-0.527607,-0.232824,-0.791314,-1.148358,0.169441,0.302275,-0.045555,-0.315537,0.638274
"white",6,0.553896,-0.420020,-0.536154,-0.888203,-0.003860,-0.735420,0.163298,-0.824601,-0.028483,0.780539,-0.732895,0.636493
"white",6,0.553896,-0.420020,-0.196560,-1.442966,-0.843394,0.102985,0.225758,-0.892377,0.236123,-0.397085,-1.031007,0.536770
"white",6,0.553896,-0.420020,0.007197,-0.541476,-0.232824,-0.567739,-0.336380,0.169441,0.103820,0.077480,-0.732895,0.648576
"white",4,0.553896,-0.393183,-2.166210,-1.099706,-0.919715,-1.294357,0.912816,-0.824601,-1.020757,-1.047415,0.310499,0.130508
"white",8,0.553896,-0.393183,0.278873,-0.146208,0.454067,0.438347,0.225758,0.440544,-1.086909,0.815692,-0.315537,0.389882
"white",6,0.553896,-0.339509,-0.264479,-1.429097,-0.461787,0.438347,-0.024081,-0.892377,1.029942,-0.256473,-0.911762,0.367044
"white",5,0.553896,-0.339509,0.007197,0.665133,-0.080181,0.047091,-0.336380,2.518997,-1.086909,0.973881,-0.494405,0.039078
"white",6,0.553896,-0.312672,-0.536154,-0.888203,-0.003860,-0.679526,0.163298,-0.756826,-0.028483,0.815692,-0.613650,0.749960
"white",6,0.553896,-0.312672,-0.264479,-1.117043,-1.148679,1.500326,-0.024081,-0.304988,-1.748424,0.639927,-1.150252,0.158838
"white",6,0.553896,-0.312672,-0.264479,-0.961016,-0.614430,0.102985,1.537414,-0.937561,-0.094635,-0.484967,-1.269497,0.518783
"white",4,0.553896,-0.312672,0.143035,-1.110108,-0.080181,-1.350250,-0.398840,-0.869785,-0.491544,0.305974,-0.613650,0.209335
"white",6,0.553896,-0.312672,1.297658,-1.130912,0.377746,-0.232377,-1.398197,-0.553499,-0.226938,0.780539,-0.494405,0.304427
"white",6,0.553896,-0.285834,0.007197,-0.472131,-0.614430,1.109071,0.975276,-0.033885,0.103820,0.727810,-0.732895,0.387655
"white",5,0.553896,-0.232160,0.618468,-0.985287,0.606710,0.270666,-0.836059,-0.892377,-0.425393,0.622351,-0.673272,0.172200
"white",7,0.553896,-0.232160,0.618468,-0.458262,0.377746,1.668007,0.100838,-0.756826,0.831487,1.026610,-1.090630,0.644618
"white",4,0.553896,-0.178486,-0.604073,-0.513738,0.072461,-0.679526,-0.773599,0.327585,0.103820,-0.221320,0.221065,0.509737
"white",5,0.553896,-0.178486,0.210954,-1.089305,0.454067,0.326559,-0.836059,-0.869785,-0.557696,0.446586,-0.434782,0.736900
"white",6,0.553896,-0.178486,0.346792,-1.089305,0.148782,-0.344164,-1.148358,-0.553499,-0.028483,0.305974,-0.554027,0.375640
"white",6,0.553896,-0.097974,0.007197,-1.359751,-0.156502,0.438347,-0.586220,-0.869785,-1.682273,0.411433,-0.077047,0.253747
"white",6,0.553896,0.009375,0.822225,-1.019959,0.606710,-0.344164,-0.836059,-0.914969,-1.417666,-0.063132,-0.852140,0.626388
"white",6,0.553896,0.063049,0.890144,0.928645,0.835674,0.102985,0.662977,0.621279,1.559155,0.429010,-0.375160,0.326061
"white",7,0.610027,-0.661555,-0.264479,-1.013025,-0.843394,0.717815,0.225758,-0.180733,-0.425393,0.305974,0.578800,0.635472
"white",7,0.638092,-0.983601,0.482630,-1.259201,-0.538109,-1.014888,0.163298,-0.824601,1.426852,-0.854073,-0.494405,0.505940
"white",7,0.638092,-0.822578,-0.739911,-1.259201,-0.461787,0.997283,-0.024081,-0.485723,-1.020757,0.200515,-0.494405,0.237630
"white",7,0.638092,-0.822578,0.075116,-1.519246,-0.919715,0.047091,-0.586220,-0.576091,-0.226938,-0.520120,-0.613650,0.182422
"white",7,0.638092,-0.795741,0.482630,-1.221061,-0.919715,-0.567739,0.975276,-0.417947,-0.954605,0.182939,0.101820,0.158032
"white",8,0.638092,-0.742067,1.161820,-0.596953,-0.767072,0.047091,1.162655,0.214625,-1.153060,0.235668,-0.732895,0.694671
"white",7,0.638092,-0.715229,-0.264479,-1.498442,-1.835570,-0.455952,0.975276,-0.485723,-1.285363,-0.063132,-1.031007,0.408536
"white",6,0.638092,-0.715229,0.210954,-1.061566,-0.461787,0.158878,-0.024081,-0.553499,1.228397,-0.643156,-1.031007,0.594139
"white",6,0.638092,-0.688392,-0.468236,-0.732176,-1.682927,-0.344164,1.037735,0.621279,-0.888454,0.024751,0.042198,0.135216
"white",6,0.638092,-0.688392,-0.128641,-1.456835,-0.767072,-0.400058,0.038378,-0.914969,-0.094635,-0.731038,-0.971385,0.402450
"white",7,0.638092,-0.661555,-0.264479,-1.013025,-0.843394,0.717815,0.225758,-0.180733,-0.425393,0.305974,0.578800,0.121998
"white",6,0.638092,-0.661555,-0.196560,-1.016492,-0.996036,2.115157,-0.086541,-0.101661,-1.020757,0.393857,-0.971385,0.171633
"white",6,0.638092,-0.634718,0.686387,-0.978352,0.148782,-0.735420,-0.648679,-0.892377,-0.028483,0.991457,-0.017425,0.396955
"white",7,0.638092,-0.607881,-0.128641,-1.148248,-0.080181,1.779795,-1.210818,-0.553499,0.169971,0.587198,-0.673272,0.318015
"white",6,0.638092,-0.607881,0.278873,-1.366686,-0.309145,0.102985,-1.273278,-0.847193,0.302275,-0.291626,-1.090630,0.078684
"white",7,0.638092,-0.607881,0.482630,-1.148248,-0.309145,-0.623633,0.038378,-0.824601,0.434578,-0.221320,-1.269497,0.108783
"white",7,0.638092,-0.581043,-0.332398,-1.089305,0.072461,0.494240,-1.148358,-0.553499,0.368426,0.095057,-0.673272,0.099929
"white",6,0.638092,-0.581043,0.075116,-1.283472,-0.232824,0.270666,-1.273278,-0.869785,0.302275,0.762963,-0.554027,0.030110
"white",7,0.638092,-0.581043,0.143035,-1.234930,0.454067,0.047091,-0.960979,-0.892377,1.228397,-0.379508,-1.150252,0.321220
"white",5,0.638092,-0.581043,0.686387,-1.290406,0.301425,-0.679526,-1.460657,-0.847193,-0.954605,-0.502544,-0.315537,0.010595
"white",7,0.638092,-0.500532,-0.536154,-1.085837,-0.996036,1.723901,0.538057,-0.282396,-0.226938,0.657504,-0.673272,0.383325
"white",6,0.638092,-0.500532,0.278873,-0.770316,-0.843394,-0.567739,0.912816,-0.689050,1.691458,2.362423,-0.971385,0.288118
"white",8,0.638092,-0.473695,-0.332398,-0.319571,-0.232824,0.382453,0.288218,0.903677,-1.285363,0.235668,-0.554027,0.270176
"white",6,0.638092,-0.473695,-0.264479,-0.995688,-0.996036,1.109071,-0.398840,0.011298,-0.623848,0.429010,-0.971385,0.143689
"white",6,0.638092,-0.446857,-0.468236,-1.546984,-1.301321,-0.679526,0.538057,-0.869785,0.169971,-0.695885,-0.792517,0.408868
"white",6,0.638092,-0.446857,0.007197,-0.936745,-0.690751,0.382453,0.100838,-0.192029,-0.689999,0.042327,-1.031007,0.532991
"white",7,0.638092,-0.446857,0.075116,-1.359751,-0.614430,0.661921,-0.211461,-0.824601,-0.359241,0.007174,-0.554027,0.690910
"white",6,0.638092,-0.420020,-0.536154,-1.082370,-0.919715,-0.288271,0.538057,-0.395356,-0.623848,0.499316,-0.196292,0.067929
"white",6,0.638092,-0.420020,-0.400317,-1.033828,-0.003860,0.885496,-0.211461,-0.802009,0.169971,1.114492,-0.255915,0.336934
"white",4,0.638092,-0.420020,0.210954,-1.082370,0.301425,-1.294357,-1.023438,-0.869785,-0.557696,-0.151014,-0.792517,0.276240
"white",5,0.638092,-0.393183,-0.536154,-0.513738,0.148782,-0.120590,-0.523760,0.214625,-0.623848,0.147786,0.042198,0.473190
"white",6,0.638092,-0.393183,-0.196560,-1.290406,-1.911891,0.270666,3.348748,-0.914969,-0.293090,-0.432238,-1.180064,0.576394
"white",7,0.638092,-0.393183,-0.128641,-1.186388,0.072461,0.047091,-1.085898,-0.576091,0.169971,-0.186167,-0.613650,0.018658
"white",8,0.638092,-0.393183,-0.128641,-0.912474,-0.385466,4.183222,-1.148358,-0.271100,0.368426,1.132069,-0.613650,0.047680
"white",6,0.638092,-0.366346,0.890144,-1.006090,-0.385466,1.220858,-1.023438,-0.192029,0.037668,0.288398,-1.269497,0.692658
"white",7,0.638092,-0.339509,-0.196560,-0.943679,0.072461,-1.014888,-0.149001,-0.869785,-0.359241,0.499316,-0.971385,0.716034
"white",7,0.638092,-0.312672,-0.536154,-0.804989,-0.461787,0.326559,-0.461300,-0.259804,0.699184,0.411433,-0.673272,0.433531
"white",7,0.638092,-0.312672,0.007197,-1.099706,0.225104,-0.064696,-0.898519,-0.598682,0.434578,-0.256473,-0.732895,0.737317
"white",5,0.638092,-0.285834,-0.536154,-0.756447,-0.996036,-0.176483,2.536771,-0.598682,1.294548,0.305974,-0.494405,0.268077
"white",5,0.638092,-0.285834,-0.468236,-1.245332,-1.225000,0.941390,-0.086541,-0.576091,-0.888454,1.184798,-0.017425,0.674742
"white",6,0.638092,-0.285834,-0.196560,-1.453368,-0.919715,-0.064696,-0.024081,-0.869785,-0.028483,-0.397085,-0.911762,0.158603
"white",6,0.638092,-0.285834,-0.196560,-1.141314,0.225104,0.270666,-0.461300,-0.802009,-0.557696,-0.133438,-0.792517,0.624005
"white",6,0.638092,-0.285834,0.143035,-0.874334,-0.003860,-0.288271,0.163298,-0.892377,-0.888454,-0.608003,-0.792517,0.388215
"white",6,0.638092,-0.258997,-0.332398,-0.967950,0.072461,-0.791314,-0.960979,-0.282396,-0.491544,-0.625579,-0.554027,0.346135
"white",6,0.638092,-0.232160,-0.128641,-1.411760,-1.453963,-0.288271,0.600517,-0.869785,0.566881,0.077480,-0.077047,0.630609
"white",7,0.638092,-0.151648,0.822225,-1.366686,-0.614430,0.494240,-0.711139,-0.869785,1.426852,0.130210,-1.090630,0.179252
"white",6,0.638092,-0.124811,0.210954,-1.193323,-1.148679,0.494240,1.350035,-0.869785,1.029942,0.464163,-0.375160,0.560093
"white",6,0.638092,0.089886,-0.264479,-0.354244,-0.003860,0.606028,-0.898519,0.485728,0.368426,0.305974,-0.732895,0.397506
"white",6,0.638092,0.089886,1.161820,0.720609,0.454067,0.214772,0.225758,0.621279,0.302275,0.833269,0.340310,0.098994
"white",6,0.666157,-0.151648,-0.128641,-0.392384,-0.538109,-0.288271,0.100838,0.926269,0.169971,0.903575,-0.315537,0.246694
"white",6,0.680190,-0.151648,-0.128641,-0.392384,-0.538109,-0.288271,0.100838,0.926269,0.169971,0.903575,-0.315537,0.042503
"white",7,0.722289,-1.010438,-1.554939,-1.359751,-1.301321,-0.679526,0.662977,-0.779417,-0.160786,-0.818920,0.459555,0.450583
"white",6,0.722289,-0.983601,-0.128641,-0.312637,-0.003860,-0.903101,-1.460657,0.722942,-0.623848,-0.186167,-0.136670,0.679699
"white",6,0.722289,-0.929927,-0.264479,-1.325079,-0.690751,-0.120590,-0.149001,-0.734234,0.699184,0.762963,-0.911762,0.512881
"white",7,0.722289,-0.929927,-0.128641,-1.224528,-0.690751,0.438347,1.225115,-0.824601,0.236123,-0.256473,-1.150252,0.218230
"white",5,0.722289,-0.876252,-0.468236,-0.700971,1.217280,1.220858,-2.210175,-0.011294,-0.293090,-0.274050,-0.434782,0.163610
"white",5,0.722289,-0.849415,0.346792,-1.491508,-0.385466,0.661921,-0.711139,-0.768121,-0.557696,-0.203744,-0.852140,0.543104
"white",6,0.722289,-0.849415,0.686387,-0.596953,0.072461,1.164964,-1.148358,0.519616,-1.417666,1.061763,-0.255915,0.421814
"white",7,0.722289,-0.822578,0.346792,-1.463769,-0.080181,-0.400058,-0.461300,-0.598682,-1.020757,-0.256473,-0.792517,0.322346
"white",7,0.722289,-0.795741,0.075116,-1.755020,-1.606606,0.885496,0.787896,-0.892377,-0.689999,-0.027979,-0.494405,0.167605
"white",7,0.722289,-0.795741,0.075116,-1.290406,-0.538109,-0.400058,0.475597,-0.914969,-0.954605,-0.695885,-1.090630,0.092337
"white",7,0.722289,-0.768904,-0.128641,-0.319571,-0.156502,-0.176483,1.100195,0.327585,-0.756151,-0.484967,0.042198,0.391296
"white",5,0.722289,-0.688392,-0.128641,-0.978352,-0.080181,-0.958995,-0.211461,-0.689050,-0.293090,0.235668,-0.494405,0.745037
"white",5,0.722289,-0.688392,0.686387,-0.978352,0.759352,-0.008803,-0.836059,-0.734234,-0.954605,-0.379508,-0.375160,0.209468
"white",4,0.722289,-0.661555,-0.196560,-1.290406,0.911995,-1.462038,-1.960336,-0.903673,-1.417666,-1.047415,-0.315537,0.726412
"white",5,0.722289,-0.661555,0.550549,-0.215553,-0.232824,1.164964,-0.024081,0.598687,-1.748424,1.079339,-0.852140,0.364705
"white",5,0.722289,-0.634718,0.550549,-1.082370,-0.690751,1.612114,1.350035,-0.779417,-0.028483,0.587198,-1.090630,0.014470
"white",6,0.722289,-0.607881,-0.468236,-1.283472,-0.461787,-0.400058,-1.085898,-0.609978,-0.822302,-0.484967,0.489367,0.181494
"white",6,0.722289,-0.607881,-0.468236,-1.047697,-0.080181,-0.120590,0.288218,-0.847193,0.103820,0.147786,-1.090630,0.161526
"white",7,0.722289,-0.607881,0.278873,-1.117043,1.064637,-0.847207,-1.710496,-0.869785,-1.153060,-0.608003,-0.464594,0.504965
"white",6,0.722289,-0.581043,-0.468236,-1.498442,-1.148679,-0.232377,0.538057,-0.892377,-0.094635,-0.590426,-0.792517,0.433822
"white",6,0.722289,-0.581043,0.278873,-1.241864,-0.461787,0.717815,-1.335737,-0.869785,0.633033,0.200515,-0.494405,0.189780
"white",7,0.722289,-0.554206,0.007197,-1.332013,-0.232824,0.214772,-0.211461,-0.779417,-0.557696,-0.010402,-0.196292,0.640368
"white",6,0.722289,-0.554206,0.075116,-1.366686,-0.385466,0.326559,-0.773599,-0.869785,1.493003,-0.502544,-0.732895,0.680158
"white",6,0.722289,-0.554206,0.278873,-1.373620,-0.461787,0.438347,-1.085898,-0.711642,0.037668,-0.080708,-1.031007,0.103188
"white",6,0.722289,-0.527369,-0.536154,-1.304275,-0.996036,0.102985,-0.086541,-0.779417,-0.160786,0.007174,-0.673272,0.408528
"white",4,0.722289,-0.527369,0.414711,-1.429097,-1.072357,-1.517931,0.350678,-0.937561,-1.285363,-0.695885,0.101820,0.671147
"white",6,0.722289,-0.527369,0.414711,-1.408293,-0.385466,-0.567739,-0.836059,-0.756826,-0.028483,-0.537697,-1.150252,0.354917
"white",6,0.722289,-0.527369,0.550549,-0.978352,-0.690751,0.270666,1.474954,-0.802009,-0.226938,-0.133438,-0.852140,0.438826
"white",7,0.722289,-0.527369,0.550549,-0.770316,-0.309145,-0.679526,1.662334,-0.621274,-0.756151,-0.221320,-1.090630,0.039397
"white",6,0.722289,-0.473695,-0.060722,-0.264095,-0.232824,0.382453,0.600517,0.440544,-0.293090,1.061763,-0.494405,0.189842
"white",6,0.722289,-0.446857,-0.807830,-1.203724,-0.996036,-0.232377,0.163298,-0.779417,-0.557696,-0.010402,-1.209875,0.653992
"white",6,0.722289,-0.446857,-0.060722,-0.943679,0.072461,0.494240,-0.211461,-0.779417,-0.160786,1.026610,-0.494405,0.350165
"white",6,0.722289,-0.446857,0.550549,-0.631625,-0.232824,1.109071,-0.711139,0.553503,-1.748424,0.639927,-0.673272,0.318537
"white",7,0.722289,-0.446857,0.618468,-1.609395,-0.767072,-0.735420,-0.523760,-0.914969,0.169971,-0.678309,-1.448365,0.406345
"white",5,0.722289,-0.446857,0.618468,-1.325079,0.301425,0.438347,-1.897876,-0.892377,-0.756151,0.499316,-0.911762,0.056365
"white",6,0.722289,-0.420020,-0.604073,-0.714840,-0.232824,-0.567739,-0.773599,0.463136,2.088367,-0.309203,-0.613650,0.572619
"white",8,0.722289,-0.420020,-0.060722,-0.687102,-0.385466,-1.294357,-1.148358,0.530912,-0.425393,-0.590426,-0.375160,0.502711
"white",5,0.722289,-0.420020,0.075116,-1.401359,-0.156502,-0.567739,-0.086541,-0.937561,-0.226938,0.042327,-0.315537,0.331630
"white",7,0.722289,-0.420020,0.686387,-0.700971,1.064637,0.270666,-0.711139,-0.802009,-0.293090,0.182939,-0.852140,0.399090
"white",6,0.722289,-0.393183,-0.671992,-1.394424,-0.919715,0.326559,0.100838,-0.779417,-1.417666,-0.151014,-1.090630,0.164614
"white",6,0.722289,-0.393183,-0.468236,-1.449900,-0.996036,-1.014888,-1.273278,-0.689050,0.037668,-0.080708,-0.017425,0.042679
"white",6,0.722289,-0.393183,-0.468236,-0.874334,-0.156502,0.997283,0.163298,-0.756826,-0.756151,1.307834,-0.613650,0.338811
"white",5,0.722289,-0.393183,-0.264479,-0.992221,-0.156502,-0.511845,-0.149001,-0.643866,0.236123,1.096916,-0.255915,0.538615
"white",6,0.722289,-0.393183,0.143035,-1.387490,-0.919715,1.835688,1.350035,-0.689050,-0.756151,0.147786,-0.792517,0.076590
"white",5,0.722289,-0.393183,0.550549,-0.954081,-0.080181,1.332645,-1.210818,-0.643866,-0.226938,1.518751,0.221065,0.069729
"white",6,0.722289,-0.366346,0.075116,-0.028321,0.225104,-0.623633,-0.898519,0.937565,-0.756151,0.024751,0.221065,0.085122
"white",6,0.722289,-0.366346,1.365577,-1.120510,0.301425,-0.120590,-1.273278,-0.417947,-0.028483,0.657504,-0.434782,0.351654
"white",5,0.722289,-0.312672,0.143035,-1.117043,-0.003860,-1.517931,0.038378,-0.892377,-0.160786,-0.889226,-0.613650,0.060156
"white",6,0.722289,-0.312672,0.278873,-0.596953,-0.309145,-0.120590,-1.273278,0.666463,-1.086909,0.147786,-0.375160,0.656115
"white",7,0.722289,-0.285834,-0.604073,-1.290406,-0.614430,-0.008803,-0.648679,-0.689050,0.037668,0.323551,-0.613650,0.123876
"white",7,0.722289,-0.285834,-0.264479,-0.839661,-0.385466,0.550134,0.975276,-0.576091,-0.160786,0.675080,-1.090630,0.546237
"white",5,0.722289,-0.258997,-0.468236,-1.082370,-0.232824,0.214772,-0.398840,-0.779417,-0.359241,0.305974,-1.031007,0.505675
"white",6,0.722289,-0.258997,0.550549,-0.527607,-0.309145,-1.406144,0.038378,-0.779417,1.096094,0.323551,-0.673272,0.685749
"white",6,0.722289,-0.258997,0.618468,-0.562280,-0.232824,-1.350250,-0.461300,-0.756826,1.029942,0.341127,-0.434782,0.641559
"white",6,0.722289,-0.232160,-1.011587,-1.221061,-0.843394,0.885496,0.475597,-0.779417,-0.689999,0.253245,-0.852140,0.172996
"white",5,0.722289,-0.232160,0.007197,-0.874334,-0.614430,-1.126676,-0.898519,-0.824601,-0.822302,-0.836497,0.519178,0.621319
"white",6,0.722289,-0.178486,-0.468236,-0.964483,-0.156502,1.164964,-1.398197,-0.734234,0.103820,1.307834,0.340310,0.338220
"white",7,0.722289,-0.178486,-0.196560,-1.151715,-0.461787,0.550134,-1.023438,-0.734234,-0.623848,0.569622,-1.090630,0.657629
"white",6,0.722289,-0.178486,-0.060722,-1.082370,-0.080181,0.102985,-0.523760,-0.621274,-0.160786,0.727810,-0.554027,0.684635
"white",6,0.722289,-0.178486,0.618468,-0.527607,-0.232824,-1.126676,-0.398840,-0.756826,1.162245,0.376280,-0.375160,0.229341
"white",7,0.722289,-0.151648,-0.264479,0.408555,0.606710,-0.288271,-1.023438,1.299035,-0.425393,0.745386,0.638423,0.570010
"white",5,0.722289,-0.124811,1.161820,-1.186388,0.454067,-1.350250,-0.461300,-0.835897,-1.682273,-1.170450,-0.792517,0.694283
"white",5,0.722289,-0.097974,-0.060722,-1.328546,-0.080181,-0.567739,-0.461300,-0.802009,-0.226938,-0.291626,-0.375160,0.678711
"white",6,0.722289,0.224072,0.007197,-1.103174,0.148782,-0.400058,-1.023438,-0.824601,-0.425393,0.446586,-1.090630,0.195072
"white",6,0.722289,0.492444,0.686387,-1.210659,-0.156502,-0.623633,0.600517,-0.914969,0.566881,-0.766191,-1.031007,0.487559
"white",7,0.764387,-0.956764,-0.264479,-0.915941,-0.843394,-0.064696,-0.461300,0.350176,-1.153060,0.305974,-0.136670,0.521887
"white",6,0.764387,-0.554206,0.143035,-1.231463,-0.919715,1.220858,1.350035,-0.914969,-0.623848,1.219951,-0.613650,0.518592
"white",6,0.764387,-0.285834,-0.196560,-1.498442,0.225104,0.214772,-1.148358,-0.892377,-0.954605,-0.537697,-0.613650,0.040279
"white",6,0.778420,-0.527369,-0.128641,-1.273070,0.911995,0.326559,-2.085255,-0.643866,-1.549970,0.253245,-0.434782,0.530706
"white",5,0.806485,-1.064113,-0.536154,-1.276537,-0.385466,-0.455952,-1.210818,-0.530907,-1.086909,-0.608003,0.280688,0.451588
"white",6,0.806485,-0.876252,0.550549,-0.596953,-0.003860,1.444433,-1.148358,0.576095,-1.417666,1.096916,-0.315537,0.744812
"white",7,0.806485,-0.795741,-0.536154,-1.221061,-1.225000,0.382453,0.475597,-0.146845,-1.483818,0.622351,-0.792517,0.538850
"white",6,0.806485,-0.768904,-0.264479,-0.863932,-0.003860,-0.958995,-0.336380,-0.779417,3.477551,0.938728,-0.852140,0.698133
"white",7,0.806485,-0.768904,-0.264479,-0.742578,0.148782,-0.903101,-1.772956,0.497024,-1.086909,-0.643156,-0.554027,0.034296
"white",5,0.806485,-0.768904,0.346792,-0.721774,1.293601,-0.567739,-0.149001,-0.869785,-1.086909,-0.379508,-0.792517,0.569352
"white",7,0.806485,-0.742067,-0.196560,-1.179454,-0.461787,0.717815,-1.835416,0.067778,-0.689999,-0.151014,-0.792517,0.173604
"white",6,0.806485,-0.715229,-0.536154,-1.255733,-0.919715,-0.008803,0.538057,-0.734234,-0.425393,-0.168591,-0.852140,0.168402
"white",6,0.806485,-0.688392,-0.332398,-1.259201,-0.232824,-0.567739,-0.648679,-0.192029,-0.954605,-0.608003,-0.494405,0.348650
"white",6,0.806485,-0.688392,0.550549,-0.978352,-0.690751,0.997283,1.225115,-0.756826,-0.293090,0.341127,-0.792517,0.120910
"white",6,0.806485,-0.661555,-0.060722,-0.912474,0.988316,-1.070782,-1.023438,-0.508315,-0.623848,-0.941956,-0.554027,0.213339
"white",6,0.806485,-0.634718,-0.400317,-1.727282,-0.919715,0.438347,-0.523760,-0.892377,-1.020757,-0.836497,-0.852140,0.188799
"white",7,0.806485,-0.607881,-0.604073,-0.617756,-1.835570,-0.400058,1.474954,1.253852,-1.682273,-0.063132,-0.494405,0.045236
"white",6,0.806485,-0.607881,-0.400317,-0.915941,-1.606606,0.326559,0.975276,0.395360,-0.888454,0.095057,0.042198,0.106053
"white",4,0.806485,-0.607881,-0.128641,-1.498442,-1.072357,2.506412,-0.149001,-0.553499,-1.020757,0.253245,-0.494405,0.051235
"white",5,0.806485,-0.607881,0.482630,-0.111535,0.072461,-1.238463,-0.273921,0.304993,-0.491544,-0.537697,-0.554027,0.212805
"white",6,0.806485,-0.607881,0.618468,-0.718307,-0.309145,0.494240,-0.273921,0.372768,-0.491544,0.024751,-0.732895,0.130936
"white",5,0.806485,-0.607881,1.161820,-0.284899,1.369922,-0.232377,-1.460657,0.417952,-1.285363,-0.414661,-0.196292,0.393592
"white",6,0.806485,-0.581043,0.143035,-0.596953,-0.156502,0.102985,-0.211461,0.146850,-0.491544,-0.555273,-0.852140,0.709893
"white",4,0.806485,-0.554206,-0.943668,-1.134379,-0.919715,-1.406144,0.350678,-0.463131,-0.888454,-0.520120,-0.077047,0.681064
"white",8,0.806485,-0.554206,0.346792,-1.186388,-0.538109,0.997283,1.162655,-0.914969,-0.160786,-0.010402,-1.269497,0.305975
"white",6,0.806485,-0.554206,1.161820,-0.458262,-0.232824,1.053177,-0.149001,0.350176,-1.748424,1.009034,-0.911762,0.487187
"white",6,0.806485,-0.527369,-0.196560,-0.437458,-0.309145,0.550134,-0.711139,1.095708,-1.086909,0.552045,0.221065,0.680146
"white",3,0.806485,-0.500532,0.007197,-0.284899,-0.080181,-0.791314,0.100838,1.344219,-0.888454,-0.854073,-0.136670,0.381037
"white",7,0.806485,-0.500532,0.754306,-0.943679,-0.690751,0.047091,0.787896,-0.112957,-1.351515,0.270821,-0.732895,0.311444
"white",7,0.806485,-0.473695,-0.264479,-0.336908,-0.156502,0.102985,-1.085898,1.253852,0.103820,0.042327,-0.732895,0.175731
"white",7,0.806485,-0.446857,0.007197,-1.013025,0.225104,1.164964,-0.086541,-0.756826,-0.623848,0.587198,-1.031007,0.313959
"white",8,0.806485,-0.446857,0.143035,-1.151715,-0.538109,0.717815,0.600517,-0.779417,0.368426,0.587198,-0.971385,0.063270
"white",7,0.806485,-0.420020,-0.332398,-0.406253,-0.080181,-0.232377,-1.148358,1.208668,-0.094635,-0.010402,-0.434782,0.344712
"white",5,0.806485,-0.393183,-0.264479,-0.596953,0.454067,0.829602,-1.648036,-0.067773,-0.888454,0.903575,-0.673272,0.578879
"white",7,0.806485,-0.366346,0.414711,-0.388917,0.530389,0.885496,-0.648679,0.666463,-1.417666,0.657504,-0.732895,0.646049
"white",6,0.806485,-0.339509,-0.536154,-0.631625,0.530389,0.494240,-1.460657,-0.101661,-1.682273,0.780539,-0.732895,0.030663
"white",5,0.806485,-0.339509,-0.196560,-1.037296,0.454067,0.606028,0.100838,-0.429243,-1.219212,0.042327,-0.315537,0.654880
"white",7,0.806485,-0.258997,0.414711,-1.019959,0.225104,-0.008803,-0.024081,-0.824601,-0.094635,-0.344355,-0.226104,0.483738
"white",6,0.806485,-0.178486,0.143035,-0.284899,0.377746,0.326559,-0.211461,0.304993,1.096094,0.850845,-0.494405,0.244459
"white",6,0.806485,-0.151648,0.143035,-0.042190,-0.003860,-1.350250,-0.586220,1.660505,-0.954605,-1.363791,0.042198,0.230643
"white",7,0.806485,-0.124811,0.278873,-1.657936,-0.919715,-0.400058,-0.773599,-0.779417,-0.226938,-0.748615,-1.269497,0.599963
"white",5,0.806485,-0.097974,-0.943668,-1.720347,-1.606606,-0.958995,-0.024081,-0.914969,-0.954605,-0.274050,-0.673272,0.650944
"white",7,0.806485,-0.071137,-0.060722,-0.735643,0.072461,-0.455952,0.100838,-0.621274,2.551428,-0.186167,-1.269497,0.039723
"white",6,0.806485,0.009375,1.161820,-0.596953,0.759352,-0.903101,-0.211461,-0.350172,-1.219212,-0.115861,-0.852140,0.743364
"white",6,0.806485,1.270723,0.075116,-1.370153,-0.080181,-0.567739,-0.211461,-0.914969,0.699184,-1.064991,-1.209875,0.700951
"white",6,0.848583,-0.124811,-0.128641,-1.328546,-0.996036,0.661921,0.538057,-0.847193,-0.425393,-0.502544,-0.732895,0.424500
"white",7,0.890682,-0.929927,0.550549,-0.804989,-1.225000,-0.400058,1.974633,0.282401,-0.226938,1.044187,0.042198,0.262362
"white",6,0.890682,-0.903090,-0.468236,-0.770316,-0.843394,-0.400058,0.912816,-0.237212,-0.160786,-0.045555,-0.911762,0.657049
"white",6,0.890682,-0.768904,-0.332398,-0.922876,-1.453963,0.550134,0.912816,0.282401,-0.888454,0.305974,0.101820,0.610331
"white",5,0.890682,-0.768904,-0.264479,1.206026,0.911995,1.388539,-1.648036,3.106386,-1.219212,0.270821,-0.732895,0.259753
"white",7,0.890682,-0.768904,0.346792,-1.117043,-0.385466,-0.344164,0.413137,-0.779417,0.368426,-0.221320,-0.732895,0.529407
"white",4,0.890682,-0.715229,-0.671992,-0.527607,-0.232824,-1.126676,-1.398197,-0.169437,2.220670,-0.221320,0.280688,0.464823
"white",4,0.890682,-0.688392,-0.671992,-0.527607,-0.232824,-1.126676,-1.398197,-0.192029,2.154519,-0.221320,0.399933,0.310578
"white",6,0.890682,-0.688392,-0.264479,0.096501,-0.232824,0.214772,-0.773599,1.976792,-1.086909,0.393857,0.161443,0.134347
"white",7,0.890682,-0.607881,-0.264479,-0.839661,-0.690751,0.829602,0.413137,0.282401,-0.491544,0.657504,0.161443,0.132847
"white",6,0.890682,-0.607881,0.346792,-1.096239,1.522565,0.326559,-1.085898,-0.892377,0.103820,-0.537697,-1.209875,0.158763
"white",6,0.890682,-0.554206,0.143035,-1.703011,-0.690751,0.102985,-1.023438,-0.869785,1.360700,-0.326779,-0.732895,0.273711
"white",6,0.890682,-0.554206,0.686387,-1.533115,-0.767072,-0.120590,-0.586220,-0.643866,-1.020757,0.235668,-0.255915,0.670581
"white",6,0.890682,-0.527369,0.007197,-0.388917,-0.080181,0.494240,0.538057,0.192033,-0.888454,-0.309203,-0.494405,0.262336
"white",6,0.890682,-0.527369,1.161820,-1.165584,0.377746,0.885496,-1.148358,-0.282396,-1.020757,0.429010,-0.434782,0.638835
"white",4,0.890682,-0.500532,-1.147425,-1.134379,-1.530285,-1.126676,1.849713,-0.813305,-0.888454,-1.240756,0.370122,0.347341
"white",7,0.890682,-0.500532,-0.196560,-0.458262,-0.385466,1.332645,0.662977,0.395360,-0.491544,0.218092,-0.613650,0.333234
"white",6,0.890682,-0.500532,0.278873,-1.151715,-0.461787,-0.455952,0.413137,-0.756826,0.236123,-0.238897,-0.375160,0.634104
"white",7,0.890682,-0.500532,0.686387,-1.110108,-0.767072,0.214772,0.850356,-0.576091,0.368426,0.042327,0.221065,0.665864
"white",7,0.890682,-0.473695,0.075116,-1.390957,-0.919715,0.829602,0.538057,-0.892377,-0.557696,0.200515,-0.852140,0.040001
"white",6,0.890682,-0.446857,0.143035,-1.151715,-0.996036,1.109071,0.538057,-0.327580,-0.094635,1.395716,-0.375160,0.161381
"white",7,0.890682,-0.420020,0.143035,-1.633665,-1.225000,-0.903101,-1.148358,-0.689050,-0.557696,-0.731038,-0.613650,0.087953
"white",8,0.890682,-0.420020,0.550549,-1.533115,-1.225000,2.841774,-0.024081,-0.847193,2.749883,0.569622,-0.792517,0.439590
"white",7,0.890682,-0.393183,-0.264479,-1.574722,-0.690751,0.438347,-0.523760,-0.598682,-1.086909,-0.221320,-0.732895,0.660318
"white",5,0.890682,-0.366346,1.093901,-0.250226,1.369922,-1.070782,-2.022795,0.350176,-1.020757,-0.731038,-0.196292,0.164953
"white",6,0.890682,-0.285834,-0.332398,-1.130912,-0.919715,1.109071,0.288218,-0.214620,0.169971,0.569622,-0.375160,0.425028
"white",6,0.890682,-0.258997,1.093901,-1.082370,0.148782,-0.735420,-0.211461,-0.892377,-0.293090,0.305974,-0.434782,0.629195
"white",7,0.890682,-0.205323,0.143035,-0.804989,-0.156502,-1.014888,0.163298,-0.666458,-0.491544,0.376280,-0.852140,0.545200
"white",6,0.890682,-0.097974,-0.671992,-0.666298,0.148782,0.158878,-0.586220,0.045186,-0.557696,1.149645,-0.255915,0.222610
"white",5,0.890682,-0.097974,-0.332398,-0.999156,0.301425,-0.400058,-0.024081,-0.869785,-1.020757,1.378140,0.340310,0.699037
"white",6,0.918747,-0.822578,-0.060722,-1.637133,-1.301321,0.047091,0.662977,-0.869785,-0.623848,-0.818920,-1.090630,0.067359
"white",6,0.932780,-0.822578,-0.060722,-1.637133,-1.301321,0.047091,0.662977,-0.869785,-0.623848,-0.818920,-1.090630,0.100016
"white",6,0.974878,-0.903090,0.143035,-1.713413,-0.614430,1.444433,-0.273921,-0.824601,1.096094,0.007174,-0.732895,0.181067
"white",6,0.974878,-0.903090,0.754306,-1.335481,-0.080181,0.158878,-0.711139,-0.847193,0.169971,0.305974,-1.031007,0.468852
"white",6,0.974878,-0.768904,-0.468236,-1.255733,-0.385466,-0.344164,-0.523760,-0.576091,-1.153060,-0.537697,0.161443,0.358521
"white",6,0.974878,-0.768904,-0.332398,-0.479066,-0.309145,-0.455952,-1.648036,1.479770,-1.020757,-0.309203,-0.255915,0.633061
"white",6,0.974878,-0.768904,0.075116,-1.498442,-1.530285,-0.958995,0.912816,-0.869785,-1.020757,-0.590426,0.161443,0.578356
"white",6,0.974878,-0.742067,-0.128641,-1.973458,-1.148679,-0.344164,-0.273921,-0.892377,-0.954605,-0.467391,0.161443,0.637436
"white",3,0.974878,-0.742067,0.822225,-1.117043,-1.072357,-1.406144,1.912173,-0.350172,-0.689999,-0.098285,-0.613650,0.612936
"white",7,0.974878,-0.715229,-0.264479,-1.352817,-1.148679,-0.455952,0.538057,-0.214620,-1.020757,-0.502544,-0.196292,0.276189
"white",7,0.974878,-0.715229,-0.128641,-0.631625,-0.690751,1.053177,1.912173,-0.417947,1.691458,0.868422,0.399933,0.254481
"white",6,0.974878,-0.688392,-0.128641,-1.616329,-0.614430,0.382453,-1.335737,-0.892377,0.169971,-0.361932,-1.329120,0.383278
"white",6,0.974878,-0.688392,0.414711,-0.454795,-1.453963,1.276752,0.725436,1.231260,-0.491544,0.446586,-0.196292,0.416496
"white",6,0.974878,-0.661555,0.143035,-0.978352,-0.232824,-0.400058,0.912816,-0.779417,-0.425393,0.235668,-0.196292,0.722901
"white",7,0.974878,-0.661555,0.210954,-1.609395,-0.156502,0.661921,-0.398840,-0.914969,-1.086909,-0.186167,-0.613650,0.611204
"white",6,0.974878,-0.634718,-0.332398,-1.269602,-0.385466,-0.288271,-1.085898,-0.553499,-1.285363,-0.520120,0.399933,0.103578
"white",6,0.974878,-0.634718,0.075116,-1.370153,-1.072357,-0.288271,-0.149001,-0.350172,-0.623848,0.024751,-0.255915,0.245599
"white",4,0.974878,-0.607881,-0.332398,-1.498442,-0.309145,-0.623633,-0.523760,-0.869785,-1.086909,-0.818920,-0.852140,0.132122
"white",8,0.974878,-0.607881,0.278873,-1.359751,0.759352,-0.735420,-1.148358,-0.914969,-1.417666,-0.379508,0.161443,0.017984
"white",6,0.974878,-0.607881,4.014417,-0.201684,-0.690751,1.109071,1.037735,0.711647,-0.293090,1.483599,-0.255915,0.699557
"white",5,0.974878,-0.581043,0.143035,-1.592058,-1.072357,0.550134,1.724793,-0.914969,-0.756151,-0.502544,-0.852140,0.477487
"white",6,0.974878,-0.554206,-0.807830,-1.262668,0.454067,-0.288271,-1.210818,-0.824601,-0.491544,-0.555273,-0.852140,0.635128
"white",5,0.974878,-0.554206,0.686387,-0.215553,0.911995,-1.294357,-0.398840,0.011298,-0.094635,-0.660732,-0.971385,0.273447
"white",6,0.974878,-0.527369,-0.400317,-1.498442,-0.156502,-0.567739,-0.773599,-0.892377,-1.020757,-0.766191,-0.732895,0.502051
"white",7,0.974878,-0.527369,0.075116,-1.151715,0.454067,-0.679526,-0.086541,-0.598682,0.765336,-0.238897,-0.136670,0.390303
"white",7,0.974878,-0.500532,-0.196560,-1.262668,-0.232824,-0.120590,-1.335737,-0.598682,-1.153060,-0.678309,-0.554027,0.674298
"white",4,0.974878,-0.500532,0.007197,-0.874334,0.530389,-1.182569,-1.085898,-0.327580,-1.483818,-0.678309,-0.375160,0.044816
"white",6,0.974878,-0.473695,0.075116,-1.429097,-0.232824,-0.791314,-0.960979,-0.869785,-0.954605,-0.291626,-0.375160,0.537887
"white",8,0.974878,-0.312672,0.007197,-0.347309,-0.156502,0.382453,-0.836059,1.129596,-1.351515,0.288398,0.101820,0.712679
"white",6,0.974878,-0.285834,0.414711,-0.700971,-0.080181,-0.903101,0.600517,-0.734234,2.419125,-0.010402,-1.269497,0.749779
"white",6,0.974878,0.036212,-0.671992,0.373882,-1.072357,-0.344164,0.600517,1.728281,-0.756151,1.202375,-1.269497,0.054921
"white",6,0.974878,0.143561,-0.060722,-0.978352,-0.003860,0.047091,0.787896,-0.779417,-0.623848,1.026610,-0.911762,0.596005
"white",7,1.016976,-0.688392,-0.468236,-1.318144,-1.453963,0.829602,0.538057,-0.259804,0.302275,0.270821,0.340310,0.318558
"white",6,1.016976,-0.554206,0.618468,-1.505377,-0.919715,0.661921,-1.148358,-0.847193,0.699184,0.059904,-0.613650,0.322065
"white",6,1.059074,-1.010438,-0.400317,-1.425629,-0.309145,-0.400058,-0.398840,-0.689050,-0.425393,-0.748615,-0.494405,0.748749
"white",5,1.059074,-0.822578,-0.128641,-0.527607,1.369922,-0.903101,-1.772956,0.689055,-1.153060,-0.766191,1.234648,0.507666
"white",6,1.059074,-0.795741,0.075116,-1.602460,-0.309145,-0.847207,-0.711139,-0.982744,-1.483818,-0.854073,-0.136670,0.730776
"white",6,1.059074,-0.768904,0.686387,-1.290406,-0.690751,0.829602,0.288218,-0.508315,-0.689999,-0.133438,-1.031007,0.349694
"white",7,1.059074,-0.768904,1.365577,-1.009557,-0.919715,0.382453,0.350678,0.259809,-0.160786,-0.186167,-0.375160,0.670208
"white",8,1.059074,-0.742067,-1.079506,-1.394424,-1.453963,0.382453,0.475597,-0.192029,-1.153060,-0.256473,-0.255915,0.738665
"white",6,1.059074,-0.742067,0.278873,-0.853530,-0.461787,-0.008803,-0.149001,0.101666,-0.425393,-0.168591,-0.732895,0.426517
"white",6,1.059074,-0.715229,-0.604073,-0.451327,-1.682927,-0.400058,1.162655,1.524954,0.699184,0.762963,-0.077047,0.310855
"white",4,1.059074,-0.688392,-0.536154,-1.227995,0.225104,-1.406144,-1.335737,-0.271100,-1.153060,-1.416521,-0.017425,0.242793
"white",7,1.059074,-0.688392,-0.332398,-0.458262,0.148782,0.606028,-0.461300,0.508320,-1.020757,0.516892,-0.792517,0.494097
"white",7,1.059074,-0.688392,-0.196560,-0.943679,0.530389,0.158878,-1.023438,0.056482,-1.417666,0.042327,-0.554027,0.180173
"white",7,1.059074,-0.688392,0.550549,-1.685675,-0.843394,-0.288271,-1.210818,-0.722938,-1.549970,-0.063132,-0.732895,0.148625
"white",6,1.059074,-0.661555,0.482630,-1.151715,-0.614430,-0.400058,0.600517,-0.734234,-0.226938,0.059904,-0.673272,0.527340
"white",7,1.059074,-0.634718,0.414711,-1.221061,-1.072357,-0.400058,1.225115,-0.067773,-0.756151,-0.361932,-0.136670,0.084956
"white",6,1.059074,-0.607881,0.007197,-0.735643,-0.156502,-0.120590,0.038378,0.304993,-0.623848,-0.309203,-0.255915,0.369943
"white",7,1.059074,-0.607881,1.161820,0.443227,0.301425,0.382453,-0.523760,2.021975,-1.020757,0.727810,1.055780,0.416186
"white",7,1.059074,-0.581043,-0.332398,-1.366686,-0.996036,-0.903101,-0.773599,-0.011294,-1.351515,-0.309203,-0.434782,0.270663
"white",6,1.059074,-0.581043,0.550549,-1.186388,-0.156502,-0.791314,-0.211461,-0.756826,-0.756151,-0.520120,-1.209875,0.261560
"white",6,1.059074,-0.554206,-0.196560,-1.782758,-0.843394,-0.288271,-1.023438,-0.643866,-0.623848,-0.256473,-0.017425,0.446079
"white",6,1.059074,-0.554206,-0.196560,-1.286939,-0.767072,-0.791314,0.662977,-0.689050,0.500729,-0.484967,-0.494405,0.459153
"white",7,1.059074,-0.527369,-0.536154,-1.117043,0.301425,0.494240,-1.085898,-0.734234,-0.623848,0.622351,-0.196292,0.576622
"white",6,1.059074,-0.527369,-0.332398,-1.013025,-0.538109,-0.958995,-0.336380,-0.033885,-0.822302,-0.238897,-0.911762,0.588754
"white",6,1.059074,-0.527369,-0.060722,-1.567787,-0.614430,0.214772,-1.023438,-0.711642,-0.557696,0.200515,-0.136670,0.627425
"white",7,1.059074,-0.500532,-0.264479,-0.090732,-0.996036,-0.064696,0.538057,1.750873,0.236123,0.305974,-0.852140,0.700915
"white",6,1.059074,-0.500532,0.143035,-0.839661,-0.309145,0.047091,0.100838,0.011298,-0.491544,-0.274050,-0.613650,0.062362
"white",5,1.059074,-0.420020,0.007197,-1.453368,-0.614430,-0.400058,0.163298,-0.926265,-1.219212,0.288398,-0.613650,0.439693
"white",7,1.059074,-0.393183,0.007197,-1.637133,-1.835570,0.550134,1.225115,-0.869785,0.699184,-0.291626,-1.269497,0.741503
"white",7,1.059074,-0.393183,0.075116,-1.526180,0.072461,-0.903101,-0.773599,-0.892377,-1.086909,-0.889226,-1.180064,0.422594
"white",7,1.059074,-0.339509,0.007197,-1.193323,-0.919715,-0.958995,1.037735,-0.282396,-0.623848,0.024751,-0.017425,0.485211
"white",8,1.059074,-0.312672,0.143035,-1.446433,-1.072357,3.680179,0.975276,-0.734234,2.419125,0.973881,-1.031007,0.013556
"white",6,1.059074,-0.124811,0.686387,-0.804989,0.377746,-1.126676,0.475597,-0.711642,-0.293090,-0.484967,-0.732895,0.604205
"white",6,1.059074,-0.044300,0.143035,-0.631625,1.217280,0.158878,-1.710496,0.192033,-0.160786,0.235668,0.280688,0.397965
"white",6,1.059074,0.009375,-0.332398,-0.676700,-0.080181,1.668007,-0.398840,0.756830,-1.153060,0.798116,0.578800,0.412770
"white",5,1.101173,-0.232160,1.908928,-0.420122,0.530389,-0.958995,0.100838,-0.722938,-0.293090,-0.151014,-0.255915,0.519625
"white",6,1.143271,-0.876252,0.278873,-0.798054,0.454067,-0.567739,-1.023438,-0.101661,0.831487,1.466022,-0.255915,0.013904
"white",6,1.143271,-0.876252,0.482630,-1.165584,0.606710,-0.232377,-0.461300,-0.779417,-0.293090,-0.379508,0.101820,0.692583
"white",6,1.143271,-0.822578,0.143035,-1.325079,-1.148679,-0.511845,1.162655,-0.192029,-0.557696,-0.660732,0.101820,0.117623
"white",6,1.143271,-0.795741,0.550549,-1.186388,0.454067,-0.567739,-0.461300,-0.779417,-0.359241,-0.484967,-0.196292,0.741538
"white",7,1.143271,-0.768904,0.007197,-1.304275,-0.538109,0.326559,0.288218,-0.643866,0.368426,-0.397085,-0.732895,0.172625
"white",6,1.143271,-0.742067,1.297658,-1.463769,-0.919715,-1.126676,1.474954,-0.869785,-0.756151,-0.221320,0.042198,0.017002
"white",6,1.143271,-0.715229,-0.332398,-1.082370,0.835674,-0.455952,-1.460657,-0.666458,0.963790,0.833269,-0.613650,0.669476
"white",6,1.143271,-0.715229,0.007197,-1.415228,-1.148679,0.158878,0.662977,-0.779417,-0.094635,0.130210,-0.792517,0.477725
"white",5,1.143271,-0.688392,-1.894534,-1.359751,-0.461787,0.997283,-0.523760,-0.576091,-1.417666,-0.063132,1.204837,0.497202
"white",6,1.143271,-0.661555,-0.060722,-1.415228,0.225104,0.326559,-1.585577,-0.779417,-0.689999,-0.098285,-0.494405,0.582194
"white",7,1.143271,-0.634718,-0.400317,-1.463769,-0.843394,1.723901,-0.211461,-0.756826,1.823761,0.341127,-0.613650,0.173078
"white",6,1.143271,-0.634718,0.958063,-1.411760,-0.385466,-0.623633,-0.773599,-0.643866,0.566881,-0.063132,-0.613650,0.500447
"white",5,1.143271,-0.607881,-2.098291,-1.359751,-0.461787,1.444433,-0.461300,-0.530907,-1.549970,0.130210,1.234648,0.324736
"white",6,1.143271,-0.607881,-0.332398,-1.262668,0.530389,-0.288271,-1.585577,-0.756826,-0.160786,0.130210,-0.434782,0.468755
"white",7,1.143271,-0.607881,-0.264479,-1.779291,-0.461787,1.388539,-1.398197,-0.892377,-0.094635,-0.115861,-1.031007,0.533243
"white",8,1.143271,-0.607881,0.278873,-1.273070,0.072461,-0.008803,0.163298,-0.666458,-0.888454,1.096916,-0.554027,0.067264
"white",6,1.143271,-0.581043,-0.196560,-0.305702,-0.767072,-0.511845,-0.273921,1.524954,-1.285363,-0.379508,-0.852140,0.133266
"white",6,1.143271,-0.554206,-0.060722,-1.040763,-1.072357,-1.294357,-0.149001,0.192033,-0.689999,-0.731038,-1.150252,0.039890
"white",7,1.143271,-0.554206,0.482630,-1.567787,-0.538109,0.606028,-0.211461,-0.711642,-0.689999,-0.291626,-0.673272,0.231584
"white",7,1.143271,-0.527369,-0.128641,-1.370153,-0.996036,-0.623633,1.537414,-0.802009,-0.756151,-0.643156,0.817290,0.209896
"white",6,1.143271,-0.527369,-0.060722,-1.186388,0.530389,-1.406144,-0.211461,-0.497019,-1.153060,-1.592286,0.161443,0.208406
"white",8,1.143271,-0.527369,-0.060722,-0.957548,-0.309145,0.158878,-1.273278,0.417952,-0.954605,0.112633,-0.732895,0.605328
"white",8,1.143271,-0.527369,0.278873,-0.909007,-0.232824,-0.679526,1.162655,-0.643866,1.889913,-0.063132,-1.329120,0.125185
"white",7,1.143271,-0.500532,1.229739,-0.912474,-0.614430,0.661921,-0.273921,0.169441,-0.028483,-0.063132,-0.196292,0.112700
"white",7,1.143271,-0.473695,0.550549,-0.319571,0.759352,0.270666,-0.461300,0.282401,-1.285363,0.833269,0.042198,0.214501
"white",5,1.143271,-0.446857,-0.264479,-1.418695,0.148782,0.829602,-1.273278,-0.734234,-0.888454,0.112633,-0.434782,0.644984
"white",6,1.143271,-0.339509,-0.604073,-1.831300,-1.835570,0.438347,0.350678,-0.892377,-1.285363,1.149645,-0.315537,0.138098
"white",7,1.143271,-0.312672,0.890144,-1.345882,-0.156502,0.550134,-0.398840,-0.621274,-0.359241,0.059904,-0.554027,0.442822
"white",6,1.143271,-0.285834,-0.128641,0.581918,-0.690751,1.053177,3.223829,1.118300,0.103820,1.712093,-0.196292,0.092717
"white",6,1.143271,-0.151648,-0.264479,-0.791120,-0.385466,-0.903101,0.850356,-0.124253,0.302275,-0.397085,-0.375160,0.241093
"white",7,1.176950,-0.581043,-0.671992,-0.971417,-0.690751,-0.400058,-0.149001,0.508320,-0.954605,0.042327,0.399933,0.173339
"white",7,1.185369,-0.742067,0.278873,-0.465197,-0.309145,0.773709,0.350678,0.869790,-1.219212,0.235668,-0.017425,0.673960
"white",6,1.227467,-1.010438,-0.128641,-1.807029,-0.080181,-1.462038,-0.149001,-0.937561,-1.153060,-1.521980,-0.852140,0.482232
"white",7,1.227467,-0.983601,0.143035,-0.832727,-0.309145,0.438347,-0.273921,0.530912,-0.623848,0.323551,0.280688,0.659827
"white",5,1.227467,-0.956764,0.346792,-1.304275,-0.805233,-0.567739,1.037735,-0.417947,-0.425393,-0.608003,-0.792517,0.160344
"white",8,1.227467,-0.876252,-0.196560,0.228257,-0.080181,-0.455952,-0.648679,2.202710,-0.359241,0.481739,0.757668,0.120196
"white",5,1.227467,-0.822578,0.278873,-1.040763,0.377746,-0.847207,-0.711139,-0.169437,-0.359241,-0.484967,-0.196292,0.237277
"white",7,1.227467,-0.795741,-0.128641,-1.273070,0.225104,-0.064696,-0.461300,-0.101661,-1.020757,-0.397085,-0.494405,0.033347
"white",7,1.227467,-0.742067,-0.128641,-1.013025,0.530389,1.891582,-0.648679,-0.530907,0.368426,0.762963,0.161443,0.705513
"white",7,1.227467,-0.742067,-0.128641,0.269864,-0.385466,0.214772,0.850356,1.999384,-0.226938,0.288398,-0.434782,0.641842
"white",6,1.227467,-0.742067,0.007197,-1.529647,-0.919715,0.997283,-0.461300,-0.282396,-1.285363,1.149645,-0.494405,0.666494
"white",7,1.227467,-0.742067,0.278873,-1.571255,-2.293497,3.512498,2.661691,-0.734234,2.352974,0.815692,-1.031007,0.525646
"white",5,1.227467,-0.715229,-0.400317,0.096501,1.064637,0.717815,-1.210818,1.366811,-0.293090,0.991457,0.101820,0.174448
"white",6,1.227467,-0.715229,-0.060722,-1.519246,-0.767072,0.102985,-0.273921,-0.417947,-1.483818,0.622351,-0.554027,0.447714
"white",6,1.227467,-0.715229,4.625687,0.963318,0.377746,-0.120590,0.100838,3.287121,-0.888454,0.358704,0.876913,0.389374
"white",6,1.227467,-0.688392,-0.332398,-0.804989,0.988316,0.047091,-1.335737,-0.079069,-1.351515,-0.397085,-0.554027,0.084746
"white",7,1.227467,-0.688392,-0.060722,-0.666298,-0.385466,-0.567739,0.850356,-0.033885,1.889913,0.639927,-0.196292,0.509824
"white",7,1.227467,-0.688392,0.414711,-1.720347,-0.767072,-0.567739,-1.023438,-0.417947,-1.351515,-0.449814,0.101820,0.499021
"white",6,1.227467,-0.661555,-0.400317,-1.304275,-1.301321,0.270666,1.287575,-0.802009,1.559155,-0.256473,-1.090630,0.704767
"white",5,1.227467,-0.661555,0.143035,-0.690569,-0.461787,-1.182569,0.600517,-0.033885,1.823761,0.182939,0.042198,0.100545
"white",6,1.227467,-0.661555,4.625687,1.004925,0.377746,0.661921,0.413137,3.366192,-0.226938,0.868422,0.519178,0.132035
"white",7,1.227467,-0.634718,-0.128641,-1.616329,-0.996036,0.270666,0.850356,-0.802009,0.169971,-0.344355,0.161443,0.153314
"white",6,1.227467,-0.634718,-0.060722,-1.763688,-0.538109,0.102985,-1.648036,-0.666458,0.500729,-0.344355,-0.852140,0.229740
"white",5,1.227467,-0.634718,0.618468,-1.290406,0.683031,-1.070782,-1.460657,-0.813305,0.169971,-0.906803,-0.434782,0.072643
"white",7,1.227467,-0.607881,-0.536154,-1.359751,-0.843394,-0.288271,0.725436,-0.621274,0.368426,0.323551,0.042198,0.740364
"white",7,1.227467,-0.607881,0.075116,-0.978352,-0.690751,-0.623633,0.975276,-0.101661,0.302275,-0.608003,-0.017425,0.458752
"white",6,1.227467,-0.607881,0.143035,0.131173,-0.309145,0.494240,0.662977,1.999384,-0.028483,0.341127,-0.494405,0.252167
"white",7,1.227467,-0.607881,0.210954,-0.735643,0.225104,-1.014888,-0.398840,0.214625,-0.954605,0.200515,-0.017425,0.446504
"white",6,1.227467,-0.607881,0.346792,-1.734216,-0.232824,0.326559,-1.835416,-0.734234,0.368426,-0.344355,-1.090630,0.313267
"white",6,1.227467,-0.607881,0.414711,-1.477638,0.683031,0.326559,-2.647393,-0.937561,0.103820,-0.502544,-1.329120,0.464813
"white",7,1.227467,-0.607881,1.773091,-1.623264,-1.225000,-0.064696,1.787253,-0.858489,0.434578,0.253245,-0.971385,0.529059
"white",6,1.227467,-0.581043,-0.128641,-1.512311,-0.996036,1.500326,-0.836059,-0.282396,-1.285363,0.358704,-0.017425,0.010782
"white",6,1.227467,-0.581043,1.161820,-0.354244,0.911995,-0.455952,-1.148358,0.621279,-1.285363,-0.344355,-0.673272,0.346091
"white",7,1.227467,-0.554206,-0.060722,-0.818858,-0.156502,0.829602,-1.523117,0.914973,-1.483818,0.446586,-0.196292,0.152788
"white",6,1.227467,-0.554206,0.007197,-1.359751,-0.538109,0.438347,-0.398840,-0.463131,0.368426,-0.379508,-0.315537,0.333153
"white",7,1.227467,-0.554206,0.210954,-0.735643,0.301425,-1.014888,-0.398840,0.282401,-0.954605,0.200515,-0.077047,0.641888
"white",7,1.227467,-0.554206,0.482630,-0.354244,0.377746,-1.238463,-1.023438,0.869790,-1.020757,0.042327,-0.375160,0.350863
"white",6,1.227467,-0.527369,-0.604073,-1.494975,-0.996036,0.438347,0.850356,-0.802009,-0.293090,-0.379508,-0.852140,0.144717
"white",6,1.227467,-0.527369,-0.060722,-1.221061,-0.080181,-0.847207,-0.523760,-0.779417,-0.226938,-0.203744,-1.031007,0.514518
"white",7,1.227467,-0.527369,0.210954,-1.546984,-0.461787,0.382453,-0.273921,-0.802009,0.963790,-0.133438,-0.911762,0.732005
"white",6,1.227467,-0.527369,1.365577,-1.491508,-0.843394,0.102985,0.100838,-0.824601,-0.557696,0.147786,2.009741,0.508209
"white",7,1.227467,-0.500532,0.143035,-1.255733,-0.767072,3.065349,0.662977,-0.756826,2.154519,0.675080,-1.090630,0.035731
"white",6,1.227467,-0.500532,0.210954,-1.151715,-0.309145,-1.126676,-0.836059,-0.508315,-0.028483,0.868422,-0.255915,0.715689
"white",6,1.227467,-0.473695,-0.264479,-1.325079,-0.996036,1.388539,1.350035,-0.350172,-0.623848,0.657504,1.652005,0.628219
"white",6,1.227467,-0.473695,-0.128641,-1.186388,-0.003860,0.717815,0.475597,-0.689050,-0.822302,1.290257,-0.852140,0.598901
"white",6,1.227467,-0.473695,0.075116,-1.540049,-0.538109,0.326559,-0.024081,-0.802009,0.765336,-0.080708,-0.852140,0.070438
"white",6,1.227467,-0.473695,0.414711,-1.664871,-0.843394,0.382453,-0.149001,-0.802009,-0.689999,0.130210,-0.792517,0.536245
"white",5,1.227467,-0.473695,0.618468,-1.387490,-0.385466,0.997283,0.163298,-0.485723,-0.689999,0.130210,-0.613650,0.086685
"white",6,1.227467,-0.446857,-0.128641,-1.619796,-0.156502,-0.903101,-0.149001,-0.824601,-1.351515,-0.906803,-0.732895,0.633304
"white",7,1.227467,-0.446857,0.210954,-1.703011,-0.309145,-0.064696,-1.960336,-0.734234,0.236123,-0.537697,-1.031007,0.114374
"white",5,1.227467,-0.446857,0.346792,-1.536582,-0.461787,0.047091,-0.461300,-0.779417,0.831487,-0.238897,-0.732895,0.714987
"white",6,1.227467,-0.446857,0.414711,-1.352817,0.759352,0.606028,-2.147715,-0.892377,0.434578,-0.397085,-0.971385,0.281134
"white",6,1.227467,-0.420020,0.007197,-1.644067,0.072461,-0.064696,-0.960979,-0.869785,-0.557696,-0.361932,-0.494405,0.704097
"white",6,1.227467,-0.420020,0.007197,-1.082370,-0.614430,-0.679526,1.287575,-0.440539,-0.756151,0.200515,-0.852140,0.277863
"white",6,1.227467,-0.420020,4.625687,1.102008,0.225104,0.158878,0.100838,3.264529,-1.020757,0.587198,0.340310,0.218598
"white",7,1.227467,-0.393183,-0.196560,-0.874334,-0.614430,-0.344164,0.038378,0.180737,-1.417666,-0.274050,-1.299309,0.516049
"white",7,1.227467,-0.393183,0.143035,-1.151715,-0.156502,-0.567739,0.538057,-0.847193,0.765336,-0.801344,-0.136670,0.373055
"white",7,1.227467,-0.393183,0.618468,-0.042190,0.835674,0.606028,-0.773599,0.937565,-1.020757,0.833269,-0.494405,0.586134
"white",6,1.227467,-0.366346,0.822225,-0.000583,0.759352,1.220858,-1.148358,1.660505,-1.351515,0.692657,-0.255915,0.118998
"white",7,1.227467,-0.339509,0.007197,-0.458262,-0.232824,0.326559,0.975276,0.779422,-1.219212,0.657504,0.221065,0.586938
"white",7,1.227467,-0.339509,0.143035,-0.929810,-0.538109,-0.176483,0.350678,0.146850,0.434578,-0.414661,-0.136670,0.027462
"white",5,1.227467,-0.285834,-0.264479,-1.578189,-0.080181,0.158878,-0.648679,-0.711642,-1.483818,-0.203744,-0.673272,0.100967
"white",8,1.227467,-0.285834,-0.060722,-1.491508,-0.538109,-0.623633,-0.461300,-0.327580,-1.285363,0.499316,0.519178,0.738538
"white",7,1.227467,-0.232160,-0.060722,-1.730749,-1.530285,-0.735420,0.100838,-0.756826,-1.086909,-0.941956,-0.792517,0.633624
"white",8,1.227467,-0.232160,0.007197,-1.186388,-0.309145,0.270666,0.350678,-0.598682,-0.491544,-0.203744,0.042198,0.683119
"white",6,1.227467,-0.232160,0.482630,-1.415228,0.072461,-0.344164,-1.772956,-0.621274,-1.219212,-0.484967,-0.852140,0.464780
"white",7,1.227467,-0.071137,0.143035,-0.898605,-0.538109,-0.455952,-0.149001,-0.101661,-0.491544,0.270821,-0.375160,0.131768
"white",6,1.227467,0.841328,2.859794,-0.596953,-0.309145,-0.400058,1.787253,-0.508315,1.096094,1.237528,-0.017425,0.685327
"white",6,1.269566,-1.117787,0.550549,-1.671805,-1.682927,-0.567739,0.912816,-0.711642,0.103820,-0.291626,-0.852140,0.510346
"white",6,1.283599,-0.420020,-0.196560,-1.550451,-0.767072,-0.455952,-0.773599,-0.259804,0.368426,-0.625579,0.042198,0.481470
"white",7,1.311664,-0.849415,-0.060722,-1.338948,0.454067,-0.455952,-1.460657,-0.327580,-0.425393,-0.256473,-0.494405,0.036685
"white",7,1.311664,-0.822578,-0.536154,-1.221061,0.454067,-0.232377,-0.898519,-0.779417,1.360700,1.307834,-0.852140,0.263891
"white",6,1.311664,-0.822578,0.482630,-0.576149,-0.309145,0.214772,-0.273921,1.027933,-1.219212,0.165362,-0.136670,0.582452
"white",7,1.311664,-0.768904,0.414711,-0.617756,-0.538109,-0.567739,-0.773599,1.163484,-0.689999,-0.572850,0.101820,0.205803
"white",6,1.311664,-0.742067,0.075116,-1.567787,-0.767072,-0.344164,0.100838,-0.756826,-0.226938,-0.063132,-0.375160,0.139985
"white",7,1.311664,-0.715229,-0.468236,-1.533115,-0.080181,-0.288271,-0.024081,-0.779417,-1.285363,0.200515,-0.077047,0.052936
"white",6,1.311664,-0.715229,-0.468236,-0.295300,0.301425,-0.847207,-0.773599,1.005341,-0.623848,0.376280,-0.136670,0.212837
"white",6,1.311664,-0.715229,-0.400317,-1.935318,-0.843394,-0.288271,-1.210818,-0.802009,-0.822302,-0.238897,-0.375160,0.508581
"white",6,1.311664,-0.715229,-0.332398,-0.784185,-0.996036,0.550134,2.037092,-0.056477,0.963790,-0.080708,-1.329120,0.437425
"white",7,1.311664,-0.715229,0.278873,-1.651002,-1.377642,2.450518,0.100838,-0.802009,3.014489,0.112633,-0.673272,0.281407
"white",7,1.311664,-0.715229,1.161820,-1.498442,-0.538109,-0.791314,-0.773599,-0.485723,-0.293090,-0.361932,0.101820,0.315280
"white",7,1.311664,-0.688392,-0.196560,-1.713413,-0.003860,0.550134,-0.648679,-0.914969,-0.888454,0.147786,-1.090630,0.619840
"white",6,1.311664,-0.661555,0.007197,-1.664871,-0.156502,-0.064696,0.038378,-0.892377,-1.153060,-0.608003,-1.090630,0.402032
"white",7,1.311664,-0.661555,0.075116,-0.673233,-0.919715,-0.455952,-0.773599,1.095708,-0.689999,-0.432238,-0.136670,0.074270
"white",8,1.311664,-0.634718,0.007197,-0.902072,-0.461787,1.612114,-0.211461,0.214625,1.162245,0.235668,-1.150252,0.292794
"white",8,1.311664,-0.607881,0.278873,-1.768889,-0.538109,0.102985,-0.711139,-0.960152,-0.226938,-0.063132,0.042198,0.101024
"white",7,1.311664,-0.607881,0.550549,-1.068501,-1.225000,0.326559,-0.086541,0.237217,-0.689999,0.059904,-0.375160,0.698144
"white",6,1.311664,-0.581043,0.075116,0.512573,1.293601,-0.791314,-1.398197,2.417333,-1.086909,0.305974,-0.613650,0.010727
"white",7,1.311664,-0.581043,0.278873,-1.879841,-1.606606,0.550134,0.038378,-0.847193,0.699184,-0.643156,-0.554027,0.294144
"white",8,1.311664,-0.554206,-1.894534,-1.775823,-1.530285,0.717815,0.850356,-0.824601,-1.351515,0.077480,0.578800,0.686632
"white",6,1.311664,-0.554206,-0.264479,-0.853530,-0.461787,-1.126676,-0.960979,0.937565,-1.219212,-0.397085,0.280688,0.678411
"white",6,1.311664,-0.527369,0.278873,-1.678740,-0.232824,0.550134,-0.898519,-0.937561,-1.153060,0.727810,-0.255915,0.507332
"white",6,1.311664,-0.473695,-0.264479,-1.602460,-0.767072,-0.344164,0.850356,-0.892377,-0.425393,-0.643156,-0.852140,0.588601
"white",6,1.311664,-0.446857,-0.196560,-1.571255,-1.148679,-0.176483,-0.336380,-0.350172,-1.153060,0.552045,-0.732895,0.177229
"white",7,1.311664,-0.446857,0.143035,-1.182921,-0.538109,-0.064696,0.350678,-0.327580,-0.359241,0.112633,-0.375160,0.377513
"white",6,1.311664,-0.420020,-0.196560,0.030623,-0.080181,-0.008803,-1.273278,1.931608,2.816035,0.393857,0.221065,0.677342
"white",6,1.311664,-0.393183,0.210954,-1.290406,0.454067,-1.238463,-0.711139,-0.734234,-0.822302,0.921151,-0.017425,0.302395
"white",6,1.311664,-0.232160,0.143035,-1.276537,0.377746,-1.462038,-0.273921,-0.869785,-1.285363,0.077480,-0.255915,0.621492
"white",7,1.311664,0.063049,-0.264479,-0.954081,-0.538109,-0.064696,0.038378,-0.304988,-0.822302,0.639927,-0.732895,0.569727
"white",6,1.311664,1.565932,1.093901,-0.943679,-0.614430,-0.064696,0.100838,-0.643866,0.302275,-0.186167,-0.703084,0.718381
"white",7,1.353762,-0.768904,-0.264479,-0.985287,-0.767072,0.829602,-0.086541,0.146850,3.609854,0.112633,-0.792517,0.421535
"white",6,1.353762,-0.581043,-0.400317,-1.753286,-0.919715,-1.126676,-0.711139,-0.643866,-0.359241,-0.748615,-0.494405,0.635206
"white",6,1.395860,-1.037276,-0.264479,-1.144781,-0.538109,0.606028,0.100838,0.237217,-1.417666,-0.203744,-0.077047,0.015704
"white",6,1.395860,-0.956764,0.754306,-1.567787,0.072461,-0.567739,-0.898519,-0.689050,0.169971,-0.801344,-0.613650,0.434502
"white",6,1.395860,-0.929927,9.108339,-0.995688,0.148782,0.214772,0.225758,-0.666458,0.103820,-0.027979,-0.852140,0.427587
"white",7,1.395860,-0.876252,-0.332398,-1.359751,-0.843394,-0.567739,1.100195,-0.553499,0.897639,-0.168591,-0.017425,0.640038
"white",6,1.395860,-0.822578,-0.604073,-0.985287,-1.453963,-0.232377,-0.273921,1.039229,-0.028483,0.077480,-0.136670,0.292186
"white",6,1.395860,-0.822578,0.346792,-1.446433,-0.309145,-0.064696,-0.523760,-0.440539,-0.557696,-0.379508,-0.554027,0.562077
"white",7,1.395860,-0.742067,-0.468236,-1.311210,-0.538109,1.332645,-0.336380,-0.056477,-0.623848,0.235668,-0.375160,0.009108
"white",6,1.395860,-0.742067,-0.332398,-1.845169,-0.996036,0.382453,-0.149001,-0.802009,-0.491544,-0.590426,-0.554027,0.683678
"white",6,1.395860,-0.742067,-0.060722,-1.300808,0.835674,-0.903101,-1.710496,-0.689050,1.559155,0.464163,-0.494405,0.235873
"white",6,1.395860,-0.742067,1.025982,-1.567787,-0.767072,-0.400058,0.225758,-0.824601,-0.756151,-0.590426,-1.090630,0.465237
"white",7,1.395860,-0.715229,-0.060722,-1.460302,-1.377642,-0.176483,0.475597,-0.237212,-0.689999,-0.115861,-0.077047,0.594583
"white",7,1.395860,-0.715229,0.278873,-1.429097,-0.232824,0.047091,-0.523760,-0.350172,-1.020757,0.358704,0.817290,0.113990
"white",6,1.395860,-0.688392,-1.079506,-1.044230,-0.996036,-0.511845,0.100838,0.304993,-0.491544,0.341127,0.548989,0.621786
"white",7,1.395860,-0.688392,-0.671992,-1.304275,-0.003860,-1.126676,-1.585577,-0.124253,-0.094635,-0.731038,-0.077047,0.485618
"white",4,1.395860,-0.688392,0.346792,-1.671805,-0.690751,-1.350250,0.475597,-0.734234,-1.285363,-0.941956,-0.613650,0.090907
"white",7,1.395860,-0.661555,0.143035,0.235191,-0.309145,0.941390,0.912816,2.021975,-0.226938,0.323551,-0.554027,0.505790
"white",7,1.395860,-0.661555,0.822225,-1.325079,-0.080181,0.102985,0.163298,-0.734234,-0.359241,-0.133438,-0.375160,0.647631
"white",6,1.395860,-0.661555,1.773091,-0.614289,-0.232824,-0.064696,0.350678,0.711647,-0.623848,0.956304,1.413515,0.673394
"white",6,1.395860,-0.634718,0.143035,-1.657936,-0.080181,-0.176483,0.100838,-0.914969,-0.822302,-0.731038,-1.150252,0.279460
"white",7,1.395860,-0.607881,-0.400317,-1.155183,-0.385466,0.494240,-1.460657,0.643871,-1.549970,0.147786,0.101820,0.119042
"white",6,1.395860,-0.607881,0.278873,-0.340375,0.606710,-1.238463,-1.085898,1.344219,-0.822302,-0.783767,-0.255915,0.097932
"white",6,1.395860,-0.581043,-0.468236,-1.054632,0.606710,0.438347,-1.960336,0.304993,-2.013031,-0.203744,-0.017425,0.631053
"white",7,1.395860,-0.581043,-0.264479,-0.943679,0.377746,0.326559,-0.211461,-0.033885,0.302275,-0.098285,0.280688,0.678497
"white",6,1.395860,-0.581043,0.143035,-1.394424,-0.156502,0.326559,-0.273921,-0.463131,-0.689999,-0.221320,-0.613650,0.116162
"white",6,1.395860,-0.554206,-1.826615,-0.635093,-0.156502,-0.623633,0.225758,0.666463,-0.491544,0.868422,1.234648,0.412953
"white",6,1.395860,-0.554206,-0.128641,-1.144781,-0.385466,-0.176483,-0.648679,0.056482,-0.491544,0.885998,0.638423,0.072837
"white",8,1.395860,-0.554206,0.482630,-1.290406,-0.080181,-0.008803,0.350678,-0.666458,-0.689999,0.165362,-0.554027,0.124808
"white",7,1.395860,-0.527369,-0.196560,-1.706478,-0.156502,0.158878,-0.648679,-0.824601,-1.153060,0.235668,-0.196292,0.059362
"white",7,1.395860,-0.527369,0.618468,-1.186388,0.072461,1.220858,0.413137,-0.734234,-0.954605,0.885998,-0.554027,0.562099
"white",7,1.395860,-0.500532,-1.554939,-1.491508,-2.140855,1.220858,1.162655,0.011298,-0.888454,-0.309203,1.175025,0.301086
"white",7,1.395860,-0.500532,-0.400317,-1.810496,-0.385466,1.556220,-1.398197,-0.711642,-0.425393,0.411433,-0.017425,0.141007
"white",6,1.395860,-0.500532,-0.332398,-1.137846,-0.232824,0.158878,-0.149001,-0.011294,-0.756151,0.903575,0.578800,0.201194
"white",6,1.395860,-0.500532,-0.128641,-1.082370,-0.232824,0.494240,0.600517,-0.689050,-1.086909,1.325410,-0.971385,0.560514
"white",6,1.395860,-0.473695,0.210954,-0.943679,-0.156502,-0.344164,-0.336380,-0.802009,0.699184,0.182939,-0.136670,0.385678
"white",7,1.395860,-0.473695,0.482630,-0.596953,-0.156502,0.885496,-0.086541,0.259809,-1.219212,0.850845,0.698045,0.700852
"white",6,1.395860,-0.446857,1.161820,-1.082370,-0.156502,0.214772,0.100838,0.056482,-0.888454,0.182939,-0.971385,0.271788
"white",6,1.395860,-0.420020,0.007197,-0.929810,0.606710,0.047091,-1.897876,-0.101661,1.360700,1.149645,-0.077047,0.487635
"white",8,1.395860,-0.420020,0.346792,-1.290406,0.072461,1.164964,0.225758,-0.711642,-0.888454,0.885998,-0.673272,0.202004
"white",8,1.395860,-0.420020,1.161820,-0.666298,-0.080181,-0.120590,1.162655,0.327585,0.302275,-0.063132,-0.375160,0.298160
"white",6,1.395860,-0.393183,-1.079506,-1.872907,-1.072357,0.773709,0.038378,-0.824601,-1.086909,-0.274050,-0.852140,0.658471
"white",7,1.395860,-0.393183,0.550549,-1.664871,-0.614430,-0.400058,-0.711139,-0.802009,-0.491544,-0.484967,-1.150252,0.131113
"white",6,1.395860,-0.339509,2.859794,-1.221061,-0.080181,0.661921,0.538057,-0.530907,-0.822302,0.516892,-0.732895,0.369960
"white",6,1.395860,-0.339509,2.859794,-0.735643,0.835674,0.158878,0.163298,-0.135549,-0.756151,0.270821,-0.852140,0.437060
"white",7,1.395860,-0.285834,-0.264479,-0.943679,0.377746,0.158878,-0.398840,-0.124253,0.169971,-0.221320,0.519178,0.140579
"white",6,1.395860,-0.232160,-0.128641,-1.761954,-1.606606,0.550134,0.413137,-0.621274,-0.491544,0.622351,-0.255915,0.004474
"white",6,1.395860,0.036212,-0.332398,-0.881269,-0.614430,-0.176483,-0.024081,-0.011294,-0.293090,0.639927,-0.255915,0.551539
"white",6,1.395860,0.170398,1.161820,-1.186388,-0.690751,0.270666,0.975276,-0.869785,-0.756151,-0.397085,-0.434782,0.693457
"white",5,1.437959,-0.339509,0.007197,-1.415228,-0.461787,-0.679526,-0.711139,-0.847193,0.169971,-0.379508,-0.434782,0.085614
"white",7,1.480057,-1.064113,-2.098291,-1.775823,-1.606606,-0.288271,0.975276,-0.802009,-1.153060,-0.221320,0.459555,0.563229
"white",6,1.480057,-0.822578,-0.128641,-1.068501,-0.232824,0.270666,-1.398197,0.711647,-1.086909,-0.045555,-0.315537,0.635944
"white",7,1.480057,-0.768904,0.007197,-1.151715,-0.919715,-0.064696,1.100195,-0.350172,1.162245,-0.027979,-0.494405,0.572062
"white",7,1.480057,-0.742067,-0.128641,-0.995688,-0.232824,0.214772,0.850356,-0.079069,-0.293090,0.587198,-0.017425,0.726403
"white",6,1.480057,-0.742067,0.075116,-1.588591,-1.072357,-0.008803,0.163298,-0.304988,-0.756151,-0.467391,-0.315537,0.547767
"white",6,1.480057,-0.742067,0.958063,-1.221061,-0.843394,-0.511845,0.413137,-0.079069,0.566881,-0.361932,-0.017425,0.489693
"white",7,1.480057,-0.715229,-0.332398,-0.971417,0.301425,0.102985,-0.024081,0.033890,0.566881,-0.238897,0.340310,0.516699
"white",7,1.480057,-0.715229,1.161820,-1.463769,-0.080181,-0.008803,-0.586220,-0.463131,-0.954605,-0.326779,-0.554027,0.509766
"white",7,1.480057,-0.688392,0.007197,-0.756447,-0.843394,0.606028,0.163298,0.892382,-1.814576,0.341127,-0.613650,0.103592
"white",7,1.480057,-0.688392,0.075116,-1.612862,-0.309145,-0.455952,-0.898519,-0.847193,0.566881,-0.484967,-0.911762,0.284073
"white",6,1.480057,-0.661555,-0.264479,-0.971417,-0.461787,-0.232377,-0.586220,0.372768,-1.417666,-0.414661,-0.613650,0.612866
"white",6,1.480057,-0.661555,-0.196560,-1.706478,-0.919715,-0.176483,0.975276,-0.914969,-0.623848,-0.326779,-0.494405,0.392905
"white",7,1.480057,-0.661555,-0.060722,-0.992221,-0.080181,0.326559,0.787896,0.033890,-0.425393,0.446586,-0.017425,0.558391
"white",7,1.480057,-0.634718,-0.536154,-1.418695,-1.072357,1.947476,2.286932,-0.824601,0.169971,0.956304,-0.852140,0.556310
"white",7,1.480057,-0.634718,-0.400317,-1.304275,0.301425,-0.232377,-1.523117,-0.056477,-0.293090,-0.678309,-0.852140,0.476930
"white",7,1.480057,-0.634718,0.278873,-1.359751,-0.003860,0.382453,-0.773599,-0.689050,1.162245,-0.010402,-0.136670,0.453311
"white",7,1.480057,-0.634718,0.482630,-1.290406,-0.003860,-0.064696,0.225758,-0.621274,0.037668,-0.221320,-0.673272,0.562487
"white",8,1.480057,-0.634718,1.161820,-0.319571,0.606710,0.494240,-0.586220,0.892382,-1.020757,1.149645,-0.017425,0.444963
"white",7,1.480057,-0.607881,-0.536154,-1.460302,-0.461787,-0.064696,-0.773599,-0.395356,-0.888454,-0.274050,-0.017425,0.012702
"white",7,1.480057,-0.607881,-0.400317,-1.151715,-0.919715,0.661921,0.975276,0.214625,-1.020757,0.341127,0.221065,0.154849
"white",6,1.480057,-0.607881,-0.264479,-1.817431,-0.538109,-0.232377,0.163298,-0.892377,-1.351515,-0.555273,-0.613650,0.027137
"white",7,1.480057,-0.607881,-0.128641,-1.151715,-0.080181,-0.008803,-0.898519,-0.395356,-1.483818,-0.221320,-0.077047,0.152994
"white",6,1.480057,-0.581043,-0.671992,-1.484573,-0.309145,0.550134,-0.836059,-0.372764,-0.425393,0.130210,-0.315537,0.127565
"white",6,1.480057,-0.581043,0.346792,-1.366686,-0.156502,0.214772,0.225758,-0.779417,-0.425393,0.200515,-0.315537,0.723932
"white",6,1.480057,-0.581043,0.754306,-1.013025,0.759352,0.047091,-0.773599,-0.779417,-0.226938,0.235668,-0.434782,0.478462
"white",6,1.480057,-0.527369,-0.400317,0.952916,-0.309145,0.829602,-1.148358,3.445264,-1.020757,0.622351,-0.255915,0.268913
"white",6,1.480057,-0.527369,0.007197,-1.592058,-0.690751,-1.014888,0.475597,-0.802009,-0.491544,-0.678309,-0.136670,0.011666
"white",6,1.480057,-0.527369,0.143035,-1.748085,-0.996036,0.550134,-0.211461,-0.689050,-0.226938,-0.115861,-0.613650,0.507845
"white",7,1.480057,-0.473695,-0.128641,-0.874334,-1.148679,-0.344164,1.974633,0.146850,0.500729,-0.291626,0.519178,0.205269
"white",7,1.480057,-0.393183,-0.400317,-1.335481,-0.538109,0.158878,-1.023438,0.033890,-0.226938,-0.045555,0.221065,0.338627
"white",6,1.480057,-0.366346,-0.400317,-1.165584,-0.309145,0.550134,-0.336380,0.033890,-0.822302,1.079339,0.519178,0.053570
"white",6,1.480057,-0.258997,0.822225,-1.221061,-0.003860,1.164964,-1.335737,-0.192029,1.493003,0.516892,-0.017425,0.500682
"white",6,1.480057,0.036212,-0.671992,0.027155,-1.072357,0.661921,0.600517,1.728281,-1.020757,1.606634,-0.434782,0.582244
"white",5,1.508122,-0.554206,-1.283263,-1.567787,-1.606606,-0.735420,1.100195,-0.745530,-0.160786,-0.731038,-0.226104,0.703604
"white",8,1.564253,-0.983601,-0.060722,-1.446433,-0.461787,-0.064696,0.225758,-0.847193,-0.623848,-0.449814,-0.077047,0.004379
"white",9,1.564253,-0.956764,-0.196560,-1.689142,-0.461787,-0.344164,1.162655,-0.779417,0.500729,-0.520120,0.101820,0.488497
"white",6,1.564253,-0.822578,-0.604073,-1.706478,-0.309145,0.047091,-0.773599,-0.395356,-0.888454,-0.274050,-0.136670,0.260251
"white",5,1.564253,-0.822578,-0.196560,-0.943679,1.064637,-0.623633,-1.335737,-0.214620,-1.020757,-0.238897,0.847102,0.544615
"white",6,1.564253,-0.822578,0.210954,-1.387490,-1.148679,-0.735420,-0.273921,0.011298,0.897639,-0.027979,0.340310,0.586625
"white",6,1.564253,-0.795741,0.618468,-1.349350,-0.461787,-0.903101,0.288218,-0.689050,0.633033,-0.625579,-0.077047,0.378542
"white",6,1.564253,-0.795741,2.791875,-1.567787,-0.461787,-0.511845,-0.648679,-0.643866,-0.359241,-0.397085,-0.315537,0.167280
"white",6,1.564253,-0.768904,0.143035,-1.463769,0.301425,0.661921,-1.335737,-0.417947,-1.351515,0.833269,0.161443,0.103116
"white",7,1.564253,-0.768904,0.278873,-1.810496,0.148782,0.661921,-1.460657,-0.892377,-0.954605,-0.168591,-0.375160,0.557753
"white",6,1.564253,-0.768904,0.278873,-0.624691,0.072461,0.773709,-0.523760,0.711647,-0.822302,-0.063132,-1.031007,0.154205
"white",7,1.564253,-0.715229,-0.264479,-1.567787,-0.309145,-0.064696,0.038378,-0.237212,-0.491544,-0.625579,0.161443,0.490797
"white",7,1.564253,-0.715229,-0.128641,-1.678740,-1.148679,-0.288271,0.912816,-0.847193,-0.689999,-0.291626,-0.613650,0.521985
"white",7,1.564253,-0.688392,0.278873,-1.671805,-1.530285,0.885496,-0.523760,0.011298,-1.483818,0.534469,-0.196292,0.298194
"white",6,1.564253,-0.661555,-0.264479,-0.804989,-0.538109,0.047091,-1.273278,1.400699,-1.020757,-0.484967,0.519178,0.677803
"white",7,1.564253,-0.661555,0.143035,-1.498442,-0.232824,-0.344164,-0.523760,-0.530907,-1.020757,0.112633,-0.673272,0.745210
"white",5,1.564253,-0.634718,-2.166210,-1.852103,-1.072357,0.550134,0.225758,-0.824601,-1.219212,-0.133438,1.175025,0.114169
"white",7,1.564253,-0.634718,0.278873,-1.221061,-0.309145,-0.120590,-0.711139,-0.011294,-0.888454,0.727810,0.638423,0.030282
"white",6,1.564253,-0.634718,0.414711,-1.699544,-0.843394,-0.120590,-0.398840,-0.621274,-0.293090,-0.063132,-0.971385,0.345423
"white",6,1.564253,-0.554206,-2.030372,-0.707905,-2.598782,-0.567739,3.286289,1.366811,-0.623848,-0.010402,-0.196292,0.584918
"white",7,1.564253,-0.554206,-0.536154,-1.637133,-0.843394,0.438347,0.413137,-0.802009,-0.756151,0.165362,-0.136670,0.205500
"white",6,1.564253,-0.554206,0.075116,-1.758487,-1.148679,0.382453,0.225758,-0.711642,0.302275,-0.080708,-0.732895,0.148936
"white",7,1.564253,-0.554206,0.346792,-1.692609,-0.385466,0.829602,-0.211461,-0.847193,-0.160786,0.182939,-1.090630,0.709013
"white",7,1.564253,-0.554206,1.161820,-1.013025,-0.156502,-0.735420,0.225758,-0.079069,0.963790,-0.168591,-0.255915,0.618648
"white",6,1.564253,-0.500532,-2.166210,-0.475598,-1.225000,-0.958995,1.350035,1.163484,-0.491544,-0.063132,-0.494405,0.373808
"white",8,1.564253,-0.500532,0.210954,-1.013025,-0.232824,0.382453,-1.398197,0.802014,-1.417666,0.182939,0.101820,0.111698
"white",6,1.564253,-0.446857,-0.332398,-1.865972,-0.614430,0.270666,-0.586220,-0.802009,-1.549970,-0.168591,-0.613650,0.703978
"white",6,1.564253,-0.446857,0.143035,-1.276537,0.301425,-0.679526,-1.023438,-0.011294,-0.359241,-1.029838,-0.434782,0.510020
"white",6,1.564253,-0.446857,0.482630,-0.700971,0.072461,0.829602,0.475597,0.033890,-0.425393,0.850845,-0.017425,0.240692
"white",7,1.564253,-0.393183,0.210954,-1.699544,-0.461787,-0.232377,-0.211461,-0.734234,1.426852,-0.168591,-1.090630,0.479113
"white",6,1.564253,-0.393183,0.210954,-1.359751,-0.309145,-0.791314,-0.211461,-0.621274,0.169971,-0.520120,-0.375160,0.264867
"white",7,1.564253,-0.339509,0.550549,-1.151715,-0.461787,0.997283,1.974633,-0.802009,-0.094635,0.499316,-1.090630,0.550487
"white",8,1.564253,-0.312672,0.007197,-1.755020,-1.072357,0.438347,0.038378,-0.779417,2.683732,-0.344355,-0.792517,0.494603
"white",6,1.564253,-0.312672,0.075116,-1.338948,0.683031,-0.232377,-1.523117,-0.847193,-0.623848,-0.256473,-0.434782,0.646852
"white",6,1.564253,-0.232160,1.229739,-0.943679,1.369922,-0.232377,-0.086541,-0.869785,-1.285363,-0.133438,-0.613650,0.566817
"white",6,1.564253,-0.178486,0.075116,-1.560853,0.606710,0.606028,-1.398197,-0.869785,-0.557696,-0.203744,-0.434782,0.498291
"white",5,1.564253,-0.071137,-0.332398,-1.082370,-1.072357,-0.008803,1.912173,-0.553499,-0.756151,0.727810,-0.375160,0.413281
"white",8,1.564253,-0.044300,-0.468236,-0.974885,-0.614430,-0.120590,0.288218,-0.011294,-0.226938,0.411433,-0.136670,0.165622
"white",7,1.648450,-1.144624,0.007197,-1.540049,-0.614430,0.214772,0.100838,-0.598682,0.831487,-0.449814,-0.315537,0.055489
"white",6,1.648450,-0.956764,0.075116,-2.053205,-0.843394,-0.232377,-0.648679,-0.643866,-1.549970,0.042327,-0.434782,0.724469
"white",6,1.648450,-0.903090,-0.196560,-1.567787,-0.461787,-0.623633,0.163298,-0.689050,-0.557696,-0.502544,-0.613650,0.614107
"white",7,1.648450,-0.903090,0.075116,-1.221061,-0.690751,-0.120590,0.475597,-0.079069,-1.020757,-0.080708,0.399933,0.257205
"white",7,1.648450,-0.876252,0.075116,-0.943679,0.301425,-0.903101,0.163298,0.440544,-0.557696,0.270821,0.817290,0.179599
"white",6,1.648450,-0.876252,0.822225,-1.793160,-0.690751,0.326559,-0.273921,-0.756826,-0.888454,0.024751,-0.554027,0.704866
"white",6,1.648450,-0.822578,0.007197,-1.429097,-0.309145,0.717815,0.413137,-0.779417,0.037668,0.569622,-0.673272,0.369212
"white",6,1.648450,-0.822578,0.618468,-1.221061,0.454067,-0.064696,-1.273278,-0.756826,1.625306,0.446586,-1.090630,0.136492
"white",6,1.648450,-0.795741,-0.739911,-1.775823,-1.606606,-0.847207,1.724793,-0.756826,-0.557696,-0.748615,0.280688,0.081615
"white",8,1.648450,-0.795741,-0.400317,-0.777251,-0.156502,0.382453,-1.023438,0.937565,-1.285363,0.130210,-0.732895,0.508317
"white",6,1.648450,-0.795741,0.822225,-1.137846,0.530389,0.941390,-1.648036,0.327585,-1.086909,0.200515,-0.017425,0.562272
"white",6,1.648450,-0.742067,-0.468236,-1.664871,-1.301321,0.158878,0.850356,-0.711642,0.831487,0.059904,-0.255915,0.235657
"white",6,1.648450,-0.742067,0.278873,-1.304275,-0.003860,-0.511845,-0.586220,-0.689050,0.633033,-0.906803,-0.613650,0.060724
"white",6,1.648450,-0.715229,0.958063,-1.325079,0.606710,-0.008803,0.038378,-0.802009,-0.425393,0.182939,-0.673272,0.404694
"white",6,1.648450,-0.688392,0.007197,-1.755020,-0.385466,0.047091,-0.648679,-0.756826,-1.219212,-0.010402,-0.136670,0.452369
"white",9,1.648450,-0.688392,0.278873,-1.377088,0.148782,-0.176483,0.350678,-0.689050,-0.359241,0.429010,-0.613650,0.385256
"white",6,1.648450,-0.688392,0.346792,-1.304275,-1.530285,0.661921,0.163298,0.259809,-0.822302,0.323551,-0.017425,0.396110
"white",8,1.648450,-0.661555,-1.215344,-0.943679,-1.682927,0.270666,1.912173,0.734238,-0.160786,0.868422,1.234648,0.169569
"white",5,1.648450,-0.661555,-0.739911,-1.474171,-1.301321,-0.400058,1.225115,-0.779417,-0.756151,-0.520120,-0.375160,0.736970
"white",6,1.648450,-0.661555,0.007197,-1.103174,0.148782,-0.064696,-0.773599,-0.304988,0.897639,1.378140,-0.494405,0.511928
"white",6,1.648450,-0.634718,0.075116,-1.345882,-0.385466,-1.014888,0.413137,-0.689050,0.765336,-0.713462,-0.196292,0.490025
"white",6,1.648450,-0.607881,-0.332398,-1.013025,-0.614430,-0.679526,0.850356,-0.033885,1.162245,0.130210,-0.136670,0.415663
"white",6,1.648450,-0.607881,-0.264479,-1.044230,-0.385466,-0.064696,-1.648036,0.734238,-0.954605,-0.590426,0.101820,0.447122
"white",7,1.648450,-0.607881,0.007197,-0.874334,-0.996036,1.109071,1.787253,0.214625,0.302275,0.218092,0.340310,0.548621
"white",7,1.648450,-0.581043,-0.332398,-1.366686,-0.232824,-0.735420,-0.648679,-0.079069,-1.153060,-0.608003,0.638423,0.349308
"white",6,1.648450,-0.581043,-0.196560,-1.859038,-0.461787,-0.847207,-1.148358,-0.485723,-1.086909,-0.238897,0.221065,0.490421
"white",7,1.648450,-0.581043,0.007197,-1.068501,0.301425,-0.455952,-0.898519,-0.327580,0.434578,-0.379508,0.280688,0.133651
"white",6,1.648450,-0.581043,0.482630,-1.141314,-0.232824,0.773709,-0.711139,0.214625,-1.351515,0.464163,-0.732895,0.020821
"white",7,1.648450,-0.554206,-0.128641,-1.470704,-0.538109,0.214772,0.163298,-0.282396,0.633033,-0.467391,-0.077047,0.740254
"white",6,1.648450,-0.554206,0.346792,-1.290406,-0.309145,0.438347,0.787896,-0.756826,1.228397,1.413293,-0.732895,0.534123
"white",6,1.648450,-0.527369,-0.128641,-1.865972,-0.003860,-1.070782,-1.648036,-0.869785,-1.153060,-0.344355,-0.613650,0.263680
"white",6,1.648450,-0.527369,0.143035,-1.983859,-0.461787,0.661921,-1.210818,-0.960152,-1.086909,0.077480,-0.375160,0.538850
"white",5,1.648450,-0.500532,0.007197,-0.139273,-0.385466,-1.350250,-0.523760,2.134935,-1.285363,-0.625579,-0.196292,0.203778
"white",7,1.648450,-0.473695,-0.128641,-1.585124,-1.148679,-0.008803,1.599874,-0.734234,-0.094635,-0.168591,-0.494405,0.613606
"white",6,1.648450,-0.446857,0.210954,-1.123977,-0.080181,0.606028,0.600517,-0.576091,0.169971,1.255104,-0.792517,0.511625
"white",6,1.648450,-0.420020,1.161820,-1.082370,0.377746,-0.400058,-0.398840,-0.734234,-0.756151,-0.502544,-0.434782,0.027736
"white",6,1.648450,-0.393183,0.075116,-1.692609,-0.919715,0.047091,0.600517,-0.666458,-0.756151,0.218092,-0.255915,0.623203
"white",6,1.648450,-0.366346,-0.264479,-1.852103,-0.843394,-0.344164,-0.523760,-0.756826,-0.623848,-0.291626,-0.494405,0.556274
"white",6,1.648450,-0.366346,-0.196560,-1.498442,-0.232824,0.158878,-0.398840,-0.192029,-1.483818,-0.010402,-0.494405,0.611079
"white",6,1.648450,0.519281,-0.196560,-1.089305,0.759352,-0.623633,-1.710496,0.033890,-0.954605,-0.397085,-0.017425,0.046617
"white",7,1.732646,-0.983601,-0.875749,-1.637133,-0.919715,-0.344164,0.600517,-0.756826,-0.425393,-0.080708,-0.434782,0.741429
"white",3,1.732646,-0.929927,0.550549,-1.047697,-0.232824,-1.406144,0.538057,-0.101661,-1.086909,-1.680168,0.280688,0.194402
"white",6,1.732646,-0.903090,0.007197,-0.659363,-0.385466,-0.567739,0.725436,0.892382,-1.219212,-0.098285,-0.613650,0.387559
"white",7,1.732646,-0.876252,-0.332398,-1.810496,-0.843394,-0.958995,-0.086541,-0.756826,-0.160786,-0.678309,-0.315537,0.318721
"white",8,1.732646,-0.876252,-0.264479,-1.592058,-0.309145,1.891582,1.412494,-0.711642,0.434578,-0.151014,0.161443,0.734103
"white",7,1.732646,-0.876252,0.822225,-0.978352,1.217280,-1.182569,-1.648036,0.293697,-0.888454,-0.484967,-0.077047,0.501649
"white",8,1.732646,-0.849415,0.346792,-1.283472,-0.080181,0.047091,-1.023438,0.101666,-1.351515,-0.168591,-0.494405,0.095349
"white",7,1.732646,-0.795741,-0.332398,-0.995688,-0.156502,0.382453,-0.461300,0.463136,0.434578,0.130210,-0.136670,0.515343
"white",8,1.732646,-0.795741,-0.060722,-1.446433,-0.461787,0.494240,0.100838,-0.259804,0.434578,-0.326779,-0.315537,0.228327
"white",7,1.732646,-0.768904,-0.128641,-0.999156,-0.309145,0.158878,-0.586220,0.666463,0.633033,0.130210,-0.196292,0.107996
"white",7,1.732646,-0.742067,-0.128641,-1.356284,-0.309145,-0.847207,0.662977,-0.395356,0.633033,-0.608003,-0.136670,0.211006
"white",7,1.732646,-0.715229,-0.060722,-1.567787,-0.385466,0.606028,0.413137,-0.711642,0.566881,-0.186167,0.578800,0.120459
"white",8,1.732646,-0.715229,-0.060722,-1.477638,-0.538109,0.326559,-0.024081,-0.327580,0.566881,-0.397085,-0.494405,0.540431
"white",7,1.732646,-0.661555,-0.332398,-1.768889,-0.767072,-0.958995,-2.022795,-0.417947,1.029942,-0.731038,0.101820,0.476113
"white",6,1.732646,-0.607881,-0.671992,-1.637133,-0.843394,0.102985,0.850356,-0.734234,-0.623848,0.024751,-0.375160,0.024655
"white",6,1.732646,-0.607881,-0.264479,-2.046270,-0.919715,0.941390,-0.024081,-0.892377,-1.020757,-0.432238,-0.732895,0.210660
"white",7,1.732646,-0.607881,0.075116,-1.602460,-0.232824,0.997283,0.163298,-0.734234,-0.822302,0.376280,-0.792517,0.466453
"white",8,1.732646,-0.607881,0.278873,-1.567787,-0.156502,-0.455952,-0.211461,-0.508315,-1.020757,-0.045555,-0.613650,0.513943
"white",8,1.732646,-0.607881,0.482630,-1.221061,0.454067,1.779795,-0.836059,-0.734234,1.426852,1.149645,-0.792517,0.451974
"white",6,1.732646,-0.581043,-0.264479,-1.709945,-0.996036,-0.791314,0.225758,-0.417947,-0.756151,0.042327,-0.315537,0.748390
"white",7,1.732646,-0.581043,-0.264479,-1.401359,-0.309145,0.661921,-0.648679,-0.011294,-1.020757,0.200515,-0.554027,0.536541
"white",6,1.732646,-0.581043,-0.060722,-0.943679,-0.309145,0.158878,0.100838,0.282401,0.831487,0.973881,-0.732895,0.418381
"white",6,1.732646,-0.581043,0.278873,-1.221061,-0.843394,0.326559,0.538057,-0.079069,0.566881,0.024751,0.161443,0.404048
"white",6,1.732646,-0.554206,-0.196560,-2.035868,-1.072357,-0.288271,0.100838,-0.847193,-1.219212,-0.818920,-0.732895,0.583555
"white",7,1.732646,-0.554206,0.686387,-2.015065,-1.072357,-0.623633,-0.773599,-0.892377,-0.491544,-0.027979,-0.255915,0.610117
"white",6,1.732646,-0.527369,0.007197,-1.990794,-1.377642,-1.126676,-1.148358,-0.576091,0.302275,-1.117721,-1.150252,0.532185
"white",6,1.732646,-0.500532,-0.468236,-0.881269,-0.461787,-0.791314,0.850356,-0.056477,1.162245,0.112633,-0.017425,0.035053
"white",8,1.732646,-0.500532,-0.332398,-1.477638,-0.538109,0.382453,-0.149001,-0.237212,0.434578,-0.309203,-0.255915,0.675808
"white",6,1.732646,-0.500532,-0.128641,-0.860465,-0.461787,-0.567739,0.850356,0.056482,1.294548,0.182939,0.340310,0.551274
"white",7,1.732646,-0.500532,1.161820,-1.151715,0.072461,0.773709,0.600517,-0.734234,-0.623848,0.657504,-0.792517,0.404791
"white",6,1.732646,-0.473695,-0.739911,-0.915941,1.827850,-0.511845,-1.398197,-0.689050,3.080641,0.095057,1.860684,0.306420
"white",7,1.732646,-0.446857,-0.536154,-1.463769,-0.614430,-0.176483,-0.024081,0.304993,-0.293090,0.165362,-0.494405,0.630038
"white",7,1.732646,-0.446857,-0.264479,-1.463769,-0.614430,-0.344164,0.225758,-0.237212,0.699184,-0.590426,-0.077047,0.277885
"white",6,1.732646,-0.393183,-0.536154,-1.290406,-1.225000,-0.344164,0.413137,-0.056477,-1.086909,-0.748615,0.698045,0.451446
"white",7,1.732646,-0.366346,0.075116,-1.276537,0.072461,-0.120590,0.725436,-0.621274,-0.623848,0.182939,-0.255915,0.338147
"white",6,1.732646,-0.232160,-0.060722,-1.571255,-0.767072,-0.623633,0.600517,-0.869785,0.037668,0.182939,-0.255915,0.703242
"white",6,1.732646,1.056025,0.210954,-1.512311,1.217280,-0.455952,-1.710496,-0.734234,0.037668,-0.608003,0.280688,0.139701
"white",7,1.816843,-0.956764,0.007197,-1.949187,-0.385466,-0.455952,-0.461300,-0.824601,-0.028483,0.112633,0.817290,0.617709
"white",7,1.816843,-0.929927,0.890144,-1.103174,-0.538109,0.047091,-0.149001,0.598687,1.096094,-0.309203,-0.136670,0.607868
"white",6,1.816843,-0.903090,0.346792,-1.498442,-0.309145,-0.623633,-0.523760,-0.372764,-0.028483,-0.484967,-0.136670,0.380223
"white",6,1.816843,-0.849415,0.143035,-1.703011,-0.919715,-0.400058,0.850356,-0.847193,-1.086909,-0.063132,-0.673272,0.596038
"white",8,1.816843,-0.822578,0.278873,-0.631625,0.606710,1.109071,-0.960979,0.847198,-1.880728,0.639927,0.638423,0.373947
"white",4,1.816843,-0.822578,1.093901,-1.068501,-0.538109,-0.679526,-0.024081,0.666463,1.691458,-0.467391,-0.136670,0.310898
"white",6,1.816843,-0.795741,0.075116,-1.758487,-0.996036,0.270666,0.912816,-0.666458,-0.756151,0.411433,-0.136670,0.256436
"white",7,1.816843,-0.795741,0.075116,-1.359751,-0.538109,0.550134,0.350678,-0.259804,-0.954605,0.270821,0.161443,0.473315
"white",7,1.816843,-0.742067,0.007197,-1.859038,-0.996036,0.606028,1.162655,-0.779417,0.103820,-0.221320,0.161443,0.330275
"white",6,1.816843,-0.715229,-0.400317,-1.411760,-0.385466,-0.847207,-0.461300,0.079074,-1.020757,-0.361932,-0.613650,0.337520
"white",7,1.816843,-0.715229,-0.060722,-1.637133,-0.156502,0.606028,-0.398840,-0.530907,-1.086909,0.376280,-0.732895,0.394276
"white",7,1.816843,-0.688392,-0.128641,-1.741151,-0.843394,1.109071,1.037735,-0.666458,-0.689999,0.850845,-0.255915,0.591085
"white",8,1.816843,-0.688392,1.161820,-0.666298,0.606710,0.885496,-0.398840,0.914973,-1.748424,0.639927,0.578800,0.360772
"white",7,1.816843,-0.661555,0.482630,-1.637133,-0.080181,-1.014888,0.163298,-0.779417,-0.888454,-0.871650,-0.673272,0.710292
"white",7,1.816843,-0.634718,-0.875749,-1.429097,-0.614430,-0.120590,-0.024081,-0.417947,0.037668,0.165362,0.340310,0.615518
"white",6,1.816843,-0.634718,-0.400317,-1.162117,0.530389,-0.400058,-0.336380,-0.135549,-0.094635,-0.256473,0.578800,0.071694
"white",6,1.816843,-0.634718,-0.060722,-1.623264,-0.996036,0.829602,0.787896,-0.734234,-0.226938,0.481739,-0.792517,0.604348
"white",5,1.816843,-0.607881,-0.536154,-1.359751,-1.225000,-0.176483,0.350678,-0.079069,-1.153060,-0.660732,0.280688,0.417913
"white",6,1.816843,-0.607881,0.278873,-0.992221,1.217280,-0.623633,-1.648036,-0.666458,2.948338,0.182939,-0.077047,0.045204
"white",6,1.816843,-0.607881,0.414711,-2.035868,-0.919715,0.382453,-0.711139,-0.847193,-0.094635,-0.186167,-0.852140,0.345494
"white",7,1.816843,-0.581043,0.007197,-1.234930,-0.461787,0.494240,2.286932,-0.756826,-0.359241,-0.537697,0.340310,0.749364
"white",7,1.816843,-0.554206,0.346792,-2.077476,-1.072357,-0.623633,-0.836059,-0.869785,-0.293090,-0.713462,-0.971385,0.005553
"white",6,1.816843,-0.527369,-0.128641,-0.929810,-0.232824,-1.462038,-0.960979,1.242556,-1.417666,-1.521980,-0.255915,0.377626
"white",7,1.816843,-0.500532,0.007197,-1.186388,-0.996036,-1.182569,-0.024081,0.689055,-1.153060,-1.416521,-0.077047,0.593732
"white",6,1.816843,-0.473695,-0.264479,-1.755020,-0.614430,0.214772,-0.024081,-0.576091,-1.020757,0.393857,-0.196292,0.160860
"white",6,1.816843,-0.473695,-0.128641,-1.332013,-0.843394,0.941390,0.288218,0.282401,-1.483818,0.376280,-0.792517,0.349679
"white",6,1.816843,-0.420020,0.007197,-1.744618,-0.461787,-1.238463,-0.024081,-0.802009,-0.954605,-0.748615,-0.673272,0.438135
"white",7,1.816843,-0.393183,-0.332398,-1.734216,-0.919715,-0.623633,0.600517,-0.621274,-0.822302,0.095057,-0.196292,0.024249
"white",7,1.816843,-0.393183,0.007197,-1.734216,-0.843394,0.606028,0.538057,-0.643866,-0.623848,0.481739,-0.255915,0.381346
"white",8,1.816843,-0.366346,0.346792,-1.221061,0.072461,0.326559,1.037735,-0.892377,-0.359241,-0.027979,0.280688,0.165907
"white",7,1.816843,-0.339509,-0.332398,-1.741151,-0.919715,-0.567739,0.538057,-0.621274,-0.822302,0.042327,-0.315537,0.690414
"white",6,1.816843,-0.312672,1.161820,-1.567787,-0.003860,0.214772,-1.085898,-0.914969,-1.285363,0.446586,-0.732895,0.716406
"white",6,1.816843,-0.151648,0.278873,-1.231463,0.225104,-0.232377,0.600517,-0.553499,-0.028483,0.200515,-0.077047,0.261273
"white",6,1.816843,-0.097974,-0.400317,-1.630198,-0.919715,1.500326,-0.024081,-0.440539,-0.954605,0.235668,0.578800,0.474249
"white",8,1.816843,0.063049,-0.264479,-1.442966,-0.690751,-0.120590,0.100838,-0.079069,0.169971,-0.590426,-0.315537,0.150212
"white",6,1.816843,0.250909,0.346792,-1.692609,0.225104,-0.064696,-0.523760,-0.576091,-0.756151,-0.449814,0.042198,0.186908
"white",6,1.816843,0.250909,0.958063,-1.359751,-0.080181,-0.064696,-0.648679,-0.802009,0.037668,0.323551,-0.255915,0.139862
"white",6,1.858941,-0.822578,-0.128641,-1.696076,-1.072357,0.326559,0.225758,-0.259804,0.302275,-0.168591,-0.375160,0.371192
"white",7,1.901039,-0.929927,-0.128641,-2.021999,-1.301321,-0.567739,0.725436,-0.892377,-1.020757,-0.080708,-0.315537,0.309568
"white",7,1.901039,-0.929927,0.143035,-1.862505,-1.225000,0.214772,-0.024081,-0.598682,-1.020757,-0.309203,0.459555,0.674440
"white",7,1.901039,-0.903090,-0.536154,-0.957548,-0.003860,-0.623633,-0.523760,0.440544,-0.293090,0.270821,-0.494405,0.393572
"white",7,1.901039,-0.849415,-0.196560,-1.006090,-0.156502,0.270666,-0.461300,0.576095,0.765336,0.165362,-0.136670,0.429495
"white",7,1.901039,-0.822578,-0.128641,-0.246759,-0.461787,-1.070782,-0.586220,1.411995,0.103820,-0.660732,-0.613650,0.149565
"white",7,1.901039,-0.795741,0.346792,-1.779291,-0.385466,0.661921,0.100838,-0.847193,-1.086909,0.182939,-0.971385,0.248256
"white",7,1.901039,-0.742067,-0.264479,-1.380555,-0.461787,-1.014888,-0.211461,0.237217,-1.748424,-0.379508,0.101820,0.253692
"white",7,1.901039,-0.742067,0.075116,-1.498442,-0.003860,-0.064696,-0.461300,-0.824601,-0.160786,-0.098285,-0.136670,0.604770
"white",8,1.901039,-0.742067,1.093901,-1.845169,-0.767072,-0.064696,0.662977,-0.869785,-0.954605,-0.695885,1.890496,0.716780
"white",7,1.901039,-0.715229,-0.264479,-1.484573,-0.614430,-0.064696,-0.836059,-0.033885,0.302275,-0.291626,-0.554027,0.436407
"white",7,1.901039,-0.715229,-0.196560,-1.186388,0.759352,0.047091,-1.398197,-0.214620,-1.417666,-0.256473,0.459555,0.115008
"white",8,1.901039,-0.715229,0.482630,-1.900645,-2.140855,0.047091,1.474954,-0.169437,-1.153060,0.218092,-0.136670,0.740500
"white",7,1.901039,-0.688392,0.143035,-1.706478,-1.072357,0.550134,1.037735,-0.237212,-0.954605,-0.274050,-0.375160,0.682871
"white",7,1.901039,-0.634718,0.007197,-1.151715,0.530389,0.550134,-0.273921,-0.214620,-0.623848,0.411433,0.698045,0.487119
"white",6,1.901039,-0.634718,2.859794,-1.221061,0.454067,0.158878,0.413137,-0.734234,-0.094635,0.727810,-0.255915,0.182305
"white",7,1.901039,-0.607881,0.482630,-0.978352,0.606710,-0.455952,0.413137,-0.259804,0.897639,0.130210,1.353893,0.332411
"white",6,1.901039,-0.581043,-0.604073,-1.512311,-0.996036,-0.567739,1.474954,-0.011294,-0.359241,0.235668,1.830873,0.480357
"white",7,1.901039,-0.554206,-0.060722,-1.782758,-0.767072,0.382453,0.288218,-0.553499,-0.028483,-0.397085,0.042198,0.484806
"white",6,1.901039,-0.554206,0.822225,-1.117043,0.301425,-1.126676,-1.335737,-0.711642,1.096094,0.077480,-0.792517,0.728360
"white",7,1.901039,-0.527369,-0.196560,-1.741151,-0.690751,0.102985,-0.336380,-0.395356,-1.153060,0.446586,-0.315537,0.172808
"white",8,1.901039,-0.527369,0.143035,-1.616329,-1.072357,-0.344164,0.850356,-0.643866,-1.351515,0.182939,-0.375160,0.056988
"white",7,1.901039,-0.500532,-0.128641,-2.028934,-0.385466,-0.008803,-0.836059,-0.598682,-1.153060,-0.555273,-0.196292,0.694663
"white",6,1.901039,-0.473695,-0.332398,-1.709945,-0.767072,-0.008803,-0.648679,-0.485723,-1.086909,0.147786,-0.613650,0.157603
"white",8,1.901039,-0.446857,0.143035,-1.030361,0.225104,0.214772,-0.523760,-0.169437,-0.557696,-0.115861,0.459555,0.105846
"white",7,1.901039,-0.446857,1.093901,-1.186388,0.377746,-0.120590,-0.149001,-0.621274,-0.094635,-0.010402,-0.136670,0.146807
"white",7,1.901039,-0.420020,-0.196560,-1.761954,-0.919715,0.382453,-0.024081,-0.440539,-0.954605,0.516892,-0.494405,0.646739
"white",6,1.901039,-0.339509,0.686387,-1.082370,0.301425,-1.350250,-1.148358,-0.802009,1.360700,-0.010402,-0.911762,0.385587
"white",7,1.901039,-0.339509,1.161820,-1.151715,0.301425,-0.176483,-0.898519,-0.248508,0.897639,0.288398,-0.196292,0.340115
"white",8,1.901039,-0.258997,0.550549,-1.567787,-0.309145,0.214772,-0.586220,-0.734234,-0.293090,-0.168591,-0.613650,0.065481
"white",6,1.901039,0.143561,-0.400317,-1.657936,0.759352,-0.232377,-0.773599,-0.666458,-0.425393,-0.484967,-0.136670,0.421432
"white",5,1.901039,0.626630,0.754306,-1.394424,0.072461,-0.511845,-0.211461,-0.756826,-0.756151,0.147786,-0.375160,0.067673
"white",6,1.901039,1.029188,0.007197,-1.727282,-0.461787,-0.958995,-0.773599,-0.463131,0.633033,-0.695885,0.578800,0.666366
"white",5,1.901039,1.700118,0.890144,0.637394,-0.996036,1.388539,-0.773599,3.964877,-1.219212,0.130210,-0.732895,0.657247
"white",7,1.979622,-0.581043,-0.536154,-1.533115,-0.385466,0.158878,-0.648679,0.079074,-0.623848,0.007174,0.399933,0.130386
"white",6,1.985236,-0.903090,0.958063,-2.035868,-0.538109,-1.350250,-0.461300,-0.914969,0.037668,-0.608003,-0.017425,0.187888
"white",7,1.985236,-0.849415,-0.196560,-1.321611,-0.309145,-0.064696,-1.210818,0.259809,-1.417666,-0.344355,-0.255915,0.620898
"white",8,1.985236,-0.742067,-0.400317,-0.520673,-0.461787,0.102985,0.288218,1.411995,1.625306,-0.080708,0.936535,0.385306
"white",6,1.985236,-0.742067,-0.196560,-1.761954,0.606710,1.220858,-1.210818,-0.598682,-1.351515,0.077480,-1.031007,0.317644
"white",7,1.985236,-0.715229,-0.400317,-1.290406,-0.767072,0.494240,-0.898519,1.050525,0.169971,-0.221320,-0.852140,0.163844
"white",6,1.985236,-0.715229,-0.332398,-1.942252,-1.225000,0.047091,0.787896,-0.756826,-1.086909,-0.203744,-0.971385,0.122202
"white",7,1.985236,-0.715229,-0.128641,-1.942252,-0.996036,0.438347,1.162655,-0.689050,-0.822302,0.481739,-0.255915,0.564081
"white",7,1.985236,-0.715229,-0.060722,-1.942252,-0.996036,0.438347,1.100195,-0.689050,-0.822302,0.481739,-0.017425,0.090477
"white",7,1.985236,-0.688392,0.482630,-2.136419,-0.996036,0.941390,-0.898519,-0.824601,0.699184,0.569622,-0.375160,0.139738
"white",7,1.985236,-0.661555,-0.264479,-1.952654,-0.996036,0.326559,-0.898519,-0.847193,0.699184,-0.344355,-0.613650,0.280352
"white",7,1.985236,-0.661555,0.007197,-0.915941,-0.385466,-0.064696,-0.586220,0.892382,0.765336,-0.027979,0.042198,0.300139
"white",7,1.985236,-0.661555,0.550549,-1.325079,0.835674,0.270666,-1.273278,-0.779417,0.434578,-0.080708,-0.792517,0.144166
"white",9,1.985236,-0.661555,1.161820,-1.463769,-0.080181,0.047091,0.912816,-0.643866,-0.756151,-0.027979,-0.494405,0.250643
"white",6,1.985236,-0.607881,0.414711,-0.229422,-0.461787,-1.238463,-0.773599,1.739577,0.236123,-0.713462,-0.613650,0.230265
"white",6,1.985236,-0.581043,-0.128641,-1.914514,-1.072357,-0.232377,0.600517,-0.643866,-0.425393,0.253245,0.459555,0.247859
"white",6,1.985236,-0.500532,0.550549,-1.359751,0.377746,-0.120590,-0.273921,-0.689050,-1.417666,0.657504,0.221065,0.206720
"white",6,1.985236,-0.446857,0.143035,-1.567787,-0.309145,0.438347,0.100838,-0.689050,-0.557696,-0.063132,-1.031007,0.450357
"white",6,1.985236,-0.446857,0.143035,-1.567787,-0.309145,0.606028,0.163298,-0.711642,-0.557696,-0.115861,-0.911762,0.389354
"white",7,1.985236,-0.393183,0.007197,-0.971417,-0.690751,-0.679526,0.350678,0.847198,-1.351515,-0.151014,0.519178,0.098020
"white",8,1.985236,-0.339509,0.075116,-1.928383,-1.225000,-0.511845,-0.336380,-0.485723,-1.417666,-0.731038,-1.329120,0.141987
"white",7,1.985236,-0.232160,-0.196560,-1.720347,-0.690751,0.158878,-0.024081,-0.666458,-0.491544,0.481739,-0.255915,0.668720
"white",5,1.985236,1.217048,1.433496,-1.564320,1.369922,-0.623633,-1.835416,-0.666458,0.236123,-0.678309,0.221065,0.556640
"white",8,2.069432,-0.956764,-0.400317,-1.848636,-1.301321,0.047091,2.037092,-0.643866,-0.293090,0.077480,-0.017425,0.311898
"white",7,2.069432,-0.956764,-0.196560,-1.477638,0.225104,0.438347,-0.898519,-0.033885,-0.359241,-0.027979,0.221065,0.498558
"white",6,2.069432,-0.956764,1.433496,-1.805295,-0.690751,0.606028,-0.211461,-0.734234,-1.483818,-0.238897,-0.554027,0.443485
"white",7,2.069432,-0.903090,-0.671992,-1.817431,-0.767072,-1.406144,-1.148358,-0.711642,1.691458,-1.029838,0.399933,0.107302
"white",7,2.069432,-0.795741,-0.807830,-1.963056,-1.530285,-0.176483,2.099552,-0.598682,-0.557696,0.042327,-0.196292,0.016337
"white",7,2.069432,-0.768904,0.278873,-0.700971,0.683031,-0.064696,-1.335737,0.711647,-1.285363,0.481739,-0.196292,0.474891
"white",6,2.069432,-0.715229,-0.468236,-1.165584,-0.232824,-0.679526,-0.836059,0.553503,-1.020757,0.042327,-0.434782,0.538795
"white",5,2.069432,-0.715229,0.007197,-1.834767,-0.690751,-0.344164,-0.086541,-0.802009,-0.756151,-0.238897,-0.136670,0.138201
"white",7,2.069432,-0.715229,0.075116,-2.018532,-1.682927,1.332645,0.850356,-0.304988,-1.549970,1.026610,-0.255915,0.011765
"white",6,2.069432,-0.715229,0.550549,-1.824365,-0.843394,-0.623633,-0.211461,-0.869785,2.816035,-0.537697,-1.150252,0.385815
"white",6,2.069432,-0.715229,1.161820,-1.824365,-0.385466,-0.120590,-0.586220,-0.485723,-0.888454,0.130210,0.817290,0.489341
"white",7,2.069432,-0.661555,-0.332398,-1.262668,-0.003860,0.550134,-0.336380,0.169441,-0.028483,0.059904,1.413515,0.218271
"white",8,2.069432,-0.661555,-0.196560,-1.952654,0.072461,-0.232377,-1.648036,-0.734234,-1.219212,-0.713462,0.399933,0.372773
"white",6,2.069432,-0.661555,0.278873,-0.482533,0.911995,-0.511845,-1.710496,1.366811,-0.954605,0.305974,0.101820,0.719924
"white",7,2.069432,-0.661555,0.482630,-1.872907,-0.385466,-0.903101,0.538057,-0.914969,-1.020757,-0.766191,-0.911762,0.164950
"white",6,2.069432,-0.607881,-0.739911,-1.512311,-0.385466,-1.014888,0.225758,-0.237212,0.037668,-0.467391,0.698045,0.035456
"white",7,2.069432,-0.607881,-0.196560,-1.373620,-0.385466,-0.064696,0.413137,-0.067773,-0.491544,0.341127,0.757668,0.041594
"white",7,2.069432,-0.581043,-0.400317,-1.460302,-0.843394,-0.903101,-1.023438,0.700351,-1.748424,-0.467391,0.101820,0.103298
"white",7,2.069432,-0.554206,-0.671992,-1.498442,-0.538109,0.270666,0.225758,-0.214620,0.103820,0.288398,0.936535,0.571691
"white",8,2.069432,-0.500532,0.143035,-1.768889,-1.530285,-0.679526,2.099552,-0.802009,-0.359241,-0.326779,-0.255915,0.627351
"white",7,2.069432,-0.312672,-0.400317,-1.734216,-0.461787,-0.623633,0.100838,-0.530907,-0.359241,0.253245,0.042198,0.291877
"white",7,2.111530,-0.876252,0.007197,-2.181494,-1.225000,-0.064696,-0.149001,-0.869785,-0.491544,-0.309203,-0.732895,0.501906
"white",6,2.153628,-0.876252,-1.487020,-2.205765,-2.140855,0.047091,1.599874,-0.508315,-1.285363,-0.063132,0.698045,0.038713
"white",6,2.153628,-0.849415,0.346792,-2.105214,-1.225000,-1.070782,0.413137,-0.937561,-1.351515,-1.152874,-0.434782,0.720242
"white",7,2.153628,-0.822578,0.007197,-1.845169,-0.767072,0.494240,0.538057,-0.327580,-1.086909,0.411433,-0.315537,0.064893
"white",6,2.153628,-0.795741,-0.400317,-0.735643,-0.614430,-0.567739,-0.024081,1.027933,1.294548,-0.186167,1.234648,0.470360
"white",6,2.153628,-0.688392,0.414711,-1.033828,-0.538109,1.332645,-1.210818,0.621279,-0.756151,1.782399,-0.375160,0.218605
"white",6,2.153628,-0.661555,-0.468236,-1.609395,-0.614430,-0.847207,0.225758,-0.192029,-0.094635,-0.414661,0.340310,0.173323
"white",7,2.153628,-0.634718,-0.468236,-1.685675,-1.148679,1.053177,0.225758,-0.033885,0.302275,-0.027979,0.280688,0.457007
"white",7,2.153628,-0.607881,-0.332398,-1.671805,-0.080181,-0.120590,0.225758,-0.440539,-1.020757,0.341127,0.042198,0.462967
"white",6,2.153628,-0.581043,6.187824,-1.505377,0.301425,1.164964,-1.210818,-0.101661,-0.689999,3.153364,-0.554027,0.059124
"white",7,2.153628,-0.554206,-0.128641,-1.838234,-0.843394,-0.008803,0.538057,-0.463131,-0.888454,0.165362,-0.077047,0.642370
"white",7,2.153628,-0.473695,-0.264479,-1.692609,-0.996036,0.214772,-0.024081,-0.079069,0.236123,-0.361932,-0.136670,0.028979
"white",7,2.153628,-0.473695,0.414711,-1.696076,-1.072357,-0.455952,0.038378,-0.033885,0.302275,-0.502544,-0.255915,0.745114
"white",6,2.237825,-1.117787,-0.468236,-1.696076,-0.156502,-0.903101,-2.522474,0.146850,0.368426,-0.731038,0.101820,0.181139
"white",7,2.237825,-1.090950,-0.400317,-1.737684,0.072461,-0.232377,-2.397554,0.090370,0.037668,-0.432238,0.340310,0.503445
"white",7,2.237825,-0.795741,-0.060722,-1.692609,-1.225000,-1.070782,1.474954,-0.530907,-0.888454,-0.256473,-0.911762,0.618730
"white",7,2.237825,-0.768904,-0.264479,-1.713413,0.225104,0.885496,-0.149001,-0.237212,-0.226938,-0.256473,-0.017425,0.383524
"white",6,2.237825,-0.768904,0.346792,-1.221061,0.072461,-0.735420,0.038378,-0.101661,-0.689999,-0.010402,0.519178,0.442032
"white",6,2.237825,-0.634718,-0.468236,-2.282044,-0.919715,-0.008803,-0.898519,-0.824601,-0.689999,-0.010402,-0.315537,0.379896
"white",7,2.237825,-0.607881,-0.536154,-1.976925,-0.232824,1.053177,-1.523117,-0.666458,-0.689999,0.112633,-0.375160,0.438574
"white",8,2.237825,-0.554206,-1.079506,-2.067074,-1.377642,0.214772,-0.149001,-0.530907,-0.028483,0.235668,1.115403,0.084730
"white",6,2.237825,-0.366346,-0.264479,-1.831300,-0.461787,-0.735420,-0.086541,-0.508315,-0.425393,-0.836497,0.221065,0.349002
"white",7,2.322021,-0.849415,-0.128641,-2.254306,-0.919715,-0.679526,-0.960979,-0.847193,0.699184,-0.045555,-0.136670,0.593042
"white",7,2.322021,-0.634718,0.686387,-0.943679,0.683031,0.326559,-1.523117,0.350176,-0.954605,0.464163,0.519178,0.533492
"white",7,2.322021,-0.554206,0.007197,-1.789693,-0.767072,0.773709,-0.149001,-0.237212,-0.226938,-0.397085,0.101820,0.212388
"white",7,2.322021,-0.420020,0.550549,-1.859038,-0.461787,0.270666,-0.711139,-0.542203,-0.954605,-0.502544,-0.077047,0.214752
"white",7,2.322021,-0.339509,0.143035,-1.751553,-0.003860,1.723901,0.163298,-0.689050,-0.028483,0.991457,-0.077047,0.672146
"white",5,2.406218,-1.090950,0.618468,-1.997729,-0.232824,-1.350250,-0.398840,-0.824601,-0.888454,-1.047415,-0.375160,0.575463
"white",7,2.406218,-0.983601,0.278873,-1.061566,-0.385466,-0.567739,-0.211461,0.790718,-2.079182,-0.502544,-0.792517,0.467165
"white",8,2.406218,-0.822578,-1.147425,-1.730749,-1.377642,-0.064696,1.037735,-0.666458,1.559155,0.270821,0.698045,0.116153
"white",8,2.406218,-0.661555,-0.536154,-1.796627,-0.767072,-0.623633,-1.148358,0.237217,-1.814576,-0.502544,0.161443,0.052566
"white",8,2.406218,-0.634718,-0.332398,-1.761954,-1.377642,-0.567739,-0.024081,0.304993,-1.748424,-0.221320,0.638423,0.243760
"white",7,2.406218,-0.554206,-0.943668,-1.744618,-1.530285,-0.400058,0.850356,-0.689050,1.559155,0.253245,0.936535,0.303947
"white",6,2.406218,-0.554206,-0.468236,-1.654469,-0.080181,0.717815,-0.086541,-0.508315,-0.425393,0.305974,0.519178,0.637061
"white",6,2.406218,-0.500532,-0.807830,-1.678740,-0.080181,-0.120590,0.038378,-0.508315,-0.425393,-0.098285,0.459555,0.255737
"white",7,2.406218,-0.500532,2.044766,-1.071968,-0.232824,0.885496,0.038378,0.553503,-0.689999,0.305974,-0.077047,0.682809
"white",8,2.406218,-0.446857,-0.536154,-2.046270,-0.080181,-0.344164,-1.772956,-0.530907,-1.020757,-0.484967,0.638423,0.678011
"white",7,2.406218,-0.446857,-0.060722,-1.706478,-0.232824,-0.511845,-0.273921,-0.192029,-0.359241,-0.379508,-0.077047,0.063564
"white",6,2.406218,-0.258997,-0.128641,-2.053205,-0.309145,0.270666,0.100838,-0.666458,0.169971,0.569622,-0.077047,0.714207
"white",7,2.406218,-0.258997,0.075116,-1.609395,-0.309145,-0.791314,0.038378,-0.248508,-0.028483,-0.590426,0.787479,0.244577
"white",6,2.406218,0.331421,-0.196560,-1.519246,-0.385466,-0.567739,-0.024081,-0.169437,0.368426,-0.010402,1.115403,0.551573
"white",5,2.490414,-1.278810,-1.351182,-2.469277,-1.682927,1.947476,0.225758,-0.847193,-1.086909,-0.256473,1.592383,0.001942
"white",4,2.490414,-1.171462,-1.351182,-0.714840,-1.835570,-1.462038,0.600517,-0.892377,-1.153060,-1.838356,1.830873,0.385793
"white",7,2.490414,-0.768904,0.075116,-1.526180,-0.767072,-0.511845,0.850356,0.079074,-0.822302,-0.695885,-0.852140,0.599843
"white",7,2.490414,-0.634718,0.550549,-1.796627,-0.080181,-0.232377,-0.149001,-0.700346,-0.557696,0.059904,0.101820,0.091029
"white",7,2.490414,-0.607881,-0.536154,-2.209232,-1.225000,-1.126676,0.600517,-0.711642,-0.226938,-1.082568,0.399933,0.418459
"white",7,2.490414,-0.554206,-0.264479,-1.789693,-0.080181,0.270666,-0.211461,-0.598682,-0.623848,0.007174,0.101820,0.665770
"white",6,2.532512,-0.527369,0.075116,-2.406866,-1.301321,-0.344164,-0.461300,-0.756826,-0.954605,0.059904,1.652005,0.160348
"white",5,2.574611,-0.983601,-1.554939,-2.531688,-1.911891,-1.406144,0.475597,-0.914969,-1.285363,-1.855933,1.950118,0.155594
"white",7,2.574611,-0.742067,-0.128641,-2.462342,-1.453963,-0.288271,0.538057,-0.869785,-0.888454,-0.379508,-0.255915,0.412515
"white",6,2.574611,-0.715229,-0.604073,-0.999156,0.377746,-0.120590,-1.835416,1.299035,-0.822302,-0.344355,0.221065,0.085810
"white",7,2.574611,-0.581043,-0.400317,-2.011598,-0.919715,0.438347,-0.273921,-0.350172,-0.425393,-0.063132,0.221065,0.353897
"white",6,2.574611,-0.285834,0.210954,-2.184961,-0.767072,0.047091,-1.023438,-0.689050,-0.491544,-0.344355,0.072009,0.140694
"white",7,2.658807,-0.876252,0.007197,-1.893711,-1.072357,-0.120590,0.163298,-0.124253,-0.094635,-0.361932,-0.196292,0.389437
"white",7,2.658807,-0.715229,-0.196560,-1.869440,-0.996036,0.102985,1.162655,-0.440539,-1.351515,0.147786,-1.031007,0.429153
"white",7,2.658807,-0.473695,-1.283263,-1.325079,-1.225000,-0.735420,1.225115,-0.124253,2.419125,0.024751,0.876913,0.218774
"white",7,2.658807,-0.420020,-2.098291,-1.477638,-0.767072,-0.679526,-0.149001,-0.417947,2.683732,0.095057,2.486721,0.104775
"white",7,2.827200,-0.795741,-0.807830,-1.789693,-1.072357,-0.735420,0.850356,-0.553499,1.625306,0.147786,-0.136670,0.447356
"white",7,2.827200,-0.715229,-0.671992,-1.775823,-0.996036,-0.623633,1.162655,-0.598682,1.625306,0.358704,-0.017425,0.452249
"white",7,2.827200,-0.500532,-0.264479,-2.569828,-1.072357,0.550134,-0.773599,-0.824601,-1.616121,-0.678309,-0.613650,0.009197
"white",8,2.911397,-1.090950,-0.060722,-2.562893,-1.759248,0.494240,0.662977,-0.869785,0.368426,0.622351,-0.077047,0.218057
"white",7,2.911397,-0.849415,-0.739911,-1.775823,-1.072357,-1.014888,1.037735,-0.553499,1.691458,0.095057,-0.315537,0.269372
"white",7,2.911397,-0.554206,-0.943668,-2.448473,-1.911891,0.158878,-0.086541,-0.711642,1.956064,-0.151014,0.668234,0.370776
"white",7,2.911397,-0.554206,-0.943668,-2.448473,-1.682927,0.158878,-0.086541,-0.711642,1.956064,-0.151014,0.668234,0.409202
"white",7,2.953495,-0.420020,-2.098291,-1.255733,-1.072357,0.047091,0.225758,0.756830,1.228397,-0.186167,1.592383,0.331055
